# Blender 4.1.1
# www.blender.org
o Body.004
v 0.150000 0.050000 -0.050000
v -0.150000 0.050000 -0.050000
v -0.150000 0.050000 0.050000
v 0.150000 0.050000 0.050000
v -0.150000 -0.050000 0.050000
v 0.150000 -0.050000 0.050000
v -0.150000 -0.050000 -0.050000
v 0.150000 -0.050000 -0.050000
v 0.000000 0.050000 -0.050000
v 0.000000 0.050000 0.000000
v 0.000000 0.050000 0.050000
v 0.000000 0.000000 0.050000
v 0.000000 -0.050000 0.050000
v 0.000000 -0.050000 0.000000
v 0.000000 -0.050000 -0.050000
v 0.150000 -0.050000 0.000000
v 0.150000 0.050000 0.000000
v -0.150000 0.050000 0.000000
v -0.150000 0.000000 0.000000
v 0.150000 0.000000 -0.050000
v -0.150000 0.000000 0.050000
v -0.150000 0.000000 -0.050000
v 0.000000 0.000000 -0.050000
v 0.150000 0.000000 0.050000
v 0.150000 0.000000 0.000000
v -0.150000 -0.050000 0.000000
v -0.075000 0.050000 -0.050000
v -0.075000 0.050000 0.025000
v 0.075000 0.050000 0.050000
v -0.075000 -0.025000 0.050000
v 0.075000 -0.050000 0.050000
v -0.075000 -0.050000 -0.025000
v 0.075000 -0.050000 -0.050000
v 0.150000 -0.050000 -0.025000
v 0.150000 0.050000 0.025000
v -0.150000 0.050000 0.025000
v -0.150000 -0.025000 0.025000
v 0.150000 -0.025000 -0.050000
v -0.150000 -0.025000 0.050000
v -0.150000 -0.025000 -0.050000
v 0.075000 -0.025000 -0.050000
v 0.150000 -0.025000 0.050000
v 0.150000 -0.025000 -0.025000
v -0.150000 -0.050000 -0.025000
v 0.075000 0.050000 -0.050000
v 0.075000 0.050000 -0.025000
v -0.075000 0.050000 0.050000
v 0.075000 0.025000 0.050000
v -0.075000 -0.050000 0.050000
v 0.075000 -0.050000 0.025000
v -0.075000 -0.050000 -0.050000
v 0.150000 -0.050000 0.025000
v 0.150000 0.050000 -0.025000
v -0.150000 0.050000 -0.025000
v -0.150000 0.025000 -0.025000
v 0.150000 0.025000 -0.050000
v -0.150000 0.025000 0.050000
v -0.150000 0.025000 -0.050000
v -0.075000 0.025000 -0.050000
v 0.150000 0.025000 0.050000
v 0.150000 0.025000 0.025000
v -0.150000 -0.050000 0.025000
v -0.150000 -0.025000 0.000000
v -0.150000 0.000000 -0.025000
v -0.150000 -0.025000 -0.025000
v -0.150000 0.025000 0.000000
v -0.150000 0.000000 0.025000
v -0.150000 0.025000 0.025000
v 0.150000 -0.025000 0.000000
v 0.150000 0.000000 0.025000
v 0.150000 -0.025000 0.025000
v 0.150000 0.025000 0.000000
v 0.150000 0.000000 -0.025000
v 0.150000 0.025000 -0.025000
v 0.075000 0.000000 -0.050000
v 0.000000 0.025000 -0.050000
v 0.075000 0.025000 -0.050000
v -0.075000 0.000000 -0.050000
v 0.000000 -0.025000 -0.050000
v -0.075000 -0.025000 -0.050000
v 0.075000 -0.050000 0.000000
v 0.000000 -0.050000 -0.025000
v 0.075000 -0.050000 -0.025000
v -0.075000 -0.050000 0.000000
v 0.000000 -0.050000 0.025000
v -0.075000 -0.050000 0.025000
v 0.075000 0.000000 0.050000
v 0.000000 -0.025000 0.050000
v 0.075000 -0.025000 0.050000
v -0.075000 0.000000 0.050000
v 0.000000 0.025000 0.050000
v -0.075000 0.025000 0.050000
v 0.075000 0.050000 0.000000
v 0.000000 0.050000 0.025000
v 0.075000 0.050000 0.025000
v -0.075000 0.050000 0.000000
v 0.000000 0.050000 -0.025000
v -0.075000 0.050000 -0.025000
v -0.112500 0.050000 -0.050000
v -0.112500 0.050000 0.037500
v 0.112500 0.050000 0.050000
v -0.112500 -0.037500 0.050000
v 0.112500 -0.050000 0.050000
v -0.112500 -0.050000 -0.037500
v 0.112500 -0.050000 -0.050000
v 0.150000 -0.050000 -0.037500
v 0.150000 0.050000 0.037500
v -0.150000 0.050000 0.037500
v -0.150000 -0.037500 0.037500
v 0.150000 -0.037500 -0.050000
v -0.150000 -0.037500 0.050000
v -0.150000 -0.037500 -0.050000
v 0.112500 -0.037500 -0.050000
v 0.150000 -0.037500 0.050000
v 0.150000 -0.037500 -0.037500
v -0.150000 -0.050000 -0.037500
v 0.037500 0.050000 -0.050000
v 0.037500 0.050000 -0.012500
v -0.037500 0.050000 0.050000
v 0.037500 0.012500 0.050000
v -0.037500 -0.050000 0.050000
v 0.037500 -0.050000 0.012500
v -0.037500 -0.050000 -0.050000
v 0.150000 -0.050000 0.012500
v 0.150000 0.050000 -0.012500
v -0.150000 0.050000 -0.012500
v -0.150000 0.012500 -0.012500
v 0.150000 0.012500 -0.050000
v -0.150000 0.012500 0.050000
v -0.150000 0.012500 -0.050000
v -0.037500 0.012500 -0.050000
v 0.150000 0.012500 0.050000
v 0.150000 0.012500 0.012500
v -0.150000 -0.050000 0.012500
v -0.150000 -0.037500 0.000000
v -0.150000 0.000000 -0.037500
v -0.150000 -0.012500 -0.037500
v -0.150000 0.037500 0.000000
v -0.150000 0.000000 0.037500
v -0.150000 0.012500 0.037500
v 0.150000 -0.037500 0.000000
v 0.150000 0.000000 0.037500
v 0.150000 -0.012500 0.037500
v 0.150000 0.037500 0.000000
v 0.150000 0.000000 -0.037500
v 0.150000 0.012500 -0.037500
v 0.112500 0.000000 -0.050000
v 0.000000 0.037500 -0.050000
v 0.037500 0.037500 -0.050000
v -0.112500 0.000000 -0.050000
v 0.000000 -0.037500 -0.050000
v -0.037500 -0.037500 -0.050000
v 0.112500 -0.050000 0.000000
v 0.000000 -0.050000 -0.037500
v 0.037500 -0.050000 -0.037500
v -0.112500 -0.050000 0.000000
v 0.000000 -0.050000 0.037500
v -0.037500 -0.050000 0.037500
v 0.112500 0.000000 0.050000
v 0.000000 -0.037500 0.050000
v 0.037500 -0.037500 0.050000
v -0.112500 0.000000 0.050000
v 0.000000 0.037500 0.050000
v -0.037500 0.037500 0.050000
v 0.112500 0.050000 0.000000
v 0.000000 0.050000 0.037500
v 0.037500 0.050000 0.037500
v -0.112500 0.050000 0.000000
v 0.000000 0.050000 -0.037500
v -0.037500 0.050000 -0.037500
v -0.037500 0.050000 -0.050000
v -0.037500 0.050000 0.012500
v 0.037500 0.050000 0.050000
v -0.037500 -0.012500 0.050000
v 0.037500 -0.050000 0.050000
v -0.037500 -0.050000 -0.012500
v 0.037500 -0.050000 -0.050000
v 0.150000 -0.050000 -0.012500
v 0.150000 0.050000 0.012500
v -0.150000 0.050000 0.012500
v -0.150000 -0.012500 0.012500
v 0.150000 -0.012500 -0.050000
v -0.150000 -0.012500 0.050000
v -0.150000 -0.012500 -0.050000
v 0.037500 -0.012500 -0.050000
v 0.150000 -0.012500 0.050000
v 0.150000 -0.012500 -0.012500
v -0.150000 -0.050000 -0.012500
v 0.112500 0.050000 -0.050000
v 0.112500 0.050000 -0.037500
v -0.112500 0.050000 0.050000
v 0.112500 0.037500 0.050000
v -0.112500 -0.050000 0.050000
v 0.112500 -0.050000 0.037500
v -0.112500 -0.050000 -0.050000
v 0.150000 -0.050000 0.037500
v 0.150000 0.050000 -0.037500
v -0.150000 0.050000 -0.037500
v -0.150000 0.037500 -0.037500
v 0.150000 0.037500 -0.050000
v -0.150000 0.037500 0.050000
v -0.150000 0.037500 -0.050000
v -0.112500 0.037500 -0.050000
v 0.150000 0.037500 0.050000
v 0.150000 0.037500 0.037500
v -0.150000 -0.050000 0.037500
v -0.150000 -0.012500 0.000000
v -0.150000 0.000000 -0.012500
v -0.150000 -0.037500 -0.012500
v -0.150000 0.012500 0.000000
v -0.150000 0.000000 0.012500
v -0.150000 0.037500 0.012500
v 0.150000 -0.012500 0.000000
v 0.150000 0.000000 0.012500
v 0.150000 -0.037500 0.012500
v 0.150000 0.012500 0.000000
v 0.150000 0.000000 -0.012500
v 0.150000 0.037500 -0.012500
v 0.037500 0.000000 -0.050000
v 0.000000 0.012500 -0.050000
v 0.112500 0.012500 -0.050000
v -0.037500 0.000000 -0.050000
v 0.000000 -0.012500 -0.050000
v -0.112500 -0.012500 -0.050000
v 0.037500 -0.050000 0.000000
v 0.000000 -0.050000 -0.012500
v 0.112500 -0.050000 -0.012500
v -0.037500 -0.050000 0.000000
v 0.000000 -0.050000 0.012500
v -0.112500 -0.050000 0.012500
v 0.037500 0.000000 0.050000
v 0.000000 -0.012500 0.050000
v 0.112500 -0.012500 0.050000
v -0.037500 0.000000 0.050000
v 0.000000 0.012500 0.050000
v -0.112500 0.012500 0.050000
v 0.037500 0.050000 0.000000
v 0.000000 0.050000 0.012500
v 0.112500 0.050000 0.012500
v -0.037500 0.050000 0.000000
v 0.000000 0.050000 -0.012500
v -0.112500 0.050000 -0.012500
v -0.112500 0.050000 -0.025000
v -0.075000 0.050000 -0.037500
v -0.112500 0.050000 -0.037500
v -0.075000 0.050000 -0.012500
v -0.037500 0.050000 -0.012500
v -0.037500 0.050000 -0.025000
v -0.112500 0.050000 0.025000
v -0.075000 0.050000 0.012500
v -0.112500 0.050000 0.012500
v 0.112500 0.050000 0.025000
v 0.075000 0.050000 0.037500
v 0.112500 0.050000 0.037500
v 0.075000 0.050000 0.012500
v 0.037500 0.050000 0.012500
v 0.037500 0.050000 0.025000
v 0.112500 0.050000 -0.025000
v 0.075000 0.050000 -0.012500
v 0.112500 0.050000 -0.012500
v -0.112500 0.025000 0.050000
v -0.075000 0.037500 0.050000
v -0.112500 0.037500 0.050000
v -0.075000 0.012500 0.050000
v -0.037500 0.012500 0.050000
v -0.037500 0.025000 0.050000
v -0.112500 -0.025000 0.050000
v -0.075000 -0.012500 0.050000
v -0.112500 -0.012500 0.050000
v 0.112500 -0.025000 0.050000
v 0.075000 -0.037500 0.050000
v 0.112500 -0.037500 0.050000
v 0.075000 -0.012500 0.050000
v 0.037500 -0.012500 0.050000
v 0.037500 -0.025000 0.050000
v 0.112500 0.025000 0.050000
v 0.075000 0.012500 0.050000
v 0.112500 0.012500 0.050000
v -0.112500 -0.050000 0.025000
v -0.075000 -0.050000 0.037500
v -0.112500 -0.050000 0.037500
v -0.075000 -0.050000 0.012500
v -0.037500 -0.050000 0.012500
v -0.037500 -0.050000 0.025000
v -0.112500 -0.050000 -0.025000
v -0.075000 -0.050000 -0.012500
v -0.112500 -0.050000 -0.012500
v 0.112500 -0.050000 -0.025000
v 0.075000 -0.050000 -0.037500
v 0.112500 -0.050000 -0.037500
v 0.075000 -0.050000 -0.012500
v 0.037500 -0.050000 -0.012500
v 0.037500 -0.050000 -0.025000
v 0.112500 -0.050000 0.025000
v 0.075000 -0.050000 0.012500
v 0.112500 -0.050000 0.012500
v -0.112500 -0.025000 -0.050000
v -0.075000 -0.037500 -0.050000
v -0.112500 -0.037500 -0.050000
v -0.075000 -0.012500 -0.050000
v -0.037500 -0.012500 -0.050000
v -0.037500 -0.025000 -0.050000
v -0.112500 0.025000 -0.050000
v -0.075000 0.012500 -0.050000
v -0.112500 0.012500 -0.050000
v 0.112500 0.025000 -0.050000
v 0.075000 0.037500 -0.050000
v 0.112500 0.037500 -0.050000
v 0.075000 0.012500 -0.050000
v 0.037500 0.012500 -0.050000
v 0.037500 0.025000 -0.050000
v 0.112500 -0.025000 -0.050000
v 0.075000 -0.012500 -0.050000
v 0.112500 -0.012500 -0.050000
v 0.150000 0.037500 -0.025000
v 0.150000 0.025000 -0.037500
v 0.150000 0.037500 -0.037500
v 0.150000 0.025000 -0.012500
v 0.150000 0.012500 -0.012500
v 0.150000 0.012500 -0.025000
v 0.150000 0.037500 0.025000
v 0.150000 0.025000 0.012500
v 0.150000 0.037500 0.012500
v 0.150000 -0.037500 0.025000
v 0.150000 -0.025000 0.037500
v 0.150000 -0.037500 0.037500
v 0.150000 -0.025000 0.012500
v 0.150000 -0.012500 0.012500
v 0.150000 -0.012500 0.025000
v 0.150000 -0.037500 -0.025000
v 0.150000 -0.025000 -0.012500
v 0.150000 -0.037500 -0.012500
v -0.150000 0.037500 0.025000
v -0.150000 0.025000 0.037500
v -0.150000 0.037500 0.037500
v -0.150000 0.025000 0.012500
v -0.150000 0.012500 0.012500
v -0.150000 0.012500 0.025000
v -0.150000 0.037500 -0.025000
v -0.150000 0.025000 -0.012500
v -0.150000 0.037500 -0.012500
v -0.150000 -0.037500 -0.025000
v -0.150000 -0.025000 -0.037500
v -0.150000 -0.037500 -0.037500
v -0.150000 -0.025000 -0.012500
v -0.150000 -0.012500 -0.012500
v -0.150000 -0.012500 -0.025000
v -0.150000 -0.037500 0.025000
v -0.150000 -0.025000 0.012500
v -0.150000 -0.037500 0.012500
v -0.150000 0.012500 -0.025000
v -0.150000 0.025000 -0.037500
v -0.150000 0.012500 -0.037500
v -0.150000 -0.012500 0.025000
v -0.150000 -0.025000 0.037500
v -0.150000 -0.012500 0.037500
v 0.150000 0.012500 0.025000
v 0.150000 0.025000 0.037500
v 0.150000 0.012500 0.037500
v 0.150000 -0.012500 -0.025000
v 0.150000 -0.025000 -0.037500
v 0.150000 -0.012500 -0.037500
v -0.037500 0.025000 -0.050000
v -0.075000 0.037500 -0.050000
v -0.037500 0.037500 -0.050000
v 0.037500 -0.025000 -0.050000
v 0.075000 -0.037500 -0.050000
v 0.037500 -0.037500 -0.050000
v -0.037500 -0.050000 -0.025000
v -0.075000 -0.050000 -0.037500
v -0.037500 -0.050000 -0.037500
v 0.037500 -0.050000 0.025000
v 0.075000 -0.050000 0.037500
v 0.037500 -0.050000 0.037500
v -0.037500 -0.025000 0.050000
v -0.075000 -0.037500 0.050000
v -0.037500 -0.037500 0.050000
v 0.037500 0.025000 0.050000
v 0.075000 0.037500 0.050000
v 0.037500 0.037500 0.050000
v -0.037500 0.050000 0.025000
v -0.075000 0.050000 0.037500
v -0.037500 0.050000 0.037500
v 0.037500 0.050000 -0.025000
v 0.075000 0.050000 -0.037500
v 0.037500 0.050000 -0.037500
v -0.131250 0.050000 -0.050000
v -0.131250 0.050000 0.043750
v 0.131250 0.050000 0.050000
v -0.131250 -0.043750 0.050000
v 0.131250 -0.050000 0.050000
v -0.131250 -0.050000 -0.043750
v 0.131250 -0.050000 -0.050000
v 0.150000 -0.050000 -0.043750
v 0.150000 0.050000 0.043750
v -0.150000 0.050000 0.043750
v -0.150000 -0.043750 0.043750
v 0.150000 -0.043750 -0.050000
v -0.150000 -0.043750 0.050000
v -0.150000 -0.043750 -0.050000
v 0.131250 -0.043750 -0.050000
v 0.150000 -0.043750 0.050000
v 0.150000 -0.043750 -0.043750
v -0.150000 -0.050000 -0.043750
v 0.018750 0.050000 -0.050000
v 0.018750 0.050000 -0.006250
v -0.018750 0.050000 0.050000
v 0.018750 0.006250 0.050000
v -0.018750 -0.050000 0.050000
v 0.018750 -0.050000 0.006250
v -0.018750 -0.050000 -0.050000
v 0.150000 -0.050000 0.006250
v 0.150000 0.050000 -0.006250
v -0.150000 0.050000 -0.006250
v -0.150000 0.006250 -0.006250
v 0.150000 0.006250 -0.050000
v -0.150000 0.006250 0.050000
v -0.150000 0.006250 -0.050000
v -0.018750 0.006250 -0.050000
v 0.150000 0.006250 0.050000
v 0.150000 0.006250 0.006250
v -0.150000 -0.050000 0.006250
v -0.150000 -0.043750 0.000000
v -0.150000 0.000000 -0.043750
v -0.150000 -0.006250 -0.043750
v -0.150000 0.043750 0.000000
v -0.150000 0.000000 0.043750
v -0.150000 0.006250 0.043750
v 0.150000 -0.043750 0.000000
v 0.150000 0.000000 0.043750
v 0.150000 -0.006250 0.043750
v 0.150000 0.043750 0.000000
v 0.150000 0.000000 -0.043750
v 0.150000 0.006250 -0.043750
v 0.131250 0.000000 -0.050000
v 0.000000 0.043750 -0.050000
v 0.018750 0.043750 -0.050000
v -0.131250 0.000000 -0.050000
v 0.000000 -0.043750 -0.050000
v -0.018750 -0.043750 -0.050000
v 0.131250 -0.050000 0.000000
v 0.000000 -0.050000 -0.043750
v 0.018750 -0.050000 -0.043750
v -0.131250 -0.050000 0.000000
v 0.000000 -0.050000 0.043750
v -0.018750 -0.050000 0.043750
v 0.131250 0.000000 0.050000
v 0.000000 -0.043750 0.050000
v 0.018750 -0.043750 0.050000
v -0.131250 0.000000 0.050000
v 0.000000 0.043750 0.050000
v -0.018750 0.043750 0.050000
v 0.131250 0.050000 0.000000
v 0.000000 0.050000 0.043750
v 0.018750 0.050000 0.043750
v -0.131250 0.050000 0.000000
v 0.000000 0.050000 -0.043750
v -0.018750 0.050000 -0.043750
v -0.056250 0.050000 -0.050000
v -0.056250 0.050000 0.018750
v 0.056250 0.050000 0.050000
v -0.056250 -0.018750 0.050000
v 0.056250 -0.050000 0.050000
v -0.056250 -0.050000 -0.018750
v 0.056250 -0.050000 -0.050000
v 0.150000 -0.050000 -0.018750
v 0.150000 0.050000 0.018750
v -0.150000 0.050000 0.018750
v -0.150000 -0.018750 0.018750
v 0.150000 -0.018750 -0.050000
v -0.150000 -0.018750 0.050000
v -0.150000 -0.018750 -0.050000
v 0.056250 -0.018750 -0.050000
v 0.150000 -0.018750 0.050000
v 0.150000 -0.018750 -0.018750
v -0.150000 -0.050000 -0.018750
v 0.093750 0.050000 -0.050000
v 0.093750 0.050000 -0.031250
v -0.093750 0.050000 0.050000
v 0.093750 0.031250 0.050000
v -0.093750 -0.050000 0.050000
v 0.093750 -0.050000 0.031250
v -0.093750 -0.050000 -0.050000
v 0.150000 -0.050000 0.031250
v 0.150000 0.050000 -0.031250
v -0.150000 0.050000 -0.031250
v -0.150000 0.031250 -0.031250
v 0.150000 0.031250 -0.050000
v -0.150000 0.031250 0.050000
v -0.150000 0.031250 -0.050000
v -0.093750 0.031250 -0.050000
v 0.150000 0.031250 0.050000
v 0.150000 0.031250 0.031250
v -0.150000 -0.050000 0.031250
v -0.150000 -0.018750 0.000000
v -0.150000 0.000000 -0.018750
v -0.150000 -0.031250 -0.018750
v -0.150000 0.018750 0.000000
v -0.150000 0.000000 0.018750
v -0.150000 0.031250 0.018750
v 0.150000 -0.018750 0.000000
v 0.150000 0.000000 0.018750
v 0.150000 -0.031250 0.018750
v 0.150000 0.018750 0.000000
v 0.150000 0.000000 -0.018750
v 0.150000 0.031250 -0.018750
v 0.056250 0.000000 -0.050000
v 0.000000 0.018750 -0.050000
v 0.093750 0.018750 -0.050000
v -0.056250 0.000000 -0.050000
v 0.000000 -0.018750 -0.050000
v -0.093750 -0.018750 -0.050000
v 0.056250 -0.050000 0.000000
v 0.000000 -0.050000 -0.018750
v 0.093750 -0.050000 -0.018750
v -0.056250 -0.050000 0.000000
v 0.000000 -0.050000 0.018750
v -0.093750 -0.050000 0.018750
v 0.056250 0.000000 0.050000
v 0.000000 -0.018750 0.050000
v 0.093750 -0.018750 0.050000
v -0.056250 0.000000 0.050000
v 0.000000 0.018750 0.050000
v -0.093750 0.018750 0.050000
v 0.056250 0.050000 0.000000
v 0.000000 0.050000 0.018750
v 0.093750 0.050000 0.018750
v -0.056250 0.050000 0.000000
v 0.000000 0.050000 -0.018750
v -0.093750 0.050000 -0.018750
v -0.131250 0.050000 -0.025000
v -0.075000 0.050000 -0.043750
v -0.093750 0.050000 -0.043750
v -0.075000 0.050000 -0.018750
v -0.018750 0.050000 -0.018750
v -0.018750 0.050000 -0.025000
v -0.131250 0.050000 0.025000
v -0.075000 0.050000 0.006250
v -0.093750 0.050000 0.006250
v 0.131250 0.050000 0.025000
v 0.075000 0.050000 0.043750
v 0.093750 0.050000 0.043750
v 0.075000 0.050000 0.018750
v 0.018750 0.050000 0.018750
v 0.018750 0.050000 0.025000
v 0.131250 0.050000 -0.025000
v 0.075000 0.050000 -0.006250
v 0.093750 0.050000 -0.006250
v -0.131250 0.025000 0.050000
v -0.075000 0.043750 0.050000
v -0.093750 0.043750 0.050000
v -0.075000 0.018750 0.050000
v -0.018750 0.018750 0.050000
v -0.018750 0.025000 0.050000
v -0.131250 -0.025000 0.050000
v -0.075000 -0.006250 0.050000
v -0.093750 -0.006250 0.050000
v 0.131250 -0.025000 0.050000
v 0.075000 -0.043750 0.050000
v 0.093750 -0.043750 0.050000
v 0.075000 -0.018750 0.050000
v 0.018750 -0.018750 0.050000
v 0.018750 -0.025000 0.050000
v 0.131250 0.025000 0.050000
v 0.075000 0.006250 0.050000
v 0.093750 0.006250 0.050000
v -0.131250 -0.050000 0.025000
v -0.075000 -0.050000 0.043750
v -0.093750 -0.050000 0.043750
v -0.075000 -0.050000 0.018750
v -0.018750 -0.050000 0.018750
v -0.018750 -0.050000 0.025000
v -0.131250 -0.050000 -0.025000
v -0.075000 -0.050000 -0.006250
v -0.093750 -0.050000 -0.006250
v 0.131250 -0.050000 -0.025000
v 0.075000 -0.050000 -0.043750
v 0.093750 -0.050000 -0.043750
v 0.075000 -0.050000 -0.018750
v 0.018750 -0.050000 -0.018750
v 0.018750 -0.050000 -0.025000
v 0.131250 -0.050000 0.025000
v 0.075000 -0.050000 0.006250
v 0.093750 -0.050000 0.006250
v -0.131250 -0.025000 -0.050000
v -0.075000 -0.043750 -0.050000
v -0.093750 -0.043750 -0.050000
v -0.075000 -0.018750 -0.050000
v -0.018750 -0.018750 -0.050000
v -0.018750 -0.025000 -0.050000
v -0.131250 0.025000 -0.050000
v -0.075000 0.006250 -0.050000
v -0.093750 0.006250 -0.050000
v 0.131250 0.025000 -0.050000
v 0.075000 0.043750 -0.050000
v 0.093750 0.043750 -0.050000
v 0.075000 0.018750 -0.050000
v 0.018750 0.018750 -0.050000
v 0.018750 0.025000 -0.050000
v 0.131250 -0.025000 -0.050000
v 0.075000 -0.006250 -0.050000
v 0.093750 -0.006250 -0.050000
v 0.150000 0.043750 -0.025000
v 0.150000 0.025000 -0.043750
v 0.150000 0.031250 -0.043750
v 0.150000 0.025000 -0.018750
v 0.150000 0.006250 -0.018750
v 0.150000 0.006250 -0.025000
v 0.150000 0.043750 0.025000
v 0.150000 0.025000 0.006250
v 0.150000 0.031250 0.006250
v 0.150000 -0.043750 0.025000
v 0.150000 -0.025000 0.043750
v 0.150000 -0.031250 0.043750
v 0.150000 -0.025000 0.018750
v 0.150000 -0.006250 0.018750
v 0.150000 -0.006250 0.025000
v 0.150000 -0.043750 -0.025000
v 0.150000 -0.025000 -0.006250
v 0.150000 -0.031250 -0.006250
v -0.150000 0.043750 0.025000
v -0.150000 0.025000 0.043750
v -0.150000 0.031250 0.043750
v -0.150000 0.025000 0.018750
v -0.150000 0.006250 0.018750
v -0.150000 0.006250 0.025000
v -0.150000 0.043750 -0.025000
v -0.150000 0.025000 -0.006250
v -0.150000 0.031250 -0.006250
v -0.150000 -0.043750 -0.025000
v -0.150000 -0.025000 -0.043750
v -0.150000 -0.031250 -0.043750
v -0.150000 -0.025000 -0.018750
v -0.150000 -0.006250 -0.018750
v -0.150000 -0.006250 -0.025000
v -0.150000 -0.043750 0.025000
v -0.150000 -0.025000 0.006250
v -0.150000 -0.031250 0.006250
v -0.150000 0.006250 -0.025000
v -0.150000 0.025000 -0.043750
v -0.150000 0.018750 -0.043750
v -0.150000 -0.006250 0.025000
v -0.150000 -0.025000 0.043750
v -0.150000 -0.018750 0.043750
v 0.150000 0.006250 0.025000
v 0.150000 0.025000 0.043750
v 0.150000 0.018750 0.043750
v 0.150000 -0.006250 -0.025000
v 0.150000 -0.025000 -0.043750
v 0.150000 -0.018750 -0.043750
v -0.018750 0.025000 -0.050000
v -0.075000 0.043750 -0.050000
v -0.056250 0.043750 -0.050000
v 0.018750 -0.025000 -0.050000
v 0.075000 -0.043750 -0.050000
v 0.056250 -0.043750 -0.050000
v -0.018750 -0.050000 -0.025000
v -0.075000 -0.050000 -0.043750
v -0.056250 -0.050000 -0.043750
v 0.018750 -0.050000 0.025000
v 0.075000 -0.050000 0.043750
v 0.056250 -0.050000 0.043750
v -0.018750 -0.025000 0.050000
v -0.075000 -0.043750 0.050000
v -0.056250 -0.043750 0.050000
v 0.018750 0.025000 0.050000
v 0.075000 0.043750 0.050000
v 0.056250 0.043750 0.050000
v -0.018750 0.050000 0.025000
v -0.075000 0.050000 0.043750
v -0.056250 0.050000 0.043750
v 0.018750 0.050000 -0.025000
v 0.075000 0.050000 -0.043750
v 0.056250 0.050000 -0.043750
v -0.093750 0.050000 -0.050000
v -0.093750 0.050000 0.031250
v 0.093750 0.050000 0.050000
v -0.093750 -0.031250 0.050000
v 0.093750 -0.050000 0.050000
v -0.093750 -0.050000 -0.031250
v 0.093750 -0.050000 -0.050000
v 0.150000 -0.050000 -0.031250
v 0.150000 0.050000 0.031250
v -0.150000 0.050000 0.031250
v -0.150000 -0.031250 0.031250
v 0.150000 -0.031250 -0.050000
v -0.150000 -0.031250 0.050000
v -0.150000 -0.031250 -0.050000
v 0.093750 -0.031250 -0.050000
v 0.150000 -0.031250 0.050000
v 0.150000 -0.031250 -0.031250
v -0.150000 -0.050000 -0.031250
v 0.056250 0.050000 -0.050000
v 0.056250 0.050000 -0.018750
v -0.056250 0.050000 0.050000
v 0.056250 0.018750 0.050000
v -0.056250 -0.050000 0.050000
v 0.056250 -0.050000 0.018750
v -0.056250 -0.050000 -0.050000
v 0.150000 -0.050000 0.018750
v 0.150000 0.050000 -0.018750
v -0.150000 0.050000 -0.018750
v -0.150000 0.018750 -0.018750
v 0.150000 0.018750 -0.050000
v -0.150000 0.018750 0.050000
v -0.150000 0.018750 -0.050000
v -0.056250 0.018750 -0.050000
v 0.150000 0.018750 0.050000
v 0.150000 0.018750 0.018750
v -0.150000 -0.050000 0.018750
v -0.150000 -0.031250 0.000000
v -0.150000 0.000000 -0.031250
v -0.150000 -0.018750 -0.031250
v -0.150000 0.031250 0.000000
v -0.150000 0.000000 0.031250
v -0.150000 0.018750 0.031250
v 0.150000 -0.031250 0.000000
v 0.150000 0.000000 0.031250
v 0.150000 -0.018750 0.031250
v 0.150000 0.031250 0.000000
v 0.150000 0.000000 -0.031250
v 0.150000 0.018750 -0.031250
v 0.093750 0.000000 -0.050000
v 0.000000 0.031250 -0.050000
v 0.056250 0.031250 -0.050000
v -0.093750 0.000000 -0.050000
v 0.000000 -0.031250 -0.050000
v -0.056250 -0.031250 -0.050000
v 0.093750 -0.050000 0.000000
v 0.000000 -0.050000 -0.031250
v 0.056250 -0.050000 -0.031250
v -0.093750 -0.050000 0.000000
v 0.000000 -0.050000 0.031250
v -0.056250 -0.050000 0.031250
v 0.093750 0.000000 0.050000
v 0.000000 -0.031250 0.050000
v 0.056250 -0.031250 0.050000
v -0.093750 0.000000 0.050000
v 0.000000 0.031250 0.050000
v -0.056250 0.031250 0.050000
v 0.093750 0.050000 0.000000
v 0.000000 0.050000 0.031250
v 0.056250 0.050000 0.031250
v -0.093750 0.050000 0.000000
v 0.000000 0.050000 -0.031250
v -0.056250 0.050000 -0.031250
v -0.018750 0.050000 -0.050000
v -0.018750 0.050000 0.006250
v 0.018750 0.050000 0.050000
v -0.018750 -0.006250 0.050000
v 0.018750 -0.050000 0.050000
v -0.018750 -0.050000 -0.006250
v 0.018750 -0.050000 -0.050000
v 0.150000 -0.050000 -0.006250
v 0.150000 0.050000 0.006250
v -0.150000 0.050000 0.006250
v -0.150000 -0.006250 0.006250
v 0.150000 -0.006250 -0.050000
v -0.150000 -0.006250 0.050000
v -0.150000 -0.006250 -0.050000
v 0.018750 -0.006250 -0.050000
v 0.150000 -0.006250 0.050000
v 0.150000 -0.006250 -0.006250
v -0.150000 -0.050000 -0.006250
v 0.131250 0.050000 -0.050000
v 0.131250 0.050000 -0.043750
v -0.131250 0.050000 0.050000
v 0.131250 0.043750 0.050000
v -0.131250 -0.050000 0.050000
v 0.131250 -0.050000 0.043750
v -0.131250 -0.050000 -0.050000
v 0.150000 -0.050000 0.043750
v 0.150000 0.050000 -0.043750
v -0.150000 0.050000 -0.043750
v -0.150000 0.043750 -0.043750
v 0.150000 0.043750 -0.050000
v -0.150000 0.043750 0.050000
v -0.150000 0.043750 -0.050000
v -0.131250 0.043750 -0.050000
v 0.150000 0.043750 0.050000
v 0.150000 0.043750 0.043750
v -0.150000 -0.050000 0.043750
v -0.150000 -0.006250 0.000000
v -0.150000 0.000000 -0.006250
v -0.150000 -0.043750 -0.006250
v -0.150000 0.006250 0.000000
v -0.150000 0.000000 0.006250
v -0.150000 0.043750 0.006250
v 0.150000 -0.006250 0.000000
v 0.150000 0.000000 0.006250
v 0.150000 -0.043750 0.006250
v 0.150000 0.006250 0.000000
v 0.150000 0.000000 -0.006250
v 0.150000 0.043750 -0.006250
v 0.018750 0.000000 -0.050000
v 0.000000 0.006250 -0.050000
v 0.131250 0.006250 -0.050000
v -0.018750 0.000000 -0.050000
v 0.000000 -0.006250 -0.050000
v -0.131250 -0.006250 -0.050000
v 0.018750 -0.050000 0.000000
v 0.000000 -0.050000 -0.006250
v 0.131250 -0.050000 -0.006250
v -0.018750 -0.050000 0.000000
v 0.000000 -0.050000 0.006250
v -0.131250 -0.050000 0.006250
v 0.018750 0.000000 0.050000
v 0.000000 -0.006250 0.050000
v 0.131250 -0.006250 0.050000
v -0.018750 0.000000 0.050000
v 0.000000 0.006250 0.050000
v -0.131250 0.006250 0.050000
v 0.018750 0.050000 0.000000
v 0.000000 0.050000 0.006250
v 0.131250 0.050000 0.006250
v -0.018750 0.050000 0.000000
v 0.000000 0.050000 -0.006250
v -0.131250 0.050000 -0.006250
v -0.093750 0.050000 -0.025000
v -0.075000 0.050000 -0.031250
v -0.131250 0.050000 -0.031250
v -0.075000 0.050000 -0.006250
v -0.056250 0.050000 -0.006250
v -0.056250 0.050000 -0.025000
v -0.093750 0.050000 0.025000
v -0.075000 0.050000 0.018750
v -0.131250 0.050000 0.018750
v 0.093750 0.050000 0.025000
v 0.075000 0.050000 0.031250
v 0.131250 0.050000 0.031250
v 0.075000 0.050000 0.006250
v 0.056250 0.050000 0.006250
v 0.056250 0.050000 0.025000
v 0.093750 0.050000 -0.025000
v 0.075000 0.050000 -0.018750
v 0.131250 0.050000 -0.018750
v -0.093750 0.025000 0.050000
v -0.075000 0.031250 0.050000
v -0.131250 0.031250 0.050000
v -0.075000 0.006250 0.050000
v -0.056250 0.006250 0.050000
v -0.056250 0.025000 0.050000
v -0.093750 -0.025000 0.050000
v -0.075000 -0.018750 0.050000
v -0.131250 -0.018750 0.050000
v 0.093750 -0.025000 0.050000
v 0.075000 -0.031250 0.050000
v 0.131250 -0.031250 0.050000
v 0.075000 -0.006250 0.050000
v 0.056250 -0.006250 0.050000
v 0.056250 -0.025000 0.050000
v 0.093750 0.025000 0.050000
v 0.075000 0.018750 0.050000
v 0.131250 0.018750 0.050000
v -0.093750 -0.050000 0.025000
v -0.075000 -0.050000 0.031250
v -0.131250 -0.050000 0.031250
v -0.075000 -0.050000 0.006250
v -0.056250 -0.050000 0.006250
v -0.056250 -0.050000 0.025000
v -0.093750 -0.050000 -0.025000
v -0.075000 -0.050000 -0.018750
v -0.131250 -0.050000 -0.018750
v 0.093750 -0.050000 -0.025000
v 0.075000 -0.050000 -0.031250
v 0.131250 -0.050000 -0.031250
v 0.075000 -0.050000 -0.006250
v 0.056250 -0.050000 -0.006250
v 0.056250 -0.050000 -0.025000
v 0.093750 -0.050000 0.025000
v 0.075000 -0.050000 0.018750
v 0.131250 -0.050000 0.018750
v -0.093750 -0.025000 -0.050000
v -0.075000 -0.031250 -0.050000
v -0.131250 -0.031250 -0.050000
v -0.075000 -0.006250 -0.050000
v -0.056250 -0.006250 -0.050000
v -0.056250 -0.025000 -0.050000
v -0.093750 0.025000 -0.050000
v -0.075000 0.018750 -0.050000
v -0.131250 0.018750 -0.050000
v 0.093750 0.025000 -0.050000
v 0.075000 0.031250 -0.050000
v 0.131250 0.031250 -0.050000
v 0.075000 0.006250 -0.050000
v 0.056250 0.006250 -0.050000
v 0.056250 0.025000 -0.050000
v 0.093750 -0.025000 -0.050000
v 0.075000 -0.018750 -0.050000
v 0.131250 -0.018750 -0.050000
v 0.150000 0.031250 -0.025000
v 0.150000 0.025000 -0.031250
v 0.150000 0.043750 -0.031250
v 0.150000 0.025000 -0.006250
v 0.150000 0.018750 -0.006250
v 0.150000 0.018750 -0.025000
v 0.150000 0.031250 0.025000
v 0.150000 0.025000 0.018750
v 0.150000 0.043750 0.018750
v 0.150000 -0.031250 0.025000
v 0.150000 -0.025000 0.031250
v 0.150000 -0.043750 0.031250
v 0.150000 -0.025000 0.006250
v 0.150000 -0.018750 0.006250
v 0.150000 -0.018750 0.025000
v 0.150000 -0.031250 -0.025000
v 0.150000 -0.025000 -0.018750
v 0.150000 -0.043750 -0.018750
v -0.150000 0.031250 0.025000
v -0.150000 0.025000 0.031250
v -0.150000 0.043750 0.031250
v -0.150000 0.025000 0.006250
v -0.150000 0.018750 0.006250
v -0.150000 0.018750 0.025000
v -0.150000 0.031250 -0.025000
v -0.150000 0.025000 -0.018750
v -0.150000 0.043750 -0.018750
v -0.150000 -0.031250 -0.025000
v -0.150000 -0.025000 -0.031250
v -0.150000 -0.043750 -0.031250
v -0.150000 -0.025000 -0.006250
v -0.150000 -0.018750 -0.006250
v -0.150000 -0.018750 -0.025000
v -0.150000 -0.031250 0.025000
v -0.150000 -0.025000 0.018750
v -0.150000 -0.043750 0.018750
v -0.150000 0.018750 -0.025000
v -0.150000 0.025000 -0.031250
v -0.150000 0.006250 -0.031250
v -0.150000 -0.018750 0.025000
v -0.150000 -0.025000 0.031250
v -0.150000 -0.006250 0.031250
v 0.150000 0.018750 0.025000
v 0.150000 0.025000 0.031250
v 0.150000 0.006250 0.031250
v 0.150000 -0.018750 -0.025000
v 0.150000 -0.025000 -0.031250
v 0.150000 -0.006250 -0.031250
v -0.056250 0.025000 -0.050000
v -0.075000 0.031250 -0.050000
v -0.018750 0.031250 -0.050000
v 0.056250 -0.025000 -0.050000
v 0.075000 -0.031250 -0.050000
v 0.018750 -0.031250 -0.050000
v -0.056250 -0.050000 -0.025000
v -0.075000 -0.050000 -0.031250
v -0.018750 -0.050000 -0.031250
v 0.056250 -0.050000 0.025000
v 0.075000 -0.050000 0.031250
v 0.018750 -0.050000 0.031250
v -0.056250 -0.025000 0.050000
v -0.075000 -0.031250 0.050000
v -0.018750 -0.031250 0.050000
v 0.056250 0.025000 0.050000
v 0.075000 0.031250 0.050000
v 0.018750 0.031250 0.050000
v -0.056250 0.050000 0.025000
v -0.075000 0.050000 0.031250
v -0.018750 0.050000 0.031250
v 0.056250 0.050000 -0.025000
v 0.075000 0.050000 -0.031250
v 0.018750 0.050000 -0.031250
v 0.018750 0.050000 -0.037500
v 0.037500 0.050000 -0.043750
v 0.018750 0.050000 -0.043750
v 0.037500 0.050000 -0.031250
v 0.056250 0.050000 -0.031250
v 0.056250 0.050000 -0.037500
v 0.018750 0.050000 -0.012500
v 0.037500 0.050000 -0.018750
v 0.018750 0.050000 -0.018750
v -0.018750 0.050000 0.037500
v -0.037500 0.050000 0.043750
v -0.018750 0.050000 0.043750
v -0.037500 0.050000 0.031250
v -0.056250 0.050000 0.031250
v -0.056250 0.050000 0.037500
v -0.018750 0.050000 0.012500
v -0.037500 0.050000 0.018750
v -0.018750 0.050000 0.018750
v 0.018750 0.037500 0.050000
v 0.037500 0.043750 0.050000
v 0.018750 0.043750 0.050000
v 0.037500 0.031250 0.050000
v 0.056250 0.031250 0.050000
v 0.056250 0.037500 0.050000
v 0.018750 0.012500 0.050000
v 0.037500 0.018750 0.050000
v 0.018750 0.018750 0.050000
v -0.018750 -0.037500 0.050000
v -0.037500 -0.043750 0.050000
v -0.018750 -0.043750 0.050000
v -0.037500 -0.031250 0.050000
v -0.056250 -0.031250 0.050000
v -0.056250 -0.037500 0.050000
v -0.018750 -0.012500 0.050000
v -0.037500 -0.018750 0.050000
v -0.018750 -0.018750 0.050000
v 0.018750 -0.050000 0.037500
v 0.037500 -0.050000 0.043750
v 0.018750 -0.050000 0.043750
v 0.037500 -0.050000 0.031250
v 0.056250 -0.050000 0.031250
v 0.056250 -0.050000 0.037500
v 0.018750 -0.050000 0.012500
v 0.037500 -0.050000 0.018750
v 0.018750 -0.050000 0.018750
v -0.018750 -0.050000 -0.037500
v -0.037500 -0.050000 -0.043750
v -0.018750 -0.050000 -0.043750
v -0.037500 -0.050000 -0.031250
v -0.056250 -0.050000 -0.031250
v -0.056250 -0.050000 -0.037500
v -0.018750 -0.050000 -0.012500
v -0.037500 -0.050000 -0.018750
v -0.018750 -0.050000 -0.018750
v 0.018750 -0.037500 -0.050000
v 0.037500 -0.043750 -0.050000
v 0.018750 -0.043750 -0.050000
v 0.037500 -0.031250 -0.050000
v 0.056250 -0.031250 -0.050000
v 0.056250 -0.037500 -0.050000
v 0.018750 -0.012500 -0.050000
v 0.037500 -0.018750 -0.050000
v 0.018750 -0.018750 -0.050000
v -0.018750 0.037500 -0.050000
v -0.037500 0.043750 -0.050000
v -0.018750 0.043750 -0.050000
v -0.037500 0.031250 -0.050000
v -0.056250 0.031250 -0.050000
v -0.056250 0.037500 -0.050000
v -0.018750 0.012500 -0.050000
v -0.037500 0.018750 -0.050000
v -0.018750 0.018750 -0.050000
v 0.150000 -0.006250 -0.037500
v 0.150000 -0.012500 -0.043750
v 0.150000 -0.006250 -0.043750
v 0.150000 -0.012500 -0.031250
v 0.150000 -0.018750 -0.031250
v 0.150000 -0.018750 -0.037500
v 0.150000 -0.006250 -0.012500
v 0.150000 -0.012500 -0.018750
v 0.150000 -0.006250 -0.018750
v 0.150000 0.006250 0.037500
v 0.150000 0.012500 0.043750
v 0.150000 0.006250 0.043750
v 0.150000 0.012500 0.031250
v 0.150000 0.018750 0.031250
v 0.150000 0.018750 0.037500
v 0.150000 0.006250 0.012500
v 0.150000 0.012500 0.018750
v 0.150000 0.006250 0.018750
v -0.150000 -0.006250 0.037500
v -0.150000 -0.012500 0.043750
v -0.150000 -0.006250 0.043750
v -0.150000 -0.012500 0.031250
v -0.150000 -0.018750 0.031250
v -0.150000 -0.018750 0.037500
v -0.150000 -0.006250 0.012500
v -0.150000 -0.012500 0.018750
v -0.150000 -0.006250 0.018750
v -0.150000 0.006250 -0.037500
v -0.150000 0.012500 -0.043750
v -0.150000 0.006250 -0.043750
v -0.150000 0.012500 -0.031250
v -0.150000 0.018750 -0.031250
v -0.150000 0.018750 -0.037500
v -0.150000 0.006250 -0.012500
v -0.150000 0.012500 -0.018750
v -0.150000 0.006250 -0.018750
v -0.150000 -0.043750 0.012500
v -0.150000 -0.037500 0.006250
v -0.150000 -0.043750 0.006250
v -0.150000 -0.037500 0.018750
v -0.150000 -0.031250 0.018750
v -0.150000 -0.031250 0.012500
v -0.150000 -0.043750 0.037500
v -0.150000 -0.037500 0.031250
v -0.150000 -0.043750 0.031250
v -0.150000 -0.012500 -0.031250
v -0.150000 -0.006250 -0.031250
v -0.150000 -0.006250 -0.037500
v -0.150000 -0.018750 -0.018750
v -0.150000 -0.018750 -0.012500
v -0.150000 -0.012500 -0.018750
v -0.150000 -0.037500 -0.006250
v -0.150000 -0.031250 -0.006250
v -0.150000 -0.031250 -0.012500
v -0.150000 -0.043750 -0.037500
v -0.150000 -0.037500 -0.043750
v -0.150000 -0.043750 -0.043750
v -0.150000 -0.037500 -0.031250
v -0.150000 -0.031250 -0.031250
v -0.150000 -0.031250 -0.037500
v -0.150000 -0.043750 -0.012500
v -0.150000 -0.037500 -0.018750
v -0.150000 -0.043750 -0.018750
v -0.150000 0.043750 -0.012500
v -0.150000 0.037500 -0.006250
v -0.150000 0.043750 -0.006250
v -0.150000 0.037500 -0.018750
v -0.150000 0.031250 -0.018750
v -0.150000 0.031250 -0.012500
v -0.150000 0.043750 -0.037500
v -0.150000 0.037500 -0.031250
v -0.150000 0.043750 -0.031250
v -0.150000 0.012500 0.031250
v -0.150000 0.006250 0.031250
v -0.150000 0.006250 0.037500
v -0.150000 0.018750 0.018750
v -0.150000 0.018750 0.012500
v -0.150000 0.012500 0.018750
v -0.150000 0.037500 0.006250
v -0.150000 0.031250 0.006250
v -0.150000 0.031250 0.012500
v -0.150000 0.043750 0.037500
v -0.150000 0.037500 0.043750
v -0.150000 0.043750 0.043750
v -0.150000 0.037500 0.031250
v -0.150000 0.031250 0.031250
v -0.150000 0.031250 0.037500
v -0.150000 0.043750 0.012500
v -0.150000 0.037500 0.018750
v -0.150000 0.043750 0.018750
v 0.150000 -0.043750 -0.012500
v 0.150000 -0.037500 -0.006250
v 0.150000 -0.043750 -0.006250
v 0.150000 -0.037500 -0.018750
v 0.150000 -0.031250 -0.018750
v 0.150000 -0.031250 -0.012500
v 0.150000 -0.043750 -0.037500
v 0.150000 -0.037500 -0.031250
v 0.150000 -0.043750 -0.031250
v 0.150000 -0.012500 0.031250
v 0.150000 -0.006250 0.031250
v 0.150000 -0.006250 0.037500
v 0.150000 -0.018750 0.018750
v 0.150000 -0.018750 0.012500
v 0.150000 -0.012500 0.018750
v 0.150000 -0.037500 0.006250
v 0.150000 -0.031250 0.006250
v 0.150000 -0.031250 0.012500
v 0.150000 -0.043750 0.037500
v 0.150000 -0.037500 0.043750
v 0.150000 -0.043750 0.043750
v 0.150000 -0.037500 0.031250
v 0.150000 -0.031250 0.031250
v 0.150000 -0.031250 0.037500
v 0.150000 -0.043750 0.012500
v 0.150000 -0.037500 0.018750
v 0.150000 -0.043750 0.018750
v 0.150000 0.043750 0.012500
v 0.150000 0.037500 0.006250
v 0.150000 0.043750 0.006250
v 0.150000 0.037500 0.018750
v 0.150000 0.031250 0.018750
v 0.150000 0.031250 0.012500
v 0.150000 0.043750 0.037500
v 0.150000 0.037500 0.031250
v 0.150000 0.043750 0.031250
v 0.150000 0.012500 -0.031250
v 0.150000 0.006250 -0.031250
v 0.150000 0.006250 -0.037500
v 0.150000 0.018750 -0.018750
v 0.150000 0.018750 -0.012500
v 0.150000 0.012500 -0.018750
v 0.150000 0.037500 -0.006250
v 0.150000 0.031250 -0.006250
v 0.150000 0.031250 -0.012500
v 0.150000 0.043750 -0.037500
v 0.150000 0.037500 -0.043750
v 0.150000 0.043750 -0.043750
v 0.150000 0.037500 -0.031250
v 0.150000 0.031250 -0.031250
v 0.150000 0.031250 -0.037500
v 0.150000 0.043750 -0.012500
v 0.150000 0.037500 -0.018750
v 0.150000 0.043750 -0.018750
v 0.131250 -0.012500 -0.050000
v 0.112500 -0.006250 -0.050000
v 0.131250 -0.006250 -0.050000
v 0.112500 -0.018750 -0.050000
v 0.093750 -0.018750 -0.050000
v 0.093750 -0.012500 -0.050000
v 0.131250 -0.037500 -0.050000
v 0.112500 -0.031250 -0.050000
v 0.131250 -0.031250 -0.050000
v 0.037500 0.031250 -0.050000
v 0.018750 0.031250 -0.050000
v 0.018750 0.037500 -0.050000
v 0.056250 0.018750 -0.050000
v 0.056250 0.012500 -0.050000
v 0.037500 0.018750 -0.050000
v 0.112500 0.006250 -0.050000
v 0.093750 0.006250 -0.050000
v 0.093750 0.012500 -0.050000
v 0.131250 0.037500 -0.050000
v 0.112500 0.043750 -0.050000
v 0.131250 0.043750 -0.050000
v 0.112500 0.031250 -0.050000
v 0.093750 0.031250 -0.050000
v 0.093750 0.037500 -0.050000
v 0.131250 0.012500 -0.050000
v 0.112500 0.018750 -0.050000
v 0.131250 0.018750 -0.050000
v -0.131250 0.012500 -0.050000
v -0.112500 0.006250 -0.050000
v -0.131250 0.006250 -0.050000
v -0.112500 0.018750 -0.050000
v -0.093750 0.018750 -0.050000
v -0.093750 0.012500 -0.050000
v -0.131250 0.037500 -0.050000
v -0.112500 0.031250 -0.050000
v -0.131250 0.031250 -0.050000
v -0.037500 -0.031250 -0.050000
v -0.018750 -0.031250 -0.050000
v -0.018750 -0.037500 -0.050000
v -0.056250 -0.018750 -0.050000
v -0.056250 -0.012500 -0.050000
v -0.037500 -0.018750 -0.050000
v -0.112500 -0.006250 -0.050000
v -0.093750 -0.006250 -0.050000
v -0.093750 -0.012500 -0.050000
v -0.131250 -0.037500 -0.050000
v -0.112500 -0.043750 -0.050000
v -0.131250 -0.043750 -0.050000
v -0.112500 -0.031250 -0.050000
v -0.093750 -0.031250 -0.050000
v -0.093750 -0.037500 -0.050000
v -0.131250 -0.012500 -0.050000
v -0.112500 -0.018750 -0.050000
v -0.131250 -0.018750 -0.050000
v 0.131250 -0.050000 0.012500
v 0.112500 -0.050000 0.006250
v 0.131250 -0.050000 0.006250
v 0.112500 -0.050000 0.018750
v 0.093750 -0.050000 0.018750
v 0.093750 -0.050000 0.012500
v 0.131250 -0.050000 0.037500
v 0.112500 -0.050000 0.031250
v 0.131250 -0.050000 0.031250
v 0.037500 -0.050000 -0.031250
v 0.018750 -0.050000 -0.031250
v 0.018750 -0.050000 -0.037500
v 0.056250 -0.050000 -0.018750
v 0.056250 -0.050000 -0.012500
v 0.037500 -0.050000 -0.018750
v 0.112500 -0.050000 -0.006250
v 0.093750 -0.050000 -0.006250
v 0.093750 -0.050000 -0.012500
v 0.131250 -0.050000 -0.037500
v 0.112500 -0.050000 -0.043750
v 0.131250 -0.050000 -0.043750
v 0.112500 -0.050000 -0.031250
v 0.093750 -0.050000 -0.031250
v 0.093750 -0.050000 -0.037500
v 0.131250 -0.050000 -0.012500
v 0.112500 -0.050000 -0.018750
v 0.131250 -0.050000 -0.018750
v -0.131250 -0.050000 -0.012500
v -0.112500 -0.050000 -0.006250
v -0.131250 -0.050000 -0.006250
v -0.112500 -0.050000 -0.018750
v -0.093750 -0.050000 -0.018750
v -0.093750 -0.050000 -0.012500
v -0.131250 -0.050000 -0.037500
v -0.112500 -0.050000 -0.031250
v -0.131250 -0.050000 -0.031250
v -0.037500 -0.050000 0.031250
v -0.018750 -0.050000 0.031250
v -0.018750 -0.050000 0.037500
v -0.056250 -0.050000 0.018750
v -0.056250 -0.050000 0.012500
v -0.037500 -0.050000 0.018750
v -0.112500 -0.050000 0.006250
v -0.093750 -0.050000 0.006250
v -0.093750 -0.050000 0.012500
v -0.131250 -0.050000 0.037500
v -0.112500 -0.050000 0.043750
v -0.131250 -0.050000 0.043750
v -0.112500 -0.050000 0.031250
v -0.093750 -0.050000 0.031250
v -0.093750 -0.050000 0.037500
v -0.131250 -0.050000 0.012500
v -0.112500 -0.050000 0.018750
v -0.131250 -0.050000 0.018750
v 0.131250 0.012500 0.050000
v 0.112500 0.006250 0.050000
v 0.131250 0.006250 0.050000
v 0.112500 0.018750 0.050000
v 0.093750 0.018750 0.050000
v 0.093750 0.012500 0.050000
v 0.131250 0.037500 0.050000
v 0.112500 0.031250 0.050000
v 0.131250 0.031250 0.050000
v 0.037500 -0.031250 0.050000
v 0.018750 -0.031250 0.050000
v 0.018750 -0.037500 0.050000
v 0.056250 -0.018750 0.050000
v 0.056250 -0.012500 0.050000
v 0.037500 -0.018750 0.050000
v 0.112500 -0.006250 0.050000
v 0.093750 -0.006250 0.050000
v 0.093750 -0.012500 0.050000
v 0.131250 -0.037500 0.050000
v 0.112500 -0.043750 0.050000
v 0.131250 -0.043750 0.050000
v 0.112500 -0.031250 0.050000
v 0.093750 -0.031250 0.050000
v 0.093750 -0.037500 0.050000
v 0.131250 -0.012500 0.050000
v 0.112500 -0.018750 0.050000
v 0.131250 -0.018750 0.050000
v -0.131250 -0.012500 0.050000
v -0.112500 -0.006250 0.050000
v -0.131250 -0.006250 0.050000
v -0.112500 -0.018750 0.050000
v -0.093750 -0.018750 0.050000
v -0.093750 -0.012500 0.050000
v -0.131250 -0.037500 0.050000
v -0.112500 -0.031250 0.050000
v -0.131250 -0.031250 0.050000
v -0.037500 0.031250 0.050000
v -0.018750 0.031250 0.050000
v -0.018750 0.037500 0.050000
v -0.056250 0.018750 0.050000
v -0.056250 0.012500 0.050000
v -0.037500 0.018750 0.050000
v -0.112500 0.006250 0.050000
v -0.093750 0.006250 0.050000
v -0.093750 0.012500 0.050000
v -0.131250 0.037500 0.050000
v -0.112500 0.043750 0.050000
v -0.131250 0.043750 0.050000
v -0.112500 0.031250 0.050000
v -0.093750 0.031250 0.050000
v -0.093750 0.037500 0.050000
v -0.131250 0.012500 0.050000
v -0.112500 0.018750 0.050000
v -0.131250 0.018750 0.050000
v 0.131250 0.050000 -0.012500
v 0.112500 0.050000 -0.006250
v 0.131250 0.050000 -0.006250
v 0.112500 0.050000 -0.018750
v 0.093750 0.050000 -0.018750
v 0.093750 0.050000 -0.012500
v 0.131250 0.050000 -0.037500
v 0.112500 0.050000 -0.031250
v 0.131250 0.050000 -0.031250
v 0.037500 0.050000 0.031250
v 0.018750 0.050000 0.031250
v 0.018750 0.050000 0.037500
v 0.056250 0.050000 0.018750
v 0.056250 0.050000 0.012500
v 0.037500 0.050000 0.018750
v 0.112500 0.050000 0.006250
v 0.093750 0.050000 0.006250
v 0.093750 0.050000 0.012500
v 0.131250 0.050000 0.037500
v 0.112500 0.050000 0.043750
v 0.131250 0.050000 0.043750
v 0.112500 0.050000 0.031250
v 0.093750 0.050000 0.031250
v 0.093750 0.050000 0.037500
v 0.131250 0.050000 0.012500
v 0.112500 0.050000 0.018750
v 0.131250 0.050000 0.018750
v -0.131250 0.050000 0.012500
v -0.112500 0.050000 0.006250
v -0.131250 0.050000 0.006250
v -0.112500 0.050000 0.018750
v -0.093750 0.050000 0.018750
v -0.093750 0.050000 0.012500
v -0.131250 0.050000 0.037500
v -0.112500 0.050000 0.031250
v -0.131250 0.050000 0.031250
v -0.037500 0.050000 -0.031250
v -0.018750 0.050000 -0.031250
v -0.018750 0.050000 -0.037500
v -0.056250 0.050000 -0.018750
v -0.056250 0.050000 -0.012500
v -0.037500 0.050000 -0.018750
v -0.112500 0.050000 -0.006250
v -0.093750 0.050000 -0.006250
v -0.093750 0.050000 -0.012500
v -0.131250 0.050000 -0.037500
v -0.112500 0.050000 -0.043750
v -0.131250 0.050000 -0.043750
v -0.112500 0.050000 -0.031250
v -0.093750 0.050000 -0.031250
v -0.093750 0.050000 -0.037500
v -0.131250 0.050000 -0.012500
v -0.112500 0.050000 -0.018750
v -0.131250 0.050000 -0.018750
v -0.056250 0.050000 -0.037500
v -0.037500 0.050000 -0.043750
v -0.056250 0.050000 -0.043750
v -0.037500 0.050000 -0.006250
v -0.018750 0.050000 -0.006250
v -0.018750 0.050000 -0.012500
v -0.056250 0.050000 0.012500
v -0.037500 0.050000 0.006250
v -0.056250 0.050000 0.006250
v 0.056250 0.050000 0.037500
v 0.037500 0.050000 0.043750
v 0.056250 0.050000 0.043750
v 0.037500 0.050000 0.006250
v 0.018750 0.050000 0.006250
v 0.018750 0.050000 0.012500
v 0.056250 0.050000 -0.012500
v 0.037500 0.050000 -0.006250
v 0.056250 0.050000 -0.006250
v -0.056250 0.037500 0.050000
v -0.037500 0.043750 0.050000
v -0.056250 0.043750 0.050000
v -0.037500 0.006250 0.050000
v -0.018750 0.006250 0.050000
v -0.018750 0.012500 0.050000
v -0.056250 -0.012500 0.050000
v -0.037500 -0.006250 0.050000
v -0.056250 -0.006250 0.050000
v 0.056250 -0.037500 0.050000
v 0.037500 -0.043750 0.050000
v 0.056250 -0.043750 0.050000
v 0.037500 -0.006250 0.050000
v 0.018750 -0.006250 0.050000
v 0.018750 -0.012500 0.050000
v 0.056250 0.012500 0.050000
v 0.037500 0.006250 0.050000
v 0.056250 0.006250 0.050000
v -0.056250 -0.050000 0.037500
v -0.037500 -0.050000 0.043750
v -0.056250 -0.050000 0.043750
v -0.037500 -0.050000 0.006250
v -0.018750 -0.050000 0.006250
v -0.018750 -0.050000 0.012500
v -0.056250 -0.050000 -0.012500
v -0.037500 -0.050000 -0.006250
v -0.056250 -0.050000 -0.006250
v 0.056250 -0.050000 -0.037500
v 0.037500 -0.050000 -0.043750
v 0.056250 -0.050000 -0.043750
v 0.037500 -0.050000 -0.006250
v 0.018750 -0.050000 -0.006250
v 0.018750 -0.050000 -0.012500
v 0.056250 -0.050000 0.012500
v 0.037500 -0.050000 0.006250
v 0.056250 -0.050000 0.006250
v -0.056250 -0.037500 -0.050000
v -0.037500 -0.043750 -0.050000
v -0.056250 -0.043750 -0.050000
v -0.037500 -0.006250 -0.050000
v -0.018750 -0.006250 -0.050000
v -0.018750 -0.012500 -0.050000
v -0.056250 0.012500 -0.050000
v -0.037500 0.006250 -0.050000
v -0.056250 0.006250 -0.050000
v 0.056250 0.037500 -0.050000
v 0.037500 0.043750 -0.050000
v 0.056250 0.043750 -0.050000
v 0.037500 0.006250 -0.050000
v 0.018750 0.006250 -0.050000
v 0.018750 0.012500 -0.050000
v 0.056250 -0.012500 -0.050000
v 0.037500 -0.006250 -0.050000
v 0.056250 -0.006250 -0.050000
v 0.150000 0.018750 -0.037500
v 0.150000 0.012500 -0.043750
v 0.150000 0.018750 -0.043750
v 0.150000 0.012500 -0.006250
v 0.150000 0.006250 -0.006250
v 0.150000 0.006250 -0.012500
v 0.150000 0.018750 0.012500
v 0.150000 0.012500 0.006250
v 0.150000 0.018750 0.006250
v 0.150000 -0.018750 0.037500
v 0.150000 -0.012500 0.043750
v 0.150000 -0.018750 0.043750
v 0.150000 -0.012500 0.006250
v 0.150000 -0.006250 0.006250
v 0.150000 -0.006250 0.012500
v 0.150000 -0.018750 -0.012500
v 0.150000 -0.012500 -0.006250
v 0.150000 -0.018750 -0.006250
v -0.150000 0.018750 0.037500
v -0.150000 0.012500 0.043750
v -0.150000 0.018750 0.043750
v -0.150000 0.012500 0.006250
v -0.150000 0.006250 0.006250
v -0.150000 0.006250 0.012500
v -0.150000 0.018750 -0.012500
v -0.150000 0.012500 -0.006250
v -0.150000 0.018750 -0.006250
v -0.150000 -0.018750 -0.037500
v -0.150000 -0.012500 -0.043750
v -0.150000 -0.018750 -0.043750
v -0.150000 -0.012500 -0.006250
v -0.150000 -0.006250 -0.006250
v -0.150000 -0.006250 -0.012500
v -0.150000 -0.018750 0.012500
v -0.150000 -0.012500 0.006250
v -0.150000 -0.018750 0.006250
v -0.150000 0.031250 -0.037500
v -0.150000 0.037500 -0.043750
v -0.150000 0.031250 -0.043750
v -0.150000 -0.031250 0.037500
v -0.150000 -0.037500 0.043750
v -0.150000 -0.031250 0.043750
v 0.150000 0.031250 0.037500
v 0.150000 0.037500 0.043750
v 0.150000 0.031250 0.043750
v 0.150000 -0.031250 -0.037500
v 0.150000 -0.037500 -0.043750
v 0.150000 -0.031250 -0.043750
v -0.093750 0.037500 -0.050000
v -0.112500 0.043750 -0.050000
v -0.093750 0.043750 -0.050000
v 0.093750 -0.037500 -0.050000
v 0.112500 -0.043750 -0.050000
v 0.093750 -0.043750 -0.050000
v -0.093750 -0.050000 -0.037500
v -0.112500 -0.050000 -0.043750
v -0.093750 -0.050000 -0.043750
v 0.093750 -0.050000 0.037500
v 0.112500 -0.050000 0.043750
v 0.093750 -0.050000 0.043750
v -0.093750 -0.037500 0.050000
v -0.112500 -0.043750 0.050000
v -0.093750 -0.043750 0.050000
v 0.093750 0.037500 0.050000
v 0.112500 0.043750 0.050000
v 0.093750 0.043750 0.050000
v -0.093750 0.050000 0.037500
v -0.112500 0.050000 0.043750
v -0.093750 0.050000 0.043750
v 0.093750 0.050000 -0.037500
v 0.112500 0.050000 -0.043750
v 0.093750 0.050000 -0.043750
s 0
f 1 765 766
f 3 767 388
f 4 389 768
f 5 769 390
f 6 391 770
f 7 771 392
f 8 393 401
f 2 387 779
f 8 398 403
f 4 780 781
f 5 399 397
f 2 778 775
f 19 783 757
f 19 784 783
f 22 760 425
f 19 786 415
f 19 787 786
f 21 417 428
f 25 789 763
f 25 790 789
f 24 762 431
f 25 792 421
f 25 793 792
f 20 416 434
f 23 795 761
f 23 796 795
f 9 405 437
f 23 798 419
f 23 799 798
f 15 411 440
f 14 801 410
f 14 802 801
f 15 753 443
f 14 804 752
f 14 805 804
f 13 409 446
f 12 807 408
f 12 808 807
f 13 751 449
f 12 810 750
f 12 811 810
f 11 407 452
f 10 813 406
f 10 814 813
f 11 749 455
f 10 816 748
f 10 817 816
f 9 747 458
f 98 819 530
f 98 820 819
f 27 675 533
f 96 822 744
f 96 823 822
f 97 745 536
f 28 825 676
f 28 826 825
f 96 744 539
f 95 828 527
f 95 829 828
f 29 677 542
f 93 831 741
f 93 832 831
f 94 742 545
f 46 834 478
f 46 835 834
f 93 741 548
f 92 837 524
f 92 838 837
f 47 479 551
f 90 840 738
f 90 841 840
f 91 739 554
f 30 843 678
f 30 844 843
f 90 738 557
f 89 846 521
f 89 847 846
f 31 679 560
f 87 849 735
f 87 850 849
f 88 736 563
f 48 852 480
f 48 853 852
f 87 735 566
f 86 855 518
f 86 856 855
f 49 481 569
f 84 858 732
f 84 859 858
f 85 733 572
f 32 861 680
f 32 862 861
f 84 732 575
f 83 864 515
f 83 865 864
f 33 681 578
f 81 867 729
f 81 868 867
f 82 730 581
f 50 870 482
f 50 871 870
f 81 729 584
f 80 873 512
f 80 874 873
f 51 483 587
f 78 876 726
f 78 877 876
f 79 727 590
f 59 879 491
f 59 880 879
f 78 726 593
f 77 882 509
f 77 883 882
f 45 477 596
f 75 885 723
f 75 886 885
f 76 724 599
f 41 888 689
f 41 889 888
f 75 723 602
f 74 891 506
f 74 892 891
f 56 488 605
f 72 894 720
f 72 895 894
f 73 721 608
f 61 897 493
f 61 898 897
f 72 720 611
f 71 900 503
f 71 901 900
f 42 690 614
f 69 903 717
f 69 904 903
f 70 718 617
f 43 906 691
f 43 907 906
f 69 717 620
f 68 909 500
f 68 910 909
f 57 489 623
f 66 912 714
f 66 913 912
f 67 715 626
f 55 915 487
f 55 916 915
f 66 714 629
f 65 918 497
f 65 919 918
f 40 688 632
f 63 921 711
f 63 922 921
f 64 712 635
f 37 924 685
f 37 925 924
f 63 711 638
f 55 927 703
f 55 928 927
f 58 706 641
f 37 930 469
f 37 931 930
f 39 471 644
f 61 933 709
f 61 934 933
f 60 708 647
f 43 936 475
f 43 937 936
f 38 470 650
f 59 939 707
f 59 940 939
f 27 459 653
f 41 942 473
f 41 943 942
f 33 465 656
f 32 945 464
f 32 946 945
f 51 699 659
f 50 948 698
f 50 949 948
f 31 463 662
f 30 951 462
f 30 952 951
f 49 697 665
f 48 954 696
f 48 955 954
f 29 461 668
f 28 957 460
f 28 958 957
f 47 695 671
f 46 960 694
f 46 961 960
f 45 693 674
f 386 963 962
f 386 964 963
f 117 405 965
f 384 966 672
f 384 967 966
f 385 673 968
f 118 969 406
f 118 970 969
f 384 672 971
f 383 972 959
f 383 973 972
f 119 407 974
f 381 975 669
f 381 976 975
f 382 670 977
f 172 978 748
f 172 979 978
f 381 669 980
f 380 981 956
f 380 982 981
f 173 749 983
f 378 984 666
f 378 985 984
f 379 667 986
f 120 987 408
f 120 988 987
f 378 666 989
f 377 990 953
f 377 991 990
f 121 409 992
f 375 993 663
f 375 994 993
f 376 664 995
f 174 996 750
f 174 997 996
f 375 663 998
f 374 999 950
f 374 1000 999
f 175 751 1001
f 372 1002 660
f 372 1003 1002
f 373 661 1004
f 122 1005 410
f 122 1006 1005
f 372 660 1007
f 371 1008 947
f 371 1009 1008
f 123 411 1010
f 369 1011 657
f 369 1012 1011
f 370 658 1013
f 176 1014 752
f 176 1015 1014
f 369 657 1016
f 368 1017 944
f 368 1018 1017
f 177 753 1019
f 366 1020 654
f 366 1021 1020
f 367 655 1022
f 185 1023 761
f 185 1024 1023
f 366 654 1025
f 365 1026 941
f 365 1027 1026
f 171 747 1028
f 363 1029 651
f 363 1030 1029
f 364 652 1031
f 131 1032 419
f 131 1033 1032
f 363 651 1034
f 362 1035 938
f 362 1036 1035
f 182 758 1037
f 360 1038 648
f 360 1039 1038
f 361 649 1040
f 187 1041 763
f 187 1042 1041
f 360 648 1043
f 359 1044 935
f 359 1045 1044
f 132 420 1046
f 357 1047 645
f 357 1048 1047
f 358 646 1049
f 133 1050 421
f 133 1051 1050
f 357 645 1052
f 356 1053 932
f 356 1054 1053
f 183 759 1055
f 354 1056 642
f 354 1057 1056
f 355 643 1058
f 181 1059 757
f 181 1060 1059
f 354 642 1061
f 353 1062 929
f 353 1063 1062
f 130 418 1064
f 351 1065 639
f 351 1066 1065
f 352 640 1067
f 127 1068 415
f 127 1069 1068
f 351 639 1070
f 350 1071 926
f 350 1072 1071
f 135 423 1073
f 348 1074 636
f 348 1075 1074
f 349 637 1076
f 109 1077 397
f 109 1078 1077
f 348 636 1079
f 347 1080 923
f 347 1081 1080
f 136 424 1082
f 345 1083 633
f 345 1084 1083
f 346 634 1085
f 135 1086 423
f 135 1087 1086
f 345 633 1088
f 344 1089 920
f 344 1090 1089
f 112 400 1091
f 342 1092 630
f 342 1093 1092
f 343 631 1094
f 209 1095 785
f 209 1096 1095
f 342 630 1097
f 341 1098 917
f 341 1099 1098
f 138 426 1100
f 339 1101 627
f 339 1102 1101
f 340 628 1103
f 199 1104 775
f 199 1105 1104
f 339 627 1106
f 338 1107 914
f 338 1108 1107
f 139 427 1109
f 336 1110 624
f 336 1111 1110
f 337 625 1112
f 138 1113 426
f 138 1114 1113
f 336 624 1115
f 335 1116 911
f 335 1117 1116
f 201 777 1118
f 333 1119 621
f 333 1120 1119
f 334 622 1121
f 212 1122 788
f 212 1123 1122
f 333 621 1124
f 332 1125 908
f 332 1126 1125
f 141 429 1127
f 330 1128 618
f 330 1129 1128
f 331 619 1130
f 115 1131 403
f 115 1132 1131
f 330 618 1133
f 329 1134 905
f 329 1135 1134
f 142 430 1136
f 327 1137 615
f 327 1138 1137
f 328 616 1139
f 141 1140 429
f 141 1141 1140
f 327 615 1142
f 326 1143 902
f 326 1144 1143
f 114 402 1145
f 324 1146 612
f 324 1147 1146
f 325 613 1148
f 215 1149 791
f 215 1150 1149
f 324 612 1151
f 323 1152 899
f 323 1153 1152
f 144 432 1154
f 321 1155 609
f 321 1156 1155
f 322 610 1157
f 205 1158 781
f 205 1159 1158
f 321 609 1160
f 320 1161 896
f 320 1162 1161
f 145 433 1163
f 318 1164 606
f 318 1165 1164
f 319 607 1166
f 144 1167 432
f 144 1168 1167
f 318 606 1169
f 317 1170 893
f 317 1171 1170
f 200 776 1172
f 315 1173 603
f 315 1174 1173
f 316 604 1175
f 218 1176 794
f 218 1177 1176
f 315 603 1178
f 314 1179 890
f 314 1180 1179
f 147 435 1181
f 312 1182 600
f 312 1183 1182
f 313 601 1184
f 113 1185 401
f 113 1186 1185
f 312 600 1187
f 311 1188 887
f 311 1189 1188
f 148 436 1190
f 309 1191 597
f 309 1192 1191
f 310 598 1193
f 147 1194 435
f 147 1195 1194
f 309 597 1196
f 308 1197 884
f 308 1198 1197
f 189 765 1199
f 306 1200 594
f 306 1201 1200
f 307 595 1202
f 221 1203 797
f 221 1204 1203
f 306 594 1205
f 305 1206 881
f 305 1207 1206
f 150 438 1208
f 303 1209 591
f 303 1210 1209
f 304 592 1211
f 203 1212 779
f 203 1213 1212
f 303 591 1214
f 302 1215 878
f 302 1216 1215
f 151 439 1217
f 300 1218 588
f 300 1219 1218
f 301 589 1220
f 150 1221 438
f 150 1222 1221
f 300 588 1223
f 299 1224 875
f 299 1225 1224
f 195 771 1226
f 297 1227 585
f 297 1228 1227
f 298 586 1229
f 224 1230 800
f 224 1231 1230
f 297 585 1232
f 296 1233 872
f 296 1234 1233
f 153 441 1235
f 294 1236 582
f 294 1237 1236
f 295 583 1238
f 194 1239 770
f 194 1240 1239
f 294 582 1241
f 293 1242 869
f 293 1243 1242
f 154 442 1244
f 291 1245 579
f 291 1246 1245
f 292 580 1247
f 153 1248 441
f 153 1249 1248
f 291 579 1250
f 290 1251 866
f 290 1252 1251
f 105 393 1253
f 288 1254 576
f 288 1255 1254
f 289 577 1256
f 227 1257 803
f 227 1258 1257
f 288 576 1259
f 287 1260 863
f 287 1261 1260
f 156 444 1262
f 285 1263 573
f 285 1264 1263
f 286 574 1265
f 104 1266 392
f 104 1267 1266
f 285 573 1268
f 284 1269 860
f 284 1270 1269
f 157 445 1271
f 282 1272 570
f 282 1273 1272
f 283 571 1274
f 156 1275 444
f 156 1276 1275
f 282 570 1277
f 281 1278 857
f 281 1279 1278
f 193 769 1280
f 279 1281 567
f 279 1282 1281
f 280 568 1283
f 230 1284 806
f 230 1285 1284
f 279 567 1286
f 278 1287 854
f 278 1288 1287
f 159 447 1289
f 276 1290 564
f 276 1291 1290
f 277 565 1292
f 192 1293 768
f 192 1294 1293
f 276 564 1295
f 275 1296 851
f 275 1297 1296
f 160 448 1298
f 273 1299 561
f 273 1300 1299
f 274 562 1301
f 159 1302 447
f 159 1303 1302
f 273 561 1304
f 272 1305 848
f 272 1306 1305
f 103 391 1307
f 270 1308 558
f 270 1309 1308
f 271 559 1310
f 233 1311 809
f 233 1312 1311
f 270 558 1313
f 269 1314 845
f 269 1315 1314
f 162 450 1316
f 267 1317 555
f 267 1318 1317
f 268 556 1319
f 102 1320 390
f 102 1321 1320
f 267 555 1322
f 266 1323 842
f 266 1324 1323
f 163 451 1325
f 264 1326 552
f 264 1327 1326
f 265 553 1328
f 162 1329 450
f 162 1330 1329
f 264 552 1331
f 263 1332 839
f 263 1333 1332
f 191 767 1334
f 261 1335 549
f 261 1336 1335
f 262 550 1337
f 236 1338 812
f 236 1339 1338
f 261 549 1340
f 260 1341 836
f 260 1342 1341
f 165 453 1343
f 258 1344 546
f 258 1345 1344
f 259 547 1346
f 190 1347 766
f 190 1348 1347
f 258 546 1349
f 257 1350 833
f 257 1351 1350
f 166 454 1352
f 255 1353 543
f 255 1354 1353
f 256 544 1355
f 165 1356 453
f 165 1357 1356
f 255 543 1358
f 254 1359 830
f 254 1360 1359
f 101 389 1361
f 252 1362 540
f 252 1363 1362
f 253 541 1364
f 239 1365 815
f 239 1366 1365
f 252 540 1367
f 251 1368 827
f 251 1369 1368
f 168 456 1370
f 249 1371 537
f 249 1372 1371
f 250 538 1373
f 100 1374 388
f 100 1375 1374
f 249 537 1376
f 248 1377 824
f 248 1378 1377
f 169 457 1379
f 246 1380 534
f 246 1381 1380
f 247 535 1382
f 168 1383 456
f 168 1384 1383
f 246 534 1385
f 245 1386 821
f 245 1387 1386
f 99 387 1388
f 243 1389 531
f 243 1390 1389
f 244 532 1391
f 242 1392 818
f 242 1393 1392
f 243 531 1394
f 170 1395 746
f 170 1396 1395
f 171 459 1397
f 240 1398 528
f 240 1399 1398
f 241 529 1400
f 172 1401 460
f 172 1402 1401
f 240 528 1403
f 167 1404 743
f 167 1405 1404
f 173 461 1406
f 237 1407 525
f 237 1408 1407
f 238 526 1409
f 118 1410 694
f 118 1411 1410
f 237 525 1412
f 164 1413 740
f 164 1414 1413
f 119 695 1415
f 234 1416 522
f 234 1417 1416
f 235 523 1418
f 174 1419 462
f 174 1420 1419
f 234 522 1421
f 161 1422 737
f 161 1423 1422
f 175 463 1424
f 231 1425 519
f 231 1426 1425
f 232 520 1427
f 120 1428 696
f 120 1429 1428
f 231 519 1430
f 158 1431 734
f 158 1432 1431
f 121 697 1433
f 228 1434 516
f 228 1435 1434
f 229 517 1436
f 176 1437 464
f 176 1438 1437
f 228 516 1439
f 155 1440 731
f 155 1441 1440
f 177 465 1442
f 225 1443 513
f 225 1444 1443
f 226 514 1445
f 122 1446 698
f 122 1447 1446
f 225 513 1448
f 152 1449 728
f 152 1450 1449
f 123 699 1451
f 222 1452 510
f 222 1453 1452
f 223 511 1454
f 131 1455 707
f 131 1456 1455
f 222 510 1457
f 149 1458 725
f 149 1459 1458
f 117 693 1460
f 219 1461 507
f 219 1462 1461
f 220 508 1463
f 185 1464 473
f 185 1465 1464
f 219 507 1466
f 146 1467 722
f 146 1468 1467
f 128 704 1469
f 216 1470 504
f 216 1471 1470
f 217 505 1472
f 133 1473 709
f 133 1474 1473
f 216 504 1475
f 143 1476 719
f 143 1477 1476
f 186 474 1478
f 213 1479 501
f 213 1480 1479
f 214 502 1481
f 187 1482 475
f 187 1483 1482
f 213 501 1484
f 140 1485 716
f 140 1486 1485
f 129 705 1487
f 210 1488 498
f 210 1489 1488
f 211 499 1490
f 127 1491 703
f 127 1492 1491
f 210 498 1493
f 137 1494 713
f 137 1495 1494
f 184 472 1496
f 207 1497 495
f 207 1498 1497
f 208 496 1499
f 181 1500 469
f 181 1501 1500
f 207 495 1502
f 199 1503 487
f 199 1504 1503
f 202 490 1505
f 109 1506 685
f 109 1507 1506
f 111 687 1508
f 205 1509 493
f 205 1510 1509
f 204 492 1511
f 115 1512 691
f 115 1513 1512
f 110 686 1514
f 203 1515 491
f 203 1516 1515
f 99 675 1517
f 113 1518 689
f 113 1519 1518
f 105 681 1520
f 104 1521 680
f 104 1522 1521
f 195 483 1523
f 194 1524 482
f 194 1525 1524
f 103 679 1526
f 102 1527 678
f 102 1528 1527
f 193 481 1529
f 192 1530 480
f 192 1531 1530
f 101 677 1532
f 100 1533 676
f 100 1534 1533
f 191 479 1535
f 190 1536 478
f 190 1537 1536
f 189 477 1538
f 1538 673 385
f 1538 477 673
f 477 45 673
f 1536 1538 385
f 1536 1537 1538
f 1537 189 1538
f 478 961 46
f 478 1536 961
f 1536 385 961
f 1535 670 382
f 1535 479 670
f 479 47 670
f 1533 1535 382
f 1533 1534 1535
f 1534 191 1535
f 676 958 28
f 676 1533 958
f 1533 382 958
f 1532 667 379
f 1532 677 667
f 677 29 667
f 1530 1532 379
f 1530 1531 1532
f 1531 101 1532
f 480 955 48
f 480 1530 955
f 1530 379 955
f 1529 664 376
f 1529 481 664
f 481 49 664
f 1527 1529 376
f 1527 1528 1529
f 1528 193 1529
f 678 952 30
f 678 1527 952
f 1527 376 952
f 1526 661 373
f 1526 679 661
f 679 31 661
f 1524 1526 373
f 1524 1525 1526
f 1525 103 1526
f 482 949 50
f 482 1524 949
f 1524 373 949
f 1523 658 370
f 1523 483 658
f 483 51 658
f 1521 1523 370
f 1521 1522 1523
f 1522 195 1523
f 680 946 32
f 680 1521 946
f 1521 370 946
f 1520 655 367
f 1520 681 655
f 681 33 655
f 1518 1520 367
f 1518 1519 1520
f 1519 105 1520
f 689 943 41
f 689 1518 943
f 1518 367 943
f 1517 652 364
f 1517 675 652
f 675 27 652
f 1515 1517 364
f 1515 1516 1517
f 1516 99 1517
f 491 940 59
f 491 1515 940
f 1515 364 940
f 1514 649 361
f 1514 686 649
f 686 38 649
f 1512 1514 361
f 1512 1513 1514
f 1513 110 1514
f 691 937 43
f 691 1512 937
f 1512 361 937
f 1511 646 358
f 1511 492 646
f 492 60 646
f 1509 1511 358
f 1509 1510 1511
f 1510 204 1511
f 493 934 61
f 493 1509 934
f 1509 358 934
f 1508 643 355
f 1508 687 643
f 687 39 643
f 1506 1508 355
f 1506 1507 1508
f 1507 111 1508
f 685 931 37
f 685 1506 931
f 1506 355 931
f 1505 640 352
f 1505 490 640
f 490 58 640
f 1503 1505 352
f 1503 1504 1505
f 1504 202 1505
f 487 928 55
f 487 1503 928
f 1503 352 928
f 1502 637 349
f 1502 495 637
f 495 63 637
f 1500 1502 349
f 1500 1501 1502
f 1501 207 1502
f 469 925 37
f 469 1500 925
f 1500 349 925
f 1499 634 346
f 1499 496 634
f 496 64 634
f 1497 1499 346
f 1497 1498 1499
f 1498 208 1499
f 495 922 63
f 495 1497 922
f 1497 346 922
f 1496 631 343
f 1496 472 631
f 472 40 631
f 1494 1496 343
f 1494 1495 1496
f 1495 184 1496
f 713 919 65
f 713 1494 919
f 1494 343 919
f 1493 628 340
f 1493 498 628
f 498 66 628
f 1491 1493 340
f 1491 1492 1493
f 1492 210 1493
f 703 916 55
f 703 1491 916
f 1491 340 916
f 1490 625 337
f 1490 499 625
f 499 67 625
f 1488 1490 337
f 1488 1489 1490
f 1489 211 1490
f 498 913 66
f 498 1488 913
f 1488 337 913
f 1487 622 334
f 1487 705 622
f 705 57 622
f 1485 1487 334
f 1485 1486 1487
f 1486 129 1487
f 716 910 68
f 716 1485 910
f 1485 334 910
f 1484 619 331
f 1484 501 619
f 501 69 619
f 1482 1484 331
f 1482 1483 1484
f 1483 213 1484
f 475 907 43
f 475 1482 907
f 1482 331 907
f 1481 616 328
f 1481 502 616
f 502 70 616
f 1479 1481 328
f 1479 1480 1481
f 1480 214 1481
f 501 904 69
f 501 1479 904
f 1479 328 904
f 1478 613 325
f 1478 474 613
f 474 42 613
f 1476 1478 325
f 1476 1477 1478
f 1477 186 1478
f 719 901 71
f 719 1476 901
f 1476 325 901
f 1475 610 322
f 1475 504 610
f 504 72 610
f 1473 1475 322
f 1473 1474 1475
f 1474 216 1475
f 709 898 61
f 709 1473 898
f 1473 322 898
f 1472 607 319
f 1472 505 607
f 505 73 607
f 1470 1472 319
f 1470 1471 1472
f 1471 217 1472
f 504 895 72
f 504 1470 895
f 1470 319 895
f 1469 604 316
f 1469 704 604
f 704 56 604
f 1467 1469 316
f 1467 1468 1469
f 1468 128 1469
f 722 892 74
f 722 1467 892
f 1467 316 892
f 1466 601 313
f 1466 507 601
f 507 75 601
f 1464 1466 313
f 1464 1465 1466
f 1465 219 1466
f 473 889 41
f 473 1464 889
f 1464 313 889
f 1463 598 310
f 1463 508 598
f 508 76 598
f 1461 1463 310
f 1461 1462 1463
f 1462 220 1463
f 507 886 75
f 507 1461 886
f 1461 310 886
f 1460 595 307
f 1460 693 595
f 693 45 595
f 1458 1460 307
f 1458 1459 1460
f 1459 117 1460
f 725 883 77
f 725 1458 883
f 1458 307 883
f 1457 592 304
f 1457 510 592
f 510 78 592
f 1455 1457 304
f 1455 1456 1457
f 1456 222 1457
f 707 880 59
f 707 1455 880
f 1455 304 880
f 1454 589 301
f 1454 511 589
f 511 79 589
f 1452 1454 301
f 1452 1453 1454
f 1453 223 1454
f 510 877 78
f 510 1452 877
f 1452 301 877
f 1451 586 298
f 1451 699 586
f 699 51 586
f 1449 1451 298
f 1449 1450 1451
f 1450 123 1451
f 728 874 80
f 728 1449 874
f 1449 298 874
f 1448 583 295
f 1448 513 583
f 513 81 583
f 1446 1448 295
f 1446 1447 1448
f 1447 225 1448
f 698 871 50
f 698 1446 871
f 1446 295 871
f 1445 580 292
f 1445 514 580
f 514 82 580
f 1443 1445 292
f 1443 1444 1445
f 1444 226 1445
f 513 868 81
f 513 1443 868
f 1443 292 868
f 1442 577 289
f 1442 465 577
f 465 33 577
f 1440 1442 289
f 1440 1441 1442
f 1441 177 1442
f 731 865 83
f 731 1440 865
f 1440 289 865
f 1439 574 286
f 1439 516 574
f 516 84 574
f 1437 1439 286
f 1437 1438 1439
f 1438 228 1439
f 464 862 32
f 464 1437 862
f 1437 286 862
f 1436 571 283
f 1436 517 571
f 517 85 571
f 1434 1436 283
f 1434 1435 1436
f 1435 229 1436
f 516 859 84
f 516 1434 859
f 1434 283 859
f 1433 568 280
f 1433 697 568
f 697 49 568
f 1431 1433 280
f 1431 1432 1433
f 1432 121 1433
f 734 856 86
f 734 1431 856
f 1431 280 856
f 1430 565 277
f 1430 519 565
f 519 87 565
f 1428 1430 277
f 1428 1429 1430
f 1429 231 1430
f 696 853 48
f 696 1428 853
f 1428 277 853
f 1427 562 274
f 1427 520 562
f 520 88 562
f 1425 1427 274
f 1425 1426 1427
f 1426 232 1427
f 519 850 87
f 519 1425 850
f 1425 274 850
f 1424 559 271
f 1424 463 559
f 463 31 559
f 1422 1424 271
f 1422 1423 1424
f 1423 175 1424
f 737 847 89
f 737 1422 847
f 1422 271 847
f 1421 556 268
f 1421 522 556
f 522 90 556
f 1419 1421 268
f 1419 1420 1421
f 1420 234 1421
f 462 844 30
f 462 1419 844
f 1419 268 844
f 1418 553 265
f 1418 523 553
f 523 91 553
f 1416 1418 265
f 1416 1417 1418
f 1417 235 1418
f 522 841 90
f 522 1416 841
f 1416 265 841
f 1415 550 262
f 1415 695 550
f 695 47 550
f 1413 1415 262
f 1413 1414 1415
f 1414 119 1415
f 740 838 92
f 740 1413 838
f 1413 262 838
f 1412 547 259
f 1412 525 547
f 525 93 547
f 1410 1412 259
f 1410 1411 1412
f 1411 237 1412
f 694 835 46
f 694 1410 835
f 1410 259 835
f 1409 544 256
f 1409 526 544
f 526 94 544
f 1407 1409 256
f 1407 1408 1409
f 1408 238 1409
f 525 832 93
f 525 1407 832
f 1407 256 832
f 1406 541 253
f 1406 461 541
f 461 29 541
f 1404 1406 253
f 1404 1405 1406
f 1405 173 1406
f 743 829 95
f 743 1404 829
f 1404 253 829
f 1403 538 250
f 1403 528 538
f 528 96 538
f 1401 1403 250
f 1401 1402 1403
f 1402 240 1403
f 460 826 28
f 460 1401 826
f 1401 250 826
f 1400 535 247
f 1400 529 535
f 529 97 535
f 1398 1400 247
f 1398 1399 1400
f 1399 241 1400
f 528 823 96
f 528 1398 823
f 1398 247 823
f 1397 532 244
f 1397 459 532
f 459 27 532
f 1395 1397 244
f 1395 1396 1397
f 1396 171 1397
f 746 820 98
f 746 1395 820
f 1395 244 820
f 1394 702 126
f 1394 531 702
f 531 54 702
f 1392 1394 126
f 1392 1393 1394
f 1393 243 1394
f 818 414 18
f 818 1392 414
f 1392 126 414
f 1391 533 245
f 1391 532 533
f 532 27 533
f 1389 1391 245
f 1389 1390 1391
f 1390 244 1391
f 531 821 54
f 531 1389 821
f 1389 245 821
f 1388 774 198
f 1388 387 774
f 387 2 774
f 1386 1388 198
f 1386 1387 1388
f 1387 99 1388
f 821 486 54
f 821 1386 486
f 1386 198 486
f 1385 530 242
f 1385 534 530
f 534 98 530
f 1383 1385 242
f 1383 1384 1385
f 1384 246 1385
f 456 818 18
f 456 1383 818
f 1383 242 818
f 1382 536 248
f 1382 535 536
f 535 97 536
f 1380 1382 248
f 1380 1381 1382
f 1381 247 1382
f 534 824 98
f 534 1380 824
f 1380 248 824
f 1379 458 170
f 1379 457 458
f 457 9 458
f 1377 1379 170
f 1377 1378 1379
f 1378 169 1379
f 824 746 98
f 824 1377 746
f 1377 170 746
f 1376 684 108
f 1376 537 684
f 537 36 684
f 1374 1376 108
f 1374 1375 1376
f 1375 249 1376
f 388 396 3
f 388 1374 396
f 1374 108 396
f 1373 539 251
f 1373 538 539
f 538 96 539
f 1371 1373 251
f 1371 1372 1373
f 1372 250 1373
f 537 827 36
f 537 1371 827
f 1371 251 827
f 1370 756 180
f 1370 456 756
f 456 18 756
f 1368 1370 180
f 1368 1369 1370
f 1369 168 1370
f 827 468 36
f 827 1368 468
f 1368 180 468
f 1367 467 179
f 1367 540 467
f 540 35 467
f 1365 1367 179
f 1365 1366 1367
f 1366 252 1367
f 815 755 17
f 815 1365 755
f 1365 179 755
f 1364 542 254
f 1364 541 542
f 541 29 542
f 1362 1364 254
f 1362 1363 1364
f 1363 253 1364
f 540 830 35
f 540 1362 830
f 1362 254 830
f 1361 395 107
f 1361 389 395
f 389 4 395
f 1359 1361 107
f 1359 1360 1361
f 1360 101 1361
f 830 683 35
f 830 1359 683
f 1359 107 683
f 1358 527 239
f 1358 543 527
f 543 95 527
f 1356 1358 239
f 1356 1357 1358
f 1357 255 1358
f 453 815 17
f 453 1356 815
f 1356 239 815
f 1355 545 257
f 1355 544 545
f 544 94 545
f 1353 1355 257
f 1353 1354 1355
f 1354 256 1355
f 543 833 95
f 543 1353 833
f 1353 257 833
f 1352 455 167
f 1352 454 455
f 454 11 455
f 1350 1352 167
f 1350 1351 1352
f 1351 166 1352
f 833 743 95
f 833 1350 743
f 1350 167 743
f 1349 485 197
f 1349 546 485
f 546 53 485
f 1347 1349 197
f 1347 1348 1349
f 1348 258 1349
f 766 773 1
f 766 1347 773
f 1347 197 773
f 1346 548 260
f 1346 547 548
f 547 93 548
f 1344 1346 260
f 1344 1345 1346
f 1345 259 1346
f 546 836 53
f 546 1344 836
f 1344 260 836
f 1343 413 125
f 1343 453 413
f 453 17 413
f 1341 1343 125
f 1341 1342 1343
f 1342 165 1343
f 836 701 53
f 836 1341 701
f 1341 125 701
f 1340 705 129
f 1340 549 705
f 549 57 705
f 1338 1340 129
f 1338 1339 1340
f 1339 261 1340
f 812 417 21
f 812 1338 417
f 1338 129 417
f 1337 551 263
f 1337 550 551
f 550 47 551
f 1335 1337 263
f 1335 1336 1337
f 1336 262 1337
f 549 839 57
f 549 1335 839
f 1335 263 839
f 1334 777 201
f 1334 767 777
f 767 3 777
f 1332 1334 201
f 1332 1333 1334
f 1333 191 1334
f 839 489 57
f 839 1332 489
f 1332 201 489
f 1331 524 236
f 1331 552 524
f 552 92 524
f 1329 1331 236
f 1329 1330 1331
f 1330 264 1331
f 450 812 21
f 450 1329 812
f 1329 236 812
f 1328 554 266
f 1328 553 554
f 553 91 554
f 1326 1328 266
f 1326 1327 1328
f 1327 265 1328
f 552 842 92
f 552 1326 842
f 1326 266 842
f 1325 452 164
f 1325 451 452
f 451 11 452
f 1323 1325 164
f 1323 1324 1325
f 1324 163 1325
f 842 740 92
f 842 1323 740
f 1323 164 740
f 1322 687 111
f 1322 555 687
f 555 39 687
f 1320 1322 111
f 1320 1321 1322
f 1321 267 1322
f 390 399 5
f 390 1320 399
f 1320 111 399
f 1319 557 269
f 1319 556 557
f 556 90 557
f 1317 1319 269
f 1317 1318 1319
f 1318 268 1319
f 555 845 39
f 555 1317 845
f 1317 269 845
f 1316 759 183
f 1316 450 759
f 450 21 759
f 1314 1316 183
f 1314 1315 1316
f 1315 162 1316
f 845 471 39
f 845 1314 471
f 1314 183 471
f 1313 474 186
f 1313 558 474
f 558 42 474
f 1311 1313 186
f 1311 1312 1313
f 1312 270 1313
f 809 762 24
f 809 1311 762
f 1311 186 762
f 1310 560 272
f 1310 559 560
f 559 31 560
f 1308 1310 272
f 1308 1309 1310
f 1309 271 1310
f 558 848 42
f 558 1308 848
f 1308 272 848
f 1307 402 114
f 1307 391 402
f 391 6 402
f 1305 1307 114
f 1305 1306 1307
f 1306 103 1307
f 848 690 42
f 848 1305 690
f 1305 114 690
f 1304 521 233
f 1304 561 521
f 561 89 521
f 1302 1304 233
f 1302 1303 1304
f 1303 273 1304
f 447 809 24
f 447 1302 809
f 1302 233 809
f 1301 563 275
f 1301 562 563
f 562 88 563
f 1299 1301 275
f 1299 1300 1301
f 1300 274 1301
f 561 851 89
f 561 1299 851
f 1299 275 851
f 1298 449 161
f 1298 448 449
f 448 13 449
f 1296 1298 161
f 1296 1297 1298
f 1297 160 1298
f 851 737 89
f 851 1296 737
f 1296 161 737
f 1295 492 204
f 1295 564 492
f 564 60 492
f 1293 1295 204
f 1293 1294 1295
f 1294 276 1295
f 768 780 4
f 768 1293 780
f 1293 204 780
f 1292 566 278
f 1292 565 566
f 565 87 566
f 1290 1292 278
f 1290 1291 1292
f 1291 277 1292
f 564 854 60
f 564 1290 854
f 1290 278 854
f 1289 420 132
f 1289 447 420
f 447 24 420
f 1287 1289 132
f 1287 1288 1289
f 1288 159 1289
f 854 708 60
f 854 1287 708
f 1287 132 708
f 1286 710 134
f 1286 567 710
f 567 62 710
f 1284 1286 134
f 1284 1285 1286
f 1285 279 1286
f 806 422 26
f 806 1284 422
f 1284 134 422
f 1283 569 281
f 1283 568 569
f 568 49 569
f 1281 1283 281
f 1281 1282 1283
f 1282 280 1283
f 567 857 62
f 567 1281 857
f 1281 281 857
f 1280 782 206
f 1280 769 782
f 769 5 782
f 1278 1280 206
f 1278 1279 1280
f 1279 193 1280
f 857 494 62
f 857 1278 494
f 1278 206 494
f 1277 518 230
f 1277 570 518
f 570 86 518
f 1275 1277 230
f 1275 1276 1277
f 1276 282 1277
f 444 806 26
f 444 1275 806
f 1275 230 806
f 1274 572 284
f 1274 571 572
f 571 85 572
f 1272 1274 284
f 1272 1273 1274
f 1273 283 1274
f 570 860 86
f 570 1272 860
f 1272 284 860
f 1271 446 158
f 1271 445 446
f 445 13 446
f 1269 1271 158
f 1269 1270 1271
f 1270 157 1271
f 860 734 86
f 860 1269 734
f 1269 158 734
f 1268 692 116
f 1268 573 692
f 573 44 692
f 1266 1268 116
f 1266 1267 1268
f 1267 285 1268
f 392 404 7
f 392 1266 404
f 1266 116 404
f 1265 575 287
f 1265 574 575
f 574 84 575
f 1263 1265 287
f 1263 1264 1265
f 1264 286 1265
f 573 863 44
f 573 1263 863
f 1263 287 863
f 1262 764 188
f 1262 444 764
f 444 26 764
f 1260 1262 188
f 1260 1261 1262
f 1261 156 1262
f 863 476 44
f 863 1260 476
f 1260 188 476
f 1259 466 178
f 1259 576 466
f 576 34 466
f 1257 1259 178
f 1257 1258 1259
f 1258 288 1259
f 803 754 16
f 803 1257 754
f 1257 178 754
f 1256 578 290
f 1256 577 578
f 577 33 578
f 1254 1256 290
f 1254 1255 1256
f 1255 289 1256
f 576 866 34
f 576 1254 866
f 1254 290 866
f 1253 394 106
f 1253 393 394
f 393 8 394
f 1251 1253 106
f 1251 1252 1253
f 1252 105 1253
f 866 682 34
f 866 1251 682
f 1251 106 682
f 1250 515 227
f 1250 579 515
f 579 83 515
f 1248 1250 227
f 1248 1249 1250
f 1249 291 1250
f 441 803 16
f 441 1248 803
f 1248 227 803
f 1247 581 293
f 1247 580 581
f 580 82 581
f 1245 1247 293
f 1245 1246 1247
f 1246 292 1247
f 579 869 83
f 579 1245 869
f 1245 293 869
f 1244 443 155
f 1244 442 443
f 442 15 443
f 1242 1244 155
f 1242 1243 1244
f 1243 154 1244
f 869 731 83
f 869 1242 731
f 1242 155 731
f 1241 484 196
f 1241 582 484
f 582 52 484
f 1239 1241 196
f 1239 1240 1241
f 1240 294 1241
f 770 772 6
f 770 1239 772
f 1239 196 772
f 1238 584 296
f 1238 583 584
f 583 81 584
f 1236 1238 296
f 1236 1237 1238
f 1237 295 1238
f 582 872 52
f 582 1236 872
f 1236 296 872
f 1235 412 124
f 1235 441 412
f 441 16 412
f 1233 1235 124
f 1233 1234 1235
f 1234 153 1235
f 872 700 52
f 872 1233 700
f 1233 124 700
f 1232 472 184
f 1232 585 472
f 585 40 472
f 1230 1232 184
f 1230 1231 1232
f 1231 297 1232
f 800 760 22
f 800 1230 760
f 1230 184 760
f 1229 587 299
f 1229 586 587
f 586 51 587
f 1227 1229 299
f 1227 1228 1229
f 1228 298 1229
f 585 875 40
f 585 1227 875
f 1227 299 875
f 1226 400 112
f 1226 771 400
f 771 7 400
f 1224 1226 112
f 1224 1225 1226
f 1225 195 1226
f 875 688 40
f 875 1224 688
f 1224 112 688
f 1223 512 224
f 1223 588 512
f 588 80 512
f 1221 1223 224
f 1221 1222 1223
f 1222 300 1223
f 438 800 22
f 438 1221 800
f 1221 224 800
f 1220 590 302
f 1220 589 590
f 589 79 590
f 1218 1220 302
f 1218 1219 1220
f 1219 301 1220
f 588 878 80
f 588 1218 878
f 1218 302 878
f 1217 440 152
f 1217 439 440
f 439 15 440
f 1215 1217 152
f 1215 1216 1217
f 1216 151 1217
f 878 728 80
f 878 1215 728
f 1215 152 728
f 1214 490 202
f 1214 591 490
f 591 58 490
f 1212 1214 202
f 1212 1213 1214
f 1213 303 1214
f 779 778 2
f 779 1212 778
f 1212 202 778
f 1211 593 305
f 1211 592 593
f 592 78 593
f 1209 1211 305
f 1209 1210 1211
f 1210 304 1211
f 591 881 58
f 591 1209 881
f 1209 305 881
f 1208 418 130
f 1208 438 418
f 438 22 418
f 1206 1208 130
f 1206 1207 1208
f 1207 150 1208
f 881 706 58
f 881 1206 706
f 1206 130 706
f 1205 704 128
f 1205 594 704
f 594 56 704
f 1203 1205 128
f 1203 1204 1205
f 1204 306 1205
f 797 416 20
f 797 1203 416
f 1203 128 416
f 1202 596 308
f 1202 595 596
f 595 45 596
f 1200 1202 308
f 1200 1201 1202
f 1201 307 1202
f 594 884 56
f 594 1200 884
f 1200 308 884
f 1199 776 200
f 1199 765 776
f 765 1 776
f 1197 1199 200
f 1197 1198 1199
f 1198 189 1199
f 884 488 56
f 884 1197 488
f 1197 200 488
f 1196 509 221
f 1196 597 509
f 597 77 509
f 1194 1196 221
f 1194 1195 1196
f 1195 309 1196
f 435 797 20
f 435 1194 797
f 1194 221 797
f 1193 599 311
f 1193 598 599
f 598 76 599
f 1191 1193 311
f 1191 1192 1193
f 1192 310 1193
f 597 887 77
f 597 1191 887
f 1191 311 887
f 1190 437 149
f 1190 436 437
f 436 9 437
f 1188 1190 149
f 1188 1189 1190
f 1189 148 1190
f 887 725 77
f 887 1188 725
f 1188 149 725
f 1187 686 110
f 1187 600 686
f 600 38 686
f 1185 1187 110
f 1185 1186 1187
f 1186 312 1187
f 401 398 8
f 401 1185 398
f 1185 110 398
f 1184 602 314
f 1184 601 602
f 601 75 602
f 1182 1184 314
f 1182 1183 1184
f 1183 313 1184
f 600 890 38
f 600 1182 890
f 1182 314 890
f 1181 758 182
f 1181 435 758
f 435 20 758
f 1179 1181 182
f 1179 1180 1181
f 1180 147 1181
f 890 470 38
f 890 1179 470
f 1179 182 470
f 1178 701 125
f 1178 603 701
f 603 53 701
f 1176 1178 125
f 1176 1177 1178
f 1177 315 1178
f 794 413 17
f 794 1176 413
f 1176 125 413
f 1175 605 317
f 1175 604 605
f 604 56 605
f 1173 1175 317
f 1173 1174 1175
f 1174 316 1175
f 603 893 53
f 603 1173 893
f 1173 317 893
f 1172 773 197
f 1172 776 773
f 776 1 773
f 1170 1172 197
f 1170 1171 1172
f 1171 200 1172
f 893 485 53
f 893 1170 485
f 1170 197 485
f 1169 506 218
f 1169 606 506
f 606 74 506
f 1167 1169 218
f 1167 1168 1169
f 1168 318 1169
f 432 794 17
f 432 1167 794
f 1167 218 794
f 1166 608 320
f 1166 607 608
f 607 73 608
f 1164 1166 320
f 1164 1165 1166
f 1165 319 1166
f 606 896 74
f 606 1164 896
f 1164 320 896
f 1163 434 146
f 1163 433 434
f 433 20 434
f 1161 1163 146
f 1161 1162 1163
f 1162 145 1163
f 896 722 74
f 896 1161 722
f 1161 146 722
f 1160 683 107
f 1160 609 683
f 609 35 683
f 1158 1160 107
f 1158 1159 1160
f 1159 321 1160
f 781 395 4
f 781 1158 395
f 1158 107 395
f 1157 611 323
f 1157 610 611
f 610 72 611
f 1155 1157 323
f 1155 1156 1157
f 1156 322 1157
f 609 899 35
f 609 1155 899
f 1155 323 899
f 1154 755 179
f 1154 432 755
f 432 17 755
f 1152 1154 179
f 1152 1153 1154
f 1153 144 1154
f 899 467 35
f 899 1152 467
f 1152 179 467
f 1151 700 124
f 1151 612 700
f 612 52 700
f 1149 1151 124
f 1149 1150 1151
f 1150 324 1151
f 791 412 16
f 791 1149 412
f 1149 124 412
f 1148 614 326
f 1148 613 614
f 613 42 614
f 1146 1148 326
f 1146 1147 1148
f 1147 325 1148
f 612 902 52
f 612 1146 902
f 1146 326 902
f 1145 772 196
f 1145 402 772
f 402 6 772
f 1143 1145 196
f 1143 1144 1145
f 1144 114 1145
f 902 484 52
f 902 1143 484
f 1143 196 484
f 1142 503 215
f 1142 615 503
f 615 71 503
f 1140 1142 215
f 1140 1141 1142
f 1141 327 1142
f 429 791 16
f 429 1140 791
f 1140 215 791
f 1139 617 329
f 1139 616 617
f 616 70 617
f 1137 1139 329
f 1137 1138 1139
f 1138 328 1139
f 615 905 71
f 615 1137 905
f 1137 329 905
f 1136 431 143
f 1136 430 431
f 430 24 431
f 1134 1136 143
f 1134 1135 1136
f 1135 142 1136
f 905 719 71
f 905 1134 719
f 1134 143 719
f 1133 682 106
f 1133 618 682
f 618 34 682
f 1131 1133 106
f 1131 1132 1133
f 1132 330 1133
f 403 394 8
f 403 1131 394
f 1131 106 394
f 1130 620 332
f 1130 619 620
f 619 69 620
f 1128 1130 332
f 1128 1129 1130
f 1129 331 1130
f 618 908 34
f 618 1128 908
f 1128 332 908
f 1127 754 178
f 1127 429 754
f 429 16 754
f 1125 1127 178
f 1125 1126 1127
f 1126 141 1127
f 908 466 34
f 908 1125 466
f 1125 178 466
f 1124 468 180
f 1124 621 468
f 621 36 468
f 1122 1124 180
f 1122 1123 1124
f 1123 333 1124
f 788 756 18
f 788 1122 756
f 1122 180 756
f 1121 623 335
f 1121 622 623
f 622 57 623
f 1119 1121 335
f 1119 1120 1121
f 1120 334 1121
f 621 911 36
f 621 1119 911
f 1119 335 911
f 1118 396 108
f 1118 777 396
f 777 3 396
f 1116 1118 108
f 1116 1117 1118
f 1117 201 1118
f 911 684 36
f 911 1116 684
f 1116 108 684
f 1115 500 212
f 1115 624 500
f 624 68 500
f 1113 1115 212
f 1113 1114 1115
f 1114 336 1115
f 426 788 18
f 426 1113 788
f 1113 212 788
f 1112 626 338
f 1112 625 626
f 625 67 626
f 1110 1112 338
f 1110 1111 1112
f 1111 337 1112
f 624 914 68
f 624 1110 914
f 1110 338 914
f 1109 428 140
f 1109 427 428
f 427 21 428
f 1107 1109 140
f 1107 1108 1109
f 1108 139 1109
f 914 716 68
f 914 1107 716
f 1107 140 716
f 1106 486 198
f 1106 627 486
f 627 54 486
f 1104 1106 198
f 1104 1105 1106
f 1105 339 1106
f 775 774 2
f 775 1104 774
f 1104 198 774
f 1103 629 341
f 1103 628 629
f 628 66 629
f 1101 1103 341
f 1101 1102 1103
f 1102 340 1103
f 627 917 54
f 627 1101 917
f 1101 341 917
f 1100 414 126
f 1100 426 414
f 426 18 414
f 1098 1100 126
f 1098 1099 1100
f 1099 138 1100
f 917 702 54
f 917 1098 702
f 1098 126 702
f 1097 476 188
f 1097 630 476
f 630 44 476
f 1095 1097 188
f 1095 1096 1097
f 1096 342 1097
f 785 764 26
f 785 1095 764
f 1095 188 764
f 1094 632 344
f 1094 631 632
f 631 40 632
f 1092 1094 344
f 1092 1093 1094
f 1093 343 1094
f 630 920 44
f 630 1092 920
f 1092 344 920
f 1091 404 116
f 1091 400 404
f 400 7 404
f 1089 1091 116
f 1089 1090 1091
f 1090 112 1091
f 920 692 44
f 920 1089 692
f 1089 116 692
f 1088 497 209
f 1088 633 497
f 633 65 497
f 1086 1088 209
f 1086 1087 1088
f 1087 345 1088
f 423 785 26
f 423 1086 785
f 1086 209 785
f 1085 635 347
f 1085 634 635
f 634 64 635
f 1083 1085 347
f 1083 1084 1085
f 1084 346 1085
f 633 923 65
f 633 1083 923
f 1083 347 923
f 1082 425 137
f 1082 424 425
f 424 22 425
f 1080 1082 137
f 1080 1081 1082
f 1081 136 1082
f 923 713 65
f 923 1080 713
f 1080 137 713
f 1079 494 206
f 1079 636 494
f 636 62 494
f 1077 1079 206
f 1077 1078 1079
f 1078 348 1079
f 397 782 5
f 397 1077 782
f 1077 206 782
f 1076 638 350
f 1076 637 638
f 637 63 638
f 1074 1076 350
f 1074 1075 1076
f 1075 349 1076
f 636 926 62
f 636 1074 926
f 1074 350 926
f 1073 422 134
f 1073 423 422
f 423 26 422
f 1071 1073 134
f 1071 1072 1073
f 1072 135 1073
f 926 710 62
f 926 1071 710
f 1071 134 710
f 1070 496 208
f 1070 639 496
f 639 64 496
f 1068 1070 208
f 1068 1069 1070
f 1069 351 1070
f 415 784 19
f 415 1068 784
f 1068 208 784
f 1067 641 353
f 1067 640 641
f 640 58 641
f 1065 1067 353
f 1065 1066 1067
f 1066 352 1067
f 639 929 64
f 639 1065 929
f 1065 353 929
f 1064 424 136
f 1064 418 424
f 418 22 424
f 1062 1064 136
f 1062 1063 1064
f 1063 130 1064
f 929 712 64
f 929 1062 712
f 1062 136 712
f 1061 499 211
f 1061 642 499
f 642 67 499
f 1059 1061 211
f 1059 1060 1061
f 1060 354 1061
f 757 787 19
f 757 1059 787
f 1059 211 787
f 1058 644 356
f 1058 643 644
f 643 39 644
f 1056 1058 356
f 1056 1057 1058
f 1057 355 1058
f 642 932 67
f 642 1056 932
f 1056 356 932
f 1055 427 139
f 1055 759 427
f 759 21 427
f 1053 1055 139
f 1053 1054 1055
f 1054 183 1055
f 932 715 67
f 932 1053 715
f 1053 139 715
f 1052 502 214
f 1052 645 502
f 645 70 502
f 1050 1052 214
f 1050 1051 1052
f 1051 357 1052
f 421 790 25
f 421 1050 790
f 1050 214 790
f 1049 647 359
f 1049 646 647
f 646 60 647
f 1047 1049 359
f 1047 1048 1049
f 1048 358 1049
f 645 935 70
f 645 1047 935
f 1047 359 935
f 1046 430 142
f 1046 420 430
f 420 24 430
f 1044 1046 142
f 1044 1045 1046
f 1045 132 1046
f 935 718 70
f 935 1044 718
f 1044 142 718
f 1043 505 217
f 1043 648 505
f 648 73 505
f 1041 1043 217
f 1041 1042 1043
f 1042 360 1043
f 763 793 25
f 763 1041 793
f 1041 217 793
f 1040 650 362
f 1040 649 650
f 649 38 650
f 1038 1040 362
f 1038 1039 1040
f 1039 361 1040
f 648 938 73
f 648 1038 938
f 1038 362 938
f 1037 433 145
f 1037 758 433
f 758 20 433
f 1035 1037 145
f 1035 1036 1037
f 1036 182 1037
f 938 721 73
f 938 1035 721
f 1035 145 721
f 1034 508 220
f 1034 651 508
f 651 76 508
f 1032 1034 220
f 1032 1033 1034
f 1033 363 1034
f 419 796 23
f 419 1032 796
f 1032 220 796
f 1031 653 365
f 1031 652 653
f 652 27 653
f 1029 1031 365
f 1029 1030 1031
f 1030 364 1031
f 651 941 76
f 651 1029 941
f 1029 365 941
f 1028 436 148
f 1028 747 436
f 747 9 436
f 1026 1028 148
f 1026 1027 1028
f 1027 171 1028
f 941 724 76
f 941 1026 724
f 1026 148 724
f 1025 511 223
f 1025 654 511
f 654 79 511
f 1023 1025 223
f 1023 1024 1025
f 1024 366 1025
f 761 799 23
f 761 1023 799
f 1023 223 799
f 1022 656 368
f 1022 655 656
f 655 33 656
f 1020 1022 368
f 1020 1021 1022
f 1021 367 1022
f 654 944 79
f 654 1020 944
f 1020 368 944
f 1019 439 151
f 1019 753 439
f 753 15 439
f 1017 1019 151
f 1017 1018 1019
f 1018 177 1019
f 944 727 79
f 944 1017 727
f 1017 151 727
f 1016 514 226
f 1016 657 514
f 657 82 514
f 1014 1016 226
f 1014 1015 1016
f 1015 369 1016
f 752 802 14
f 752 1014 802
f 1014 226 802
f 1013 659 371
f 1013 658 659
f 658 51 659
f 1011 1013 371
f 1011 1012 1013
f 1012 370 1013
f 657 947 82
f 657 1011 947
f 1011 371 947
f 1010 442 154
f 1010 411 442
f 411 15 442
f 1008 1010 154
f 1008 1009 1010
f 1009 123 1010
f 947 730 82
f 947 1008 730
f 1008 154 730
f 1007 517 229
f 1007 660 517
f 660 85 517
f 1005 1007 229
f 1005 1006 1007
f 1006 372 1007
f 410 805 14
f 410 1005 805
f 1005 229 805
f 1004 662 374
f 1004 661 662
f 661 31 662
f 1002 1004 374
f 1002 1003 1004
f 1003 373 1004
f 660 950 85
f 660 1002 950
f 1002 374 950
f 1001 445 157
f 1001 751 445
f 751 13 445
f 999 1001 157
f 999 1000 1001
f 1000 175 1001
f 950 733 85
f 950 999 733
f 999 157 733
f 998 520 232
f 998 663 520
f 663 88 520
f 996 998 232
f 996 997 998
f 997 375 998
f 750 808 12
f 750 996 808
f 996 232 808
f 995 665 377
f 995 664 665
f 664 49 665
f 993 995 377
f 993 994 995
f 994 376 995
f 663 953 88
f 663 993 953
f 993 377 953
f 992 448 160
f 992 409 448
f 409 13 448
f 990 992 160
f 990 991 992
f 991 121 992
f 953 736 88
f 953 990 736
f 990 160 736
f 989 523 235
f 989 666 523
f 666 91 523
f 987 989 235
f 987 988 989
f 988 378 989
f 408 811 12
f 408 987 811
f 987 235 811
f 986 668 380
f 986 667 668
f 667 29 668
f 984 986 380
f 984 985 986
f 985 379 986
f 666 956 91
f 666 984 956
f 984 380 956
f 983 451 163
f 983 749 451
f 749 11 451
f 981 983 163
f 981 982 983
f 982 173 983
f 956 739 91
f 956 981 739
f 981 163 739
f 980 526 238
f 980 669 526
f 669 94 526
f 978 980 238
f 978 979 980
f 979 381 980
f 748 814 10
f 748 978 814
f 978 238 814
f 977 671 383
f 977 670 671
f 670 47 671
f 975 977 383
f 975 976 977
f 976 382 977
f 669 959 94
f 669 975 959
f 975 383 959
f 974 454 166
f 974 407 454
f 407 11 454
f 972 974 166
f 972 973 974
f 973 119 974
f 959 742 94
f 959 972 742
f 972 166 742
f 971 529 241
f 971 672 529
f 672 97 529
f 969 971 241
f 969 970 971
f 970 384 971
f 406 817 10
f 406 969 817
f 969 241 817
f 968 674 386
f 968 673 674
f 673 45 674
f 966 968 386
f 966 967 968
f 967 385 968
f 672 962 97
f 672 966 962
f 966 386 962
f 965 457 169
f 965 405 457
f 405 9 457
f 963 965 169
f 963 964 965
f 964 117 965
f 962 745 97
f 962 963 745
f 963 169 745
f 674 964 386
f 674 693 964
f 693 117 964
f 960 967 384
f 960 961 967
f 961 385 967
f 694 970 118
f 694 960 970
f 960 384 970
f 671 973 383
f 671 695 973
f 695 119 973
f 957 976 381
f 957 958 976
f 958 382 976
f 460 979 172
f 460 957 979
f 957 381 979
f 668 982 380
f 668 461 982
f 461 173 982
f 954 985 378
f 954 955 985
f 955 379 985
f 696 988 120
f 696 954 988
f 954 378 988
f 665 991 377
f 665 697 991
f 697 121 991
f 951 994 375
f 951 952 994
f 952 376 994
f 462 997 174
f 462 951 997
f 951 375 997
f 662 1000 374
f 662 463 1000
f 463 175 1000
f 948 1003 372
f 948 949 1003
f 949 373 1003
f 698 1006 122
f 698 948 1006
f 948 372 1006
f 659 1009 371
f 659 699 1009
f 699 123 1009
f 945 1012 369
f 945 946 1012
f 946 370 1012
f 464 1015 176
f 464 945 1015
f 945 369 1015
f 656 1018 368
f 656 465 1018
f 465 177 1018
f 942 1021 366
f 942 943 1021
f 943 367 1021
f 473 1024 185
f 473 942 1024
f 942 366 1024
f 653 1027 365
f 653 459 1027
f 459 171 1027
f 939 1030 363
f 939 940 1030
f 940 364 1030
f 707 1033 131
f 707 939 1033
f 939 363 1033
f 650 1036 362
f 650 470 1036
f 470 182 1036
f 936 1039 360
f 936 937 1039
f 937 361 1039
f 475 1042 187
f 475 936 1042
f 936 360 1042
f 647 1045 359
f 647 708 1045
f 708 132 1045
f 933 1048 357
f 933 934 1048
f 934 358 1048
f 709 1051 133
f 709 933 1051
f 933 357 1051
f 644 1054 356
f 644 471 1054
f 471 183 1054
f 930 1057 354
f 930 931 1057
f 931 355 1057
f 469 1060 181
f 469 930 1060
f 930 354 1060
f 641 1063 353
f 641 706 1063
f 706 130 1063
f 927 1066 351
f 927 928 1066
f 928 352 1066
f 703 1069 127
f 703 927 1069
f 927 351 1069
f 638 1072 350
f 638 711 1072
f 711 135 1072
f 924 1075 348
f 924 925 1075
f 925 349 1075
f 685 1078 109
f 685 924 1078
f 924 348 1078
f 635 1081 347
f 635 712 1081
f 712 136 1081
f 921 1084 345
f 921 922 1084
f 922 346 1084
f 711 1087 135
f 711 921 1087
f 921 345 1087
f 632 1090 344
f 632 688 1090
f 688 112 1090
f 918 1093 342
f 918 919 1093
f 919 343 1093
f 497 1096 209
f 497 918 1096
f 918 342 1096
f 629 1099 341
f 629 714 1099
f 714 138 1099
f 915 1102 339
f 915 916 1102
f 916 340 1102
f 487 1105 199
f 487 915 1105
f 915 339 1105
f 626 1108 338
f 626 715 1108
f 715 139 1108
f 912 1111 336
f 912 913 1111
f 913 337 1111
f 714 1114 138
f 714 912 1114
f 912 336 1114
f 623 1117 335
f 623 489 1117
f 489 201 1117
f 909 1120 333
f 909 910 1120
f 910 334 1120
f 500 1123 212
f 500 909 1123
f 909 333 1123
f 620 1126 332
f 620 717 1126
f 717 141 1126
f 906 1129 330
f 906 907 1129
f 907 331 1129
f 691 1132 115
f 691 906 1132
f 906 330 1132
f 617 1135 329
f 617 718 1135
f 718 142 1135
f 903 1138 327
f 903 904 1138
f 904 328 1138
f 717 1141 141
f 717 903 1141
f 903 327 1141
f 614 1144 326
f 614 690 1144
f 690 114 1144
f 900 1147 324
f 900 901 1147
f 901 325 1147
f 503 1150 215
f 503 900 1150
f 900 324 1150
f 611 1153 323
f 611 720 1153
f 720 144 1153
f 897 1156 321
f 897 898 1156
f 898 322 1156
f 493 1159 205
f 493 897 1159
f 897 321 1159
f 608 1162 320
f 608 721 1162
f 721 145 1162
f 894 1165 318
f 894 895 1165
f 895 319 1165
f 720 1168 144
f 720 894 1168
f 894 318 1168
f 605 1171 317
f 605 488 1171
f 488 200 1171
f 891 1174 315
f 891 892 1174
f 892 316 1174
f 506 1177 218
f 506 891 1177
f 891 315 1177
f 602 1180 314
f 602 723 1180
f 723 147 1180
f 888 1183 312
f 888 889 1183
f 889 313 1183
f 689 1186 113
f 689 888 1186
f 888 312 1186
f 599 1189 311
f 599 724 1189
f 724 148 1189
f 885 1192 309
f 885 886 1192
f 886 310 1192
f 723 1195 147
f 723 885 1195
f 885 309 1195
f 596 1198 308
f 596 477 1198
f 477 189 1198
f 882 1201 306
f 882 883 1201
f 883 307 1201
f 509 1204 221
f 509 882 1204
f 882 306 1204
f 593 1207 305
f 593 726 1207
f 726 150 1207
f 879 1210 303
f 879 880 1210
f 880 304 1210
f 491 1213 203
f 491 879 1213
f 879 303 1213
f 590 1216 302
f 590 727 1216
f 727 151 1216
f 876 1219 300
f 876 877 1219
f 877 301 1219
f 726 1222 150
f 726 876 1222
f 876 300 1222
f 587 1225 299
f 587 483 1225
f 483 195 1225
f 873 1228 297
f 873 874 1228
f 874 298 1228
f 512 1231 224
f 512 873 1231
f 873 297 1231
f 584 1234 296
f 584 729 1234
f 729 153 1234
f 870 1237 294
f 870 871 1237
f 871 295 1237
f 482 1240 194
f 482 870 1240
f 870 294 1240
f 581 1243 293
f 581 730 1243
f 730 154 1243
f 867 1246 291
f 867 868 1246
f 868 292 1246
f 729 1249 153
f 729 867 1249
f 867 291 1249
f 578 1252 290
f 578 681 1252
f 681 105 1252
f 864 1255 288
f 864 865 1255
f 865 289 1255
f 515 1258 227
f 515 864 1258
f 864 288 1258
f 575 1261 287
f 575 732 1261
f 732 156 1261
f 861 1264 285
f 861 862 1264
f 862 286 1264
f 680 1267 104
f 680 861 1267
f 861 285 1267
f 572 1270 284
f 572 733 1270
f 733 157 1270
f 858 1273 282
f 858 859 1273
f 859 283 1273
f 732 1276 156
f 732 858 1276
f 858 282 1276
f 569 1279 281
f 569 481 1279
f 481 193 1279
f 855 1282 279
f 855 856 1282
f 856 280 1282
f 518 1285 230
f 518 855 1285
f 855 279 1285
f 566 1288 278
f 566 735 1288
f 735 159 1288
f 852 1291 276
f 852 853 1291
f 853 277 1291
f 480 1294 192
f 480 852 1294
f 852 276 1294
f 563 1297 275
f 563 736 1297
f 736 160 1297
f 849 1300 273
f 849 850 1300
f 850 274 1300
f 735 1303 159
f 735 849 1303
f 849 273 1303
f 560 1306 272
f 560 679 1306
f 679 103 1306
f 846 1309 270
f 846 847 1309
f 847 271 1309
f 521 1312 233
f 521 846 1312
f 846 270 1312
f 557 1315 269
f 557 738 1315
f 738 162 1315
f 843 1318 267
f 843 844 1318
f 844 268 1318
f 678 1321 102
f 678 843 1321
f 843 267 1321
f 554 1324 266
f 554 739 1324
f 739 163 1324
f 840 1327 264
f 840 841 1327
f 841 265 1327
f 738 1330 162
f 738 840 1330
f 840 264 1330
f 551 1333 263
f 551 479 1333
f 479 191 1333
f 837 1336 261
f 837 838 1336
f 838 262 1336
f 524 1339 236
f 524 837 1339
f 837 261 1339
f 548 1342 260
f 548 741 1342
f 741 165 1342
f 834 1345 258
f 834 835 1345
f 835 259 1345
f 478 1348 190
f 478 834 1348
f 834 258 1348
f 545 1351 257
f 545 742 1351
f 742 166 1351
f 831 1354 255
f 831 832 1354
f 832 256 1354
f 741 1357 165
f 741 831 1357
f 831 255 1357
f 542 1360 254
f 542 677 1360
f 677 101 1360
f 828 1363 252
f 828 829 1363
f 829 253 1363
f 527 1366 239
f 527 828 1366
f 828 252 1366
f 539 1369 251
f 539 744 1369
f 744 168 1369
f 825 1372 249
f 825 826 1372
f 826 250 1372
f 676 1375 100
f 676 825 1375
f 825 249 1375
f 536 1378 248
f 536 745 1378
f 745 169 1378
f 822 1381 246
f 822 823 1381
f 823 247 1381
f 744 1384 168
f 744 822 1384
f 822 246 1384
f 533 1387 245
f 533 675 1387
f 675 99 1387
f 819 1390 243
f 819 820 1390
f 820 244 1390
f 530 1393 242
f 530 819 1393
f 819 243 1393
f 458 1396 170
f 458 747 1396
f 747 171 1396
f 816 1399 240
f 816 817 1399
f 817 241 1399
f 748 1402 172
f 748 816 1402
f 816 240 1402
f 455 1405 167
f 455 749 1405
f 749 173 1405
f 813 1408 237
f 813 814 1408
f 814 238 1408
f 406 1411 118
f 406 813 1411
f 813 237 1411
f 452 1414 164
f 452 407 1414
f 407 119 1414
f 810 1417 234
f 810 811 1417
f 811 235 1417
f 750 1420 174
f 750 810 1420
f 810 234 1420
f 449 1423 161
f 449 751 1423
f 751 175 1423
f 807 1426 231
f 807 808 1426
f 808 232 1426
f 408 1429 120
f 408 807 1429
f 807 231 1429
f 446 1432 158
f 446 409 1432
f 409 121 1432
f 804 1435 228
f 804 805 1435
f 805 229 1435
f 752 1438 176
f 752 804 1438
f 804 228 1438
f 443 1441 155
f 443 753 1441
f 753 177 1441
f 801 1444 225
f 801 802 1444
f 802 226 1444
f 410 1447 122
f 410 801 1447
f 801 225 1447
f 440 1450 152
f 440 411 1450
f 411 123 1450
f 798 1453 222
f 798 799 1453
f 799 223 1453
f 419 1456 131
f 419 798 1456
f 798 222 1456
f 437 1459 149
f 437 405 1459
f 405 117 1459
f 795 1462 219
f 795 796 1462
f 796 220 1462
f 761 1465 185
f 761 795 1465
f 795 219 1465
f 434 1468 146
f 434 416 1468
f 416 128 1468
f 792 1471 216
f 792 793 1471
f 793 217 1471
f 421 1474 133
f 421 792 1474
f 792 216 1474
f 431 1477 143
f 431 762 1477
f 762 186 1477
f 789 1480 213
f 789 790 1480
f 790 214 1480
f 763 1483 187
f 763 789 1483
f 789 213 1483
f 428 1486 140
f 428 417 1486
f 417 129 1486
f 786 1489 210
f 786 787 1489
f 787 211 1489
f 415 1492 127
f 415 786 1492
f 786 210 1492
f 425 1495 137
f 425 760 1495
f 760 184 1495
f 783 1498 207
f 783 784 1498
f 784 208 1498
f 757 1501 181
f 757 783 1501
f 783 207 1501
f 775 1504 199
f 775 778 1504
f 778 202 1504
f 397 1507 109
f 397 399 1507
f 399 111 1507
f 781 1510 205
f 781 780 1510
f 780 204 1510
f 403 1513 115
f 403 398 1513
f 398 110 1513
f 779 1516 203
f 779 387 1516
f 387 99 1516
f 401 1519 113
f 401 393 1519
f 393 105 1519
f 392 1522 104
f 392 771 1522
f 771 195 1522
f 770 1525 194
f 770 391 1525
f 391 103 1525
f 390 1528 102
f 390 769 1528
f 769 193 1528
f 768 1531 192
f 768 389 1531
f 389 101 1531
f 388 1534 100
f 388 767 1534
f 767 191 1534
f 766 1537 190
f 766 765 1537
f 765 189 1537
o wing_bottom.004
v -0.153000 0.045000 0.047000
v -0.153000 0.045000 0.050000
v -0.153000 -0.045000 0.050000
v -0.153000 -0.045000 0.047000
v -0.353000 0.035000 0.047000
v -0.353000 0.035000 0.050000
v -0.353000 -0.035000 0.047000
v -0.353000 -0.035000 0.050000
v -0.153000 0.045000 0.048500
v -0.153000 0.000000 0.048500
v -0.153000 -0.045000 0.048500
v -0.253000 0.040000 0.048500
v -0.353000 0.035000 0.048500
v -0.353000 0.000000 0.048500
v -0.353000 -0.035000 0.048500
v -0.353000 0.000000 0.050000
v -0.153000 0.000000 0.047000
v -0.153000 0.000000 0.050000
v -0.253000 0.040000 0.047000
v -0.253000 0.005000 0.047000
v -0.253000 0.040000 0.050000
v -0.253000 -0.005000 0.050000
v -0.253000 -0.040000 0.050000
v -0.253000 -0.040000 0.047000
v -0.253000 -0.040000 0.048500
v -0.353000 0.000000 0.047000
v -0.153000 0.045000 0.049250
v -0.153000 -0.022500 0.049250
v -0.153000 -0.045000 0.047750
v -0.303000 0.037500 0.047750
v -0.353000 0.035000 0.049250
v -0.353000 -0.017500 0.047750
v -0.353000 -0.035000 0.049250
v -0.353000 -0.017500 0.050000
v -0.153000 -0.022500 0.047000
v -0.153000 -0.022500 0.050000
v -0.303000 0.037500 0.047000
v -0.303000 -0.015000 0.047000
v -0.303000 0.037500 0.050000
v -0.303000 0.015000 0.050000
v -0.303000 -0.037500 0.050000
v -0.303000 -0.037500 0.047000
v -0.303000 -0.037500 0.049250
v -0.353000 -0.017500 0.047000
v -0.153000 0.045000 0.047750
v -0.153000 0.022500 0.047750
v -0.153000 -0.045000 0.049250
v -0.203000 0.042500 0.049250
v -0.353000 0.035000 0.047750
v -0.353000 0.017500 0.049250
v -0.353000 -0.035000 0.047750
v -0.353000 0.017500 0.050000
v -0.153000 0.022500 0.047000
v -0.153000 0.022500 0.050000
v -0.203000 0.042500 0.047000
v -0.203000 0.025000 0.047000
v -0.203000 0.042500 0.050000
v -0.203000 -0.025000 0.050000
v -0.203000 -0.042500 0.050000
v -0.203000 -0.042500 0.047000
v -0.203000 -0.042500 0.047750
v -0.353000 0.017500 0.047000
v -0.253000 -0.022500 0.050000
v -0.303000 -0.002500 0.050000
v -0.303000 -0.020000 0.050000
v -0.253000 0.017500 0.050000
v -0.203000 -0.002500 0.050000
v -0.203000 0.020000 0.050000
v -0.253000 0.022500 0.047000
v -0.303000 0.002500 0.047000
v -0.303000 0.020000 0.047000
v -0.253000 -0.017500 0.047000
v -0.203000 0.002500 0.047000
v -0.203000 -0.020000 0.047000
v -0.253000 -0.040000 0.047750
v -0.303000 -0.037500 0.048500
v -0.303000 -0.037500 0.047750
v -0.253000 -0.040000 0.049250
v -0.203000 -0.042500 0.048500
v -0.203000 -0.042500 0.049250
v -0.353000 0.000000 0.047750
v -0.353000 0.017500 0.048500
v -0.353000 0.017500 0.047750
v -0.353000 0.000000 0.049250
v -0.353000 -0.017500 0.048500
v -0.353000 -0.017500 0.049250
v -0.253000 0.040000 0.047750
v -0.203000 0.042500 0.048500
v -0.203000 0.042500 0.047750
v -0.253000 0.040000 0.049250
v -0.303000 0.037500 0.048500
v -0.303000 0.037500 0.049250
v -0.153000 0.000000 0.047750
v -0.153000 -0.022500 0.048500
v -0.153000 -0.022500 0.047750
v -0.153000 0.000000 0.049250
v -0.153000 0.022500 0.048500
v -0.153000 0.022500 0.049250
v -0.153000 0.045000 0.049625
v -0.153000 -0.033750 0.049625
v -0.153000 -0.045000 0.047375
v -0.328000 0.036250 0.047375
v -0.353000 0.035000 0.049625
v -0.353000 -0.026250 0.047375
v -0.353000 -0.035000 0.049625
v -0.353000 -0.026250 0.050000
v -0.153000 -0.033750 0.047000
v -0.153000 -0.033750 0.050000
v -0.328000 0.036250 0.047000
v -0.328000 -0.025000 0.047000
v -0.328000 0.036250 0.050000
v -0.328000 0.025000 0.050000
v -0.328000 -0.036250 0.050000
v -0.328000 -0.036250 0.047000
v -0.328000 -0.036250 0.049625
v -0.353000 -0.026250 0.047000
v -0.153000 0.045000 0.048125
v -0.153000 0.011250 0.048125
v -0.153000 -0.045000 0.048875
v -0.228000 0.041250 0.048875
v -0.353000 0.035000 0.048125
v -0.353000 0.008750 0.048875
v -0.353000 -0.035000 0.048125
v -0.353000 0.008750 0.050000
v -0.153000 0.011250 0.047000
v -0.153000 0.011250 0.050000
v -0.228000 0.041250 0.047000
v -0.228000 0.015000 0.047000
v -0.228000 0.041250 0.050000
v -0.228000 -0.015000 0.050000
v -0.228000 -0.041250 0.050000
v -0.228000 -0.041250 0.047000
v -0.228000 -0.041250 0.048125
v -0.353000 0.008750 0.047000
v -0.253000 -0.031250 0.050000
v -0.328000 -0.001250 0.050000
v -0.328000 -0.010000 0.050000
v -0.253000 0.028750 0.050000
v -0.178000 -0.001250 0.050000
v -0.178000 0.010000 0.050000
v -0.253000 0.031250 0.047000
v -0.328000 0.001250 0.047000
v -0.328000 0.010000 0.047000
v -0.253000 -0.028750 0.047000
v -0.178000 0.001250 0.047000
v -0.178000 -0.010000 0.047000
v -0.253000 -0.040000 0.047375
v -0.328000 -0.036250 0.048500
v -0.328000 -0.036250 0.048125
v -0.253000 -0.040000 0.049625
v -0.178000 -0.043750 0.048500
v -0.178000 -0.043750 0.048875
v -0.353000 0.000000 0.047375
v -0.353000 0.026250 0.048500
v -0.353000 0.026250 0.048125
v -0.353000 0.000000 0.049625
v -0.353000 -0.026250 0.048500
v -0.353000 -0.026250 0.048875
v -0.253000 0.040000 0.047375
v -0.178000 0.043750 0.048500
v -0.178000 0.043750 0.048125
v -0.253000 0.040000 0.049625
v -0.328000 0.036250 0.048500
v -0.328000 0.036250 0.048875
v -0.153000 0.000000 0.047375
v -0.153000 -0.033750 0.048500
v -0.153000 -0.033750 0.048125
v -0.153000 0.000000 0.049625
v -0.153000 0.033750 0.048500
v -0.153000 0.033750 0.048875
v -0.153000 0.045000 0.048875
v -0.153000 -0.011250 0.048875
v -0.153000 -0.045000 0.048125
v -0.278000 0.038750 0.048125
v -0.353000 0.035000 0.048875
v -0.353000 -0.008750 0.048125
v -0.353000 -0.035000 0.048875
v -0.353000 -0.008750 0.050000
v -0.153000 -0.011250 0.047000
v -0.153000 -0.011250 0.050000
v -0.278000 0.038750 0.047000
v -0.278000 -0.005000 0.047000
v -0.278000 0.038750 0.050000
v -0.278000 0.005000 0.050000
v -0.278000 -0.038750 0.050000
v -0.278000 -0.038750 0.047000
v -0.278000 -0.038750 0.048875
v -0.353000 -0.008750 0.047000
v -0.153000 0.045000 0.047375
v -0.153000 0.033750 0.047375
v -0.153000 -0.045000 0.049625
v -0.178000 0.043750 0.049625
v -0.353000 0.035000 0.047375
v -0.353000 0.026250 0.049625
v -0.353000 -0.035000 0.047375
v -0.353000 0.026250 0.050000
v -0.153000 0.033750 0.047000
v -0.153000 0.033750 0.050000
v -0.178000 0.043750 0.047000
v -0.178000 0.035000 0.047000
v -0.178000 0.043750 0.050000
v -0.178000 -0.035000 0.050000
v -0.178000 -0.043750 0.050000
v -0.178000 -0.043750 0.047000
v -0.178000 -0.043750 0.047375
v -0.353000 0.026250 0.047000
v -0.253000 -0.013750 0.050000
v -0.278000 -0.003750 0.050000
v -0.278000 -0.030000 0.050000
v -0.253000 0.006250 0.050000
v -0.228000 -0.003750 0.050000
v -0.228000 0.030000 0.050000
v -0.253000 0.013750 0.047000
v -0.278000 0.003750 0.047000
v -0.278000 0.030000 0.047000
v -0.253000 -0.006250 0.047000
v -0.228000 0.003750 0.047000
v -0.228000 -0.030000 0.047000
v -0.253000 -0.040000 0.048125
v -0.278000 -0.038750 0.048500
v -0.278000 -0.038750 0.047375
v -0.253000 -0.040000 0.048875
v -0.228000 -0.041250 0.048500
v -0.228000 -0.041250 0.049625
v -0.353000 0.000000 0.048125
v -0.353000 0.008750 0.048500
v -0.353000 0.008750 0.047375
v -0.353000 0.000000 0.048875
v -0.353000 -0.008750 0.048500
v -0.353000 -0.008750 0.049625
v -0.253000 0.040000 0.048125
v -0.228000 0.041250 0.048500
v -0.228000 0.041250 0.047375
v -0.253000 0.040000 0.048875
v -0.278000 0.038750 0.048500
v -0.278000 0.038750 0.049625
v -0.153000 0.000000 0.048125
v -0.153000 -0.011250 0.048500
v -0.153000 -0.011250 0.047375
v -0.153000 0.000000 0.048875
v -0.153000 0.011250 0.048500
v -0.153000 0.011250 0.049625
v -0.153000 0.022500 0.049625
v -0.153000 0.033750 0.049250
v -0.153000 0.033750 0.049625
v -0.153000 0.011250 0.049250
v -0.153000 0.011250 0.048875
v -0.153000 0.022500 0.048875
v -0.153000 -0.022500 0.049625
v -0.153000 -0.011250 0.049250
v -0.153000 -0.011250 0.049625
v -0.153000 -0.022500 0.047375
v -0.153000 -0.033750 0.047750
v -0.153000 -0.033750 0.047375
v -0.153000 -0.011250 0.047750
v -0.153000 -0.011250 0.048125
v -0.153000 -0.022500 0.048125
v -0.153000 0.022500 0.047375
v -0.153000 0.011250 0.047750
v -0.153000 0.011250 0.047375
v -0.303000 0.037500 0.049625
v -0.328000 0.036250 0.049250
v -0.328000 0.036250 0.049625
v -0.278000 0.038750 0.049250
v -0.278000 0.038750 0.048875
v -0.303000 0.037500 0.048875
v -0.203000 0.042500 0.049625
v -0.228000 0.041250 0.049250
v -0.228000 0.041250 0.049625
v -0.203000 0.042500 0.047375
v -0.178000 0.043750 0.047750
v -0.178000 0.043750 0.047375
v -0.228000 0.041250 0.047750
v -0.228000 0.041250 0.048125
v -0.203000 0.042500 0.048125
v -0.303000 0.037500 0.047375
v -0.278000 0.038750 0.047750
v -0.278000 0.038750 0.047375
v -0.353000 -0.017500 0.049625
v -0.353000 -0.026250 0.049250
v -0.353000 -0.026250 0.049625
v -0.353000 -0.008750 0.049250
v -0.353000 -0.008750 0.048875
v -0.353000 -0.017500 0.048875
v -0.353000 0.017500 0.049625
v -0.353000 0.008750 0.049250
v -0.353000 0.008750 0.049625
v -0.353000 0.017500 0.047375
v -0.353000 0.026250 0.047750
v -0.353000 0.026250 0.047375
v -0.353000 0.008750 0.047750
v -0.353000 0.008750 0.048125
v -0.353000 0.017500 0.048125
v -0.353000 -0.017500 0.047375
v -0.353000 -0.008750 0.047750
v -0.353000 -0.008750 0.047375
v -0.203000 -0.042500 0.049625
v -0.178000 -0.043750 0.049250
v -0.178000 -0.043750 0.049625
v -0.228000 -0.041250 0.049250
v -0.228000 -0.041250 0.048875
v -0.203000 -0.042500 0.048875
v -0.303000 -0.037500 0.049625
v -0.278000 -0.038750 0.049250
v -0.278000 -0.038750 0.049625
v -0.303000 -0.037500 0.047375
v -0.328000 -0.036250 0.047750
v -0.328000 -0.036250 0.047375
v -0.278000 -0.038750 0.047750
v -0.278000 -0.038750 0.048125
v -0.303000 -0.037500 0.048125
v -0.203000 -0.042500 0.047375
v -0.228000 -0.041250 0.047750
v -0.228000 -0.041250 0.047375
v -0.203000 -0.031250 0.047000
v -0.178000 -0.021250 0.047000
v -0.178000 -0.032500 0.047000
v -0.228000 -0.018750 0.047000
v -0.228000 -0.007500 0.047000
v -0.203000 -0.008750 0.047000
v -0.303000 -0.026250 0.047000
v -0.278000 -0.016250 0.047000
v -0.278000 -0.027500 0.047000
v -0.303000 0.028750 0.047000
v -0.328000 0.018750 0.047000
v -0.328000 0.027500 0.047000
v -0.278000 0.021250 0.047000
v -0.278000 0.012500 0.047000
v -0.303000 0.011250 0.047000
v -0.203000 0.033750 0.047000
v -0.228000 0.023750 0.047000
v -0.228000 0.032500 0.047000
v -0.203000 0.031250 0.050000
v -0.178000 0.021250 0.050000
v -0.178000 0.032500 0.050000
v -0.228000 0.018750 0.050000
v -0.228000 0.007500 0.050000
v -0.203000 0.008750 0.050000
v -0.303000 0.026250 0.050000
v -0.278000 0.016250 0.050000
v -0.278000 0.027500 0.050000
v -0.303000 -0.028750 0.050000
v -0.328000 -0.018750 0.050000
v -0.328000 -0.027500 0.050000
v -0.278000 -0.021250 0.050000
v -0.278000 -0.012500 0.050000
v -0.303000 -0.011250 0.050000
v -0.203000 -0.033750 0.050000
v -0.228000 -0.023750 0.050000
v -0.228000 -0.032500 0.050000
v -0.303000 0.006250 0.050000
v -0.328000 0.016250 0.050000
v -0.328000 0.007500 0.050000
v -0.203000 -0.013750 0.050000
v -0.178000 -0.023750 0.050000
v -0.178000 -0.012500 0.050000
v -0.303000 -0.006250 0.047000
v -0.328000 -0.016250 0.047000
v -0.328000 -0.007500 0.047000
v -0.203000 0.013750 0.047000
v -0.178000 0.023750 0.047000
v -0.178000 0.012500 0.047000
v -0.303000 -0.037500 0.048875
v -0.328000 -0.036250 0.049250
v -0.328000 -0.036250 0.048875
v -0.203000 -0.042500 0.048125
v -0.178000 -0.043750 0.047750
v -0.178000 -0.043750 0.048125
v -0.353000 0.017500 0.048875
v -0.353000 0.026250 0.049250
v -0.353000 0.026250 0.048875
v -0.353000 -0.017500 0.048125
v -0.353000 -0.026250 0.047750
v -0.353000 -0.026250 0.048125
v -0.203000 0.042500 0.048875
v -0.178000 0.043750 0.049250
v -0.178000 0.043750 0.048875
v -0.303000 0.037500 0.048125
v -0.328000 0.036250 0.047750
v -0.328000 0.036250 0.048125
v -0.153000 -0.022500 0.048875
v -0.153000 -0.033750 0.049250
v -0.153000 -0.033750 0.048875
v -0.153000 0.022500 0.048125
v -0.153000 0.033750 0.047750
v -0.153000 0.033750 0.048125
v -0.153000 0.045000 0.049813
v -0.153000 -0.039375 0.049813
v -0.153000 -0.045000 0.047187
v -0.340500 0.035625 0.047187
v -0.353000 0.035000 0.049813
v -0.353000 -0.030625 0.047187
v -0.353000 -0.035000 0.049813
v -0.353000 -0.030625 0.050000
v -0.153000 -0.039375 0.047000
v -0.153000 -0.039375 0.050000
v -0.340500 0.035625 0.047000
v -0.340500 -0.030000 0.047000
v -0.340500 0.035625 0.050000
v -0.340500 0.030000 0.050000
v -0.340500 -0.035625 0.050000
v -0.340500 -0.035625 0.047000
v -0.340500 -0.035625 0.049813
v -0.353000 -0.030625 0.047000
v -0.153000 0.045000 0.048313
v -0.153000 0.005625 0.048313
v -0.153000 -0.045000 0.048688
v -0.240500 0.040625 0.048688
v -0.353000 0.035000 0.048313
v -0.353000 0.004375 0.048688
v -0.353000 -0.035000 0.048313
v -0.353000 0.004375 0.050000
v -0.153000 0.005625 0.047000
v -0.153000 0.005625 0.050000
v -0.240500 0.040625 0.047000
v -0.240500 0.010000 0.047000
v -0.240500 0.040625 0.050000
v -0.240500 -0.010000 0.050000
v -0.240500 -0.040625 0.050000
v -0.240500 -0.040625 0.047000
v -0.240500 -0.040625 0.048313
v -0.353000 0.004375 0.047000
v -0.253000 -0.035625 0.050000
v -0.340500 -0.000625 0.050000
v -0.340500 -0.005000 0.050000
v -0.253000 0.034375 0.050000
v -0.165500 -0.000625 0.050000
v -0.165500 0.005000 0.050000
v -0.253000 0.035625 0.047000
v -0.340500 0.000625 0.047000
v -0.340500 0.005000 0.047000
v -0.253000 -0.034375 0.047000
v -0.165500 0.000625 0.047000
v -0.165500 -0.005000 0.047000
v -0.253000 -0.040000 0.047187
v -0.340500 -0.035625 0.048500
v -0.340500 -0.035625 0.048313
v -0.253000 -0.040000 0.049813
v -0.165500 -0.044375 0.048500
v -0.165500 -0.044375 0.048688
v -0.353000 0.000000 0.047187
v -0.353000 0.030625 0.048500
v -0.353000 0.030625 0.048313
v -0.353000 0.000000 0.049813
v -0.353000 -0.030625 0.048500
v -0.353000 -0.030625 0.048688
v -0.253000 0.040000 0.047187
v -0.165500 0.044375 0.048500
v -0.165500 0.044375 0.048313
v -0.253000 0.040000 0.049813
v -0.340500 0.035625 0.048500
v -0.340500 0.035625 0.048688
v -0.153000 0.000000 0.047187
v -0.153000 -0.039375 0.048500
v -0.153000 -0.039375 0.048313
v -0.153000 0.000000 0.049813
v -0.153000 0.039375 0.048500
v -0.153000 0.039375 0.048688
v -0.153000 0.045000 0.049062
v -0.153000 -0.016875 0.049062
v -0.153000 -0.045000 0.047937
v -0.290500 0.038125 0.047937
v -0.353000 0.035000 0.049062
v -0.353000 -0.013125 0.047937
v -0.353000 -0.035000 0.049062
v -0.353000 -0.013125 0.050000
v -0.153000 -0.016875 0.047000
v -0.153000 -0.016875 0.050000
v -0.290500 0.038125 0.047000
v -0.290500 -0.010000 0.047000
v -0.290500 0.038125 0.050000
v -0.290500 0.010000 0.050000
v -0.290500 -0.038125 0.050000
v -0.290500 -0.038125 0.047000
v -0.290500 -0.038125 0.049062
v -0.353000 -0.013125 0.047000
v -0.153000 0.045000 0.047563
v -0.153000 0.028125 0.047563
v -0.153000 -0.045000 0.049438
v -0.190500 0.043125 0.049438
v -0.353000 0.035000 0.047563
v -0.353000 0.021875 0.049438
v -0.353000 -0.035000 0.047563
v -0.353000 0.021875 0.050000
v -0.153000 0.028125 0.047000
v -0.153000 0.028125 0.050000
v -0.190500 0.043125 0.047000
v -0.190500 0.030000 0.047000
v -0.190500 0.043125 0.050000
v -0.190500 -0.030000 0.050000
v -0.190500 -0.043125 0.050000
v -0.190500 -0.043125 0.047000
v -0.190500 -0.043125 0.047563
v -0.353000 0.021875 0.047000
v -0.253000 -0.018125 0.050000
v -0.290500 -0.003125 0.050000
v -0.290500 -0.025000 0.050000
v -0.253000 0.011875 0.050000
v -0.215500 -0.003125 0.050000
v -0.215500 0.025000 0.050000
v -0.253000 0.018125 0.047000
v -0.290500 0.003125 0.047000
v -0.290500 0.025000 0.047000
v -0.253000 -0.011875 0.047000
v -0.215500 0.003125 0.047000
v -0.215500 -0.025000 0.047000
v -0.253000 -0.040000 0.047937
v -0.290500 -0.038125 0.048500
v -0.290500 -0.038125 0.047563
v -0.253000 -0.040000 0.049062
v -0.215500 -0.041875 0.048500
v -0.215500 -0.041875 0.049438
v -0.353000 0.000000 0.047937
v -0.353000 0.013125 0.048500
v -0.353000 0.013125 0.047563
v -0.353000 0.000000 0.049062
v -0.353000 -0.013125 0.048500
v -0.353000 -0.013125 0.049438
v -0.253000 0.040000 0.047937
v -0.215500 0.041875 0.048500
v -0.215500 0.041875 0.047563
v -0.253000 0.040000 0.049062
v -0.290500 0.038125 0.048500
v -0.290500 0.038125 0.049438
v -0.153000 0.000000 0.047937
v -0.153000 -0.016875 0.048500
v -0.153000 -0.016875 0.047563
v -0.153000 0.000000 0.049062
v -0.153000 0.016875 0.048500
v -0.153000 0.016875 0.049438
v -0.153000 0.022500 0.049813
v -0.153000 0.039375 0.049250
v -0.153000 0.039375 0.049438
v -0.153000 0.016875 0.049250
v -0.153000 0.016875 0.048688
v -0.153000 0.022500 0.048688
v -0.153000 -0.022500 0.049813
v -0.153000 -0.005625 0.049250
v -0.153000 -0.005625 0.049438
v -0.153000 -0.022500 0.047187
v -0.153000 -0.039375 0.047750
v -0.153000 -0.039375 0.047563
v -0.153000 -0.016875 0.047750
v -0.153000 -0.016875 0.048313
v -0.153000 -0.022500 0.048313
v -0.153000 0.022500 0.047187
v -0.153000 0.005625 0.047750
v -0.153000 0.005625 0.047563
v -0.303000 0.037500 0.049813
v -0.340500 0.035625 0.049250
v -0.340500 0.035625 0.049438
v -0.290500 0.038125 0.049250
v -0.290500 0.038125 0.048688
v -0.303000 0.037500 0.048688
v -0.203000 0.042500 0.049813
v -0.240500 0.040625 0.049250
v -0.240500 0.040625 0.049438
v -0.203000 0.042500 0.047187
v -0.165500 0.044375 0.047750
v -0.165500 0.044375 0.047563
v -0.215500 0.041875 0.047750
v -0.215500 0.041875 0.048313
v -0.203000 0.042500 0.048313
v -0.303000 0.037500 0.047187
v -0.265500 0.039375 0.047750
v -0.265500 0.039375 0.047563
v -0.353000 -0.017500 0.049813
v -0.353000 -0.030625 0.049250
v -0.353000 -0.030625 0.049438
v -0.353000 -0.013125 0.049250
v -0.353000 -0.013125 0.048688
v -0.353000 -0.017500 0.048688
v -0.353000 0.017500 0.049813
v -0.353000 0.004375 0.049250
v -0.353000 0.004375 0.049438
v -0.353000 0.017500 0.047187
v -0.353000 0.030625 0.047750
v -0.353000 0.030625 0.047563
v -0.353000 0.013125 0.047750
v -0.353000 0.013125 0.048313
v -0.353000 0.017500 0.048313
v -0.353000 -0.017500 0.047187
v -0.353000 -0.004375 0.047750
v -0.353000 -0.004375 0.047563
v -0.203000 -0.042500 0.049813
v -0.165500 -0.044375 0.049250
v -0.165500 -0.044375 0.049438
v -0.215500 -0.041875 0.049250
v -0.215500 -0.041875 0.048688
v -0.203000 -0.042500 0.048688
v -0.303000 -0.037500 0.049813
v -0.265500 -0.039375 0.049250
v -0.265500 -0.039375 0.049438
v -0.303000 -0.037500 0.047187
v -0.340500 -0.035625 0.047750
v -0.340500 -0.035625 0.047563
v -0.290500 -0.038125 0.047750
v -0.290500 -0.038125 0.048313
v -0.303000 -0.037500 0.048313
v -0.203000 -0.042500 0.047187
v -0.240500 -0.040625 0.047750
v -0.240500 -0.040625 0.047563
v -0.203000 -0.036875 0.047000
v -0.165500 -0.021875 0.047000
v -0.165500 -0.027500 0.047000
v -0.215500 -0.019375 0.047000
v -0.215500 -0.002500 0.047000
v -0.203000 -0.003125 0.047000
v -0.303000 -0.031875 0.047000
v -0.265500 -0.016875 0.047000
v -0.265500 -0.022500 0.047000
v -0.303000 0.033125 0.047000
v -0.340500 0.018125 0.047000
v -0.340500 0.022500 0.047000
v -0.290500 0.020625 0.047000
v -0.290500 0.007500 0.047000
v -0.303000 0.006875 0.047000
v -0.203000 0.038125 0.047000
v -0.240500 0.023125 0.047000
v -0.240500 0.027500 0.047000
v -0.203000 0.036875 0.050000
v -0.165500 0.021875 0.050000
v -0.165500 0.027500 0.050000
v -0.215500 0.019375 0.050000
v -0.215500 0.002500 0.050000
v -0.203000 0.003125 0.050000
v -0.303000 0.031875 0.050000
v -0.265500 0.016875 0.050000
v -0.265500 0.022500 0.050000
v -0.303000 -0.033125 0.050000
v -0.340500 -0.018125 0.050000
v -0.340500 -0.022500 0.050000
v -0.290500 -0.020625 0.050000
v -0.290500 -0.007500 0.050000
v -0.303000 -0.006875 0.050000
v -0.203000 -0.038125 0.050000
v -0.240500 -0.023125 0.050000
v -0.240500 -0.027500 0.050000
v -0.303000 0.001875 0.050000
v -0.340500 0.016875 0.050000
v -0.340500 0.012500 0.050000
v -0.203000 -0.008125 0.050000
v -0.165500 -0.023125 0.050000
v -0.165500 -0.017500 0.050000
v -0.303000 -0.001875 0.047000
v -0.340500 -0.016875 0.047000
v -0.340500 -0.012500 0.047000
v -0.203000 0.008125 0.047000
v -0.165500 0.023125 0.047000
v -0.165500 0.017500 0.047000
v -0.303000 -0.037500 0.048688
v -0.340500 -0.035625 0.049250
v -0.340500 -0.035625 0.049062
v -0.203000 -0.042500 0.048313
v -0.165500 -0.044375 0.047750
v -0.165500 -0.044375 0.047937
v -0.353000 0.017500 0.048688
v -0.353000 0.030625 0.049250
v -0.353000 0.030625 0.049062
v -0.353000 -0.017500 0.048313
v -0.353000 -0.030625 0.047750
v -0.353000 -0.030625 0.047937
v -0.203000 0.042500 0.048688
v -0.165500 0.044375 0.049250
v -0.165500 0.044375 0.049062
v -0.303000 0.037500 0.048313
v -0.340500 0.035625 0.047750
v -0.340500 0.035625 0.047937
v -0.153000 -0.022500 0.048688
v -0.153000 -0.039375 0.049250
v -0.153000 -0.039375 0.049062
v -0.153000 0.022500 0.048313
v -0.153000 0.039375 0.047750
v -0.153000 0.039375 0.047937
v -0.153000 0.045000 0.049438
v -0.153000 -0.028125 0.049438
v -0.153000 -0.045000 0.047563
v -0.315500 0.036875 0.047563
v -0.353000 0.035000 0.049438
v -0.353000 -0.021875 0.047563
v -0.353000 -0.035000 0.049438
v -0.353000 -0.021875 0.050000
v -0.153000 -0.028125 0.047000
v -0.153000 -0.028125 0.050000
v -0.315500 0.036875 0.047000
v -0.315500 -0.020000 0.047000
v -0.315500 0.036875 0.050000
v -0.315500 0.020000 0.050000
v -0.315500 -0.036875 0.050000
v -0.315500 -0.036875 0.047000
v -0.315500 -0.036875 0.049438
v -0.353000 -0.021875 0.047000
v -0.153000 0.045000 0.047937
v -0.153000 0.016875 0.047937
v -0.153000 -0.045000 0.049062
v -0.215500 0.041875 0.049062
v -0.353000 0.035000 0.047937
v -0.353000 0.013125 0.049062
v -0.353000 -0.035000 0.047937
v -0.353000 0.013125 0.050000
v -0.153000 0.016875 0.047000
v -0.153000 0.016875 0.050000
v -0.215500 0.041875 0.047000
v -0.215500 0.020000 0.047000
v -0.215500 0.041875 0.050000
v -0.215500 -0.020000 0.050000
v -0.215500 -0.041875 0.050000
v -0.215500 -0.041875 0.047000
v -0.215500 -0.041875 0.047937
v -0.353000 0.013125 0.047000
v -0.253000 -0.026875 0.050000
v -0.315500 -0.001875 0.050000
v -0.315500 -0.015000 0.050000
v -0.253000 0.023125 0.050000
v -0.190500 -0.001875 0.050000
v -0.190500 0.015000 0.050000
v -0.253000 0.026875 0.047000
v -0.315500 0.001875 0.047000
v -0.315500 0.015000 0.047000
v -0.253000 -0.023125 0.047000
v -0.190500 0.001875 0.047000
v -0.190500 -0.015000 0.047000
v -0.253000 -0.040000 0.047563
v -0.315500 -0.036875 0.048500
v -0.315500 -0.036875 0.047937
v -0.253000 -0.040000 0.049438
v -0.190500 -0.043125 0.048500
v -0.190500 -0.043125 0.049062
v -0.353000 0.000000 0.047563
v -0.353000 0.021875 0.048500
v -0.353000 0.021875 0.047937
v -0.353000 0.000000 0.049438
v -0.353000 -0.021875 0.048500
v -0.353000 -0.021875 0.049062
v -0.253000 0.040000 0.047563
v -0.190500 0.043125 0.048500
v -0.190500 0.043125 0.047937
v -0.253000 0.040000 0.049438
v -0.315500 0.036875 0.048500
v -0.315500 0.036875 0.049062
v -0.153000 0.000000 0.047563
v -0.153000 -0.028125 0.048500
v -0.153000 -0.028125 0.047937
v -0.153000 0.000000 0.049438
v -0.153000 0.028125 0.048500
v -0.153000 0.028125 0.049062
v -0.153000 0.045000 0.048688
v -0.153000 -0.005625 0.048688
v -0.153000 -0.045000 0.048313
v -0.265500 0.039375 0.048313
v -0.353000 0.035000 0.048688
v -0.353000 -0.004375 0.048313
v -0.353000 -0.035000 0.048688
v -0.353000 -0.004375 0.050000
v -0.153000 -0.005625 0.047000
v -0.153000 -0.005625 0.050000
v -0.265500 0.039375 0.047000
v -0.265500 0.000000 0.047000
v -0.265500 0.039375 0.050000
v -0.265500 -0.000000 0.050000
v -0.265500 -0.039375 0.050000
v -0.265500 -0.039375 0.047000
v -0.265500 -0.039375 0.048688
v -0.353000 -0.004375 0.047000
v -0.153000 0.045000 0.047187
v -0.153000 0.039375 0.047187
v -0.153000 -0.045000 0.049813
v -0.165500 0.044375 0.049813
v -0.353000 0.035000 0.047187
v -0.353000 0.030625 0.049813
v -0.353000 -0.035000 0.047187
v -0.353000 0.030625 0.050000
v -0.153000 0.039375 0.047000
v -0.153000 0.039375 0.050000
v -0.165500 0.044375 0.047000
v -0.165500 0.040000 0.047000
v -0.165500 0.044375 0.050000
v -0.165500 -0.040000 0.050000
v -0.165500 -0.044375 0.050000
v -0.165500 -0.044375 0.047000
v -0.165500 -0.044375 0.047187
v -0.353000 0.030625 0.047000
v -0.253000 -0.009375 0.050000
v -0.265500 -0.004375 0.050000
v -0.265500 -0.035000 0.050000
v -0.253000 0.000625 0.050000
v -0.240500 -0.004375 0.050000
v -0.240500 0.035000 0.050000
v -0.253000 0.009375 0.047000
v -0.265500 0.004375 0.047000
v -0.265500 0.035000 0.047000
v -0.253000 -0.000625 0.047000
v -0.240500 0.004375 0.047000
v -0.240500 -0.035000 0.047000
v -0.253000 -0.040000 0.048313
v -0.265500 -0.039375 0.048500
v -0.265500 -0.039375 0.047187
v -0.253000 -0.040000 0.048688
v -0.240500 -0.040625 0.048500
v -0.240500 -0.040625 0.049813
v -0.353000 0.000000 0.048313
v -0.353000 0.004375 0.048500
v -0.353000 0.004375 0.047187
v -0.353000 0.000000 0.048688
v -0.353000 -0.004375 0.048500
v -0.353000 -0.004375 0.049813
v -0.253000 0.040000 0.048313
v -0.240500 0.040625 0.048500
v -0.240500 0.040625 0.047187
v -0.253000 0.040000 0.048688
v -0.265500 0.039375 0.048500
v -0.265500 0.039375 0.049813
v -0.153000 0.000000 0.048313
v -0.153000 -0.005625 0.048500
v -0.153000 -0.005625 0.047187
v -0.153000 0.000000 0.048688
v -0.153000 0.005625 0.048500
v -0.153000 0.005625 0.049813
v -0.153000 0.022500 0.049438
v -0.153000 0.028125 0.049250
v -0.153000 0.028125 0.049813
v -0.153000 0.005625 0.049250
v -0.153000 0.005625 0.049062
v -0.153000 0.022500 0.049062
v -0.153000 -0.022500 0.049438
v -0.153000 -0.016875 0.049250
v -0.153000 -0.016875 0.049813
v -0.153000 -0.022500 0.047563
v -0.153000 -0.028125 0.047750
v -0.153000 -0.028125 0.047187
v -0.153000 -0.005625 0.047750
v -0.153000 -0.005625 0.047937
v -0.153000 -0.022500 0.047937
v -0.153000 0.022500 0.047563
v -0.153000 0.016875 0.047750
v -0.153000 0.016875 0.047187
v -0.303000 0.037500 0.049438
v -0.315500 0.036875 0.049250
v -0.315500 0.036875 0.049813
v -0.265500 0.039375 0.049250
v -0.265500 0.039375 0.049062
v -0.303000 0.037500 0.049062
v -0.203000 0.042500 0.049438
v -0.215500 0.041875 0.049250
v -0.215500 0.041875 0.049813
v -0.203000 0.042500 0.047563
v -0.190500 0.043125 0.047750
v -0.190500 0.043125 0.047187
v -0.240500 0.040625 0.047750
v -0.240500 0.040625 0.047937
v -0.203000 0.042500 0.047937
v -0.303000 0.037500 0.047563
v -0.290500 0.038125 0.047750
v -0.290500 0.038125 0.047187
v -0.353000 -0.017500 0.049438
v -0.353000 -0.021875 0.049250
v -0.353000 -0.021875 0.049813
v -0.353000 -0.004375 0.049250
v -0.353000 -0.004375 0.049062
v -0.353000 -0.017500 0.049062
v -0.353000 0.017500 0.049438
v -0.353000 0.013125 0.049250
v -0.353000 0.013125 0.049813
v -0.353000 0.017500 0.047563
v -0.353000 0.021875 0.047750
v -0.353000 0.021875 0.047187
v -0.353000 0.004375 0.047750
v -0.353000 0.004375 0.047937
v -0.353000 0.017500 0.047937
v -0.353000 -0.017500 0.047563
v -0.353000 -0.013125 0.047750
v -0.353000 -0.013125 0.047187
v -0.203000 -0.042500 0.049438
v -0.190500 -0.043125 0.049250
v -0.190500 -0.043125 0.049813
v -0.240500 -0.040625 0.049250
v -0.240500 -0.040625 0.049062
v -0.203000 -0.042500 0.049062
v -0.303000 -0.037500 0.049438
v -0.290500 -0.038125 0.049250
v -0.290500 -0.038125 0.049813
v -0.303000 -0.037500 0.047563
v -0.315500 -0.036875 0.047750
v -0.315500 -0.036875 0.047187
v -0.265500 -0.039375 0.047750
v -0.265500 -0.039375 0.047937
v -0.303000 -0.037500 0.047937
v -0.203000 -0.042500 0.047563
v -0.215500 -0.041875 0.047750
v -0.215500 -0.041875 0.047187
v -0.203000 -0.025625 0.047000
v -0.190500 -0.020625 0.047000
v -0.190500 -0.037500 0.047000
v -0.240500 -0.018125 0.047000
v -0.240500 -0.012500 0.047000
v -0.203000 -0.014375 0.047000
v -0.303000 -0.020625 0.047000
v -0.290500 -0.015625 0.047000
v -0.290500 -0.032500 0.047000
v -0.303000 0.024375 0.047000
v -0.315500 0.019375 0.047000
v -0.315500 0.032500 0.047000
v -0.265500 0.021875 0.047000
v -0.265500 0.017500 0.047000
v -0.303000 0.015625 0.047000
v -0.203000 0.029375 0.047000
v -0.215500 0.024375 0.047000
v -0.215500 0.037500 0.047000
v -0.203000 0.025625 0.050000
v -0.190500 0.020625 0.050000
v -0.190500 0.037500 0.050000
v -0.240500 0.018125 0.050000
v -0.240500 0.012500 0.050000
v -0.203000 0.014375 0.050000
v -0.303000 0.020625 0.050000
v -0.290500 0.015625 0.050000
v -0.290500 0.032500 0.050000
v -0.303000 -0.024375 0.050000
v -0.315500 -0.019375 0.050000
v -0.315500 -0.032500 0.050000
v -0.265500 -0.021875 0.050000
v -0.265500 -0.017500 0.050000
v -0.303000 -0.015625 0.050000
v -0.203000 -0.029375 0.050000
v -0.215500 -0.024375 0.050000
v -0.215500 -0.037500 0.050000
v -0.303000 0.010625 0.050000
v -0.315500 0.015625 0.050000
v -0.315500 0.002500 0.050000
v -0.203000 -0.019375 0.050000
v -0.190500 -0.024375 0.050000
v -0.190500 -0.007500 0.050000
v -0.303000 -0.010625 0.047000
v -0.315500 -0.015625 0.047000
v -0.315500 -0.002500 0.047000
v -0.203000 0.019375 0.047000
v -0.190500 0.024375 0.047000
v -0.190500 0.007500 0.047000
v -0.303000 -0.037500 0.049062
v -0.315500 -0.036875 0.049250
v -0.315500 -0.036875 0.048688
v -0.203000 -0.042500 0.047937
v -0.190500 -0.043125 0.047750
v -0.190500 -0.043125 0.048313
v -0.353000 0.017500 0.049062
v -0.353000 0.021875 0.049250
v -0.353000 0.021875 0.048688
v -0.353000 -0.017500 0.047937
v -0.353000 -0.021875 0.047750
v -0.353000 -0.021875 0.048313
v -0.203000 0.042500 0.049062
v -0.190500 0.043125 0.049250
v -0.190500 0.043125 0.048688
v -0.303000 0.037500 0.047937
v -0.315500 0.036875 0.047750
v -0.315500 0.036875 0.048313
v -0.153000 -0.022500 0.049062
v -0.153000 -0.028125 0.049250
v -0.153000 -0.028125 0.048688
v -0.153000 0.022500 0.047937
v -0.153000 0.028125 0.047750
v -0.153000 0.028125 0.048313
v -0.153000 0.033750 0.048313
v -0.153000 0.039375 0.048125
v -0.153000 0.039375 0.048313
v -0.153000 0.028125 0.048125
v -0.153000 0.028125 0.047937
v -0.153000 0.033750 0.047937
v -0.153000 0.011250 0.048313
v -0.153000 0.016875 0.048125
v -0.153000 0.016875 0.048313
v -0.153000 -0.033750 0.048688
v -0.153000 -0.039375 0.048875
v -0.153000 -0.039375 0.048688
v -0.153000 -0.028125 0.048875
v -0.153000 -0.028125 0.049062
v -0.153000 -0.033750 0.049062
v -0.153000 -0.011250 0.048688
v -0.153000 -0.016875 0.048875
v -0.153000 -0.016875 0.048688
v -0.328000 0.036250 0.048313
v -0.340500 0.035625 0.048125
v -0.340500 0.035625 0.048313
v -0.315500 0.036875 0.048125
v -0.315500 0.036875 0.047937
v -0.328000 0.036250 0.047937
v -0.278000 0.038750 0.048313
v -0.290500 0.038125 0.048125
v -0.290500 0.038125 0.048313
v -0.178000 0.043750 0.048688
v -0.165500 0.044375 0.048875
v -0.165500 0.044375 0.048688
v -0.190500 0.043125 0.048875
v -0.190500 0.043125 0.049062
v -0.178000 0.043750 0.049062
v -0.228000 0.041250 0.048688
v -0.215500 0.041875 0.048875
v -0.215500 0.041875 0.048688
v -0.353000 -0.026250 0.048313
v -0.353000 -0.030625 0.048125
v -0.353000 -0.030625 0.048313
v -0.353000 -0.021875 0.048125
v -0.353000 -0.021875 0.047937
v -0.353000 -0.026250 0.047937
v -0.353000 -0.008750 0.048313
v -0.353000 -0.013125 0.048125
v -0.353000 -0.013125 0.048313
v -0.353000 0.026250 0.048688
v -0.353000 0.030625 0.048875
v -0.353000 0.030625 0.048688
v -0.353000 0.021875 0.048875
v -0.353000 0.021875 0.049062
v -0.353000 0.026250 0.049062
v -0.353000 0.008750 0.048688
v -0.353000 0.013125 0.048875
v -0.353000 0.013125 0.048688
v -0.178000 -0.043750 0.048313
v -0.165500 -0.044375 0.048125
v -0.165500 -0.044375 0.048313
v -0.190500 -0.043125 0.048125
v -0.190500 -0.043125 0.047937
v -0.178000 -0.043750 0.047937
v -0.228000 -0.041250 0.048313
v -0.215500 -0.041875 0.048125
v -0.215500 -0.041875 0.048313
v -0.328000 -0.036250 0.048688
v -0.340500 -0.035625 0.048875
v -0.340500 -0.035625 0.048688
v -0.315500 -0.036875 0.048875
v -0.315500 -0.036875 0.049062
v -0.328000 -0.036250 0.049062
v -0.278000 -0.038750 0.048688
v -0.290500 -0.038125 0.048875
v -0.290500 -0.038125 0.048688
v -0.178000 0.006875 0.047000
v -0.165500 0.011875 0.047000
v -0.165500 0.006250 0.047000
v -0.190500 0.013125 0.047000
v -0.190500 0.018750 0.047000
v -0.178000 0.018125 0.047000
v -0.228000 0.009375 0.047000
v -0.215500 0.014375 0.047000
v -0.215500 0.008750 0.047000
v -0.328000 -0.003125 0.047000
v -0.340500 -0.008125 0.047000
v -0.340500 -0.003750 0.047000
v -0.315500 -0.006875 0.047000
v -0.315500 -0.011250 0.047000
v -0.328000 -0.011875 0.047000
v -0.278000 -0.000625 0.047000
v -0.290500 -0.005625 0.047000
v -0.290500 -0.001250 0.047000
v -0.178000 -0.006875 0.050000
v -0.165500 -0.011875 0.050000
v -0.165500 -0.006250 0.050000
v -0.190500 -0.013125 0.050000
v -0.190500 -0.018750 0.050000
v -0.178000 -0.018125 0.050000
v -0.228000 -0.009375 0.050000
v -0.215500 -0.014375 0.050000
v -0.215500 -0.008750 0.050000
v -0.328000 0.003125 0.050000
v -0.340500 0.008125 0.050000
v -0.340500 0.003750 0.050000
v -0.315500 0.006875 0.050000
v -0.315500 0.011250 0.050000
v -0.328000 0.011875 0.050000
v -0.278000 0.000625 0.050000
v -0.290500 0.005625 0.050000
v -0.290500 0.001250 0.050000
v -0.228000 -0.036875 0.050000
v -0.240500 -0.031875 0.050000
v -0.240500 -0.036250 0.050000
v -0.215500 -0.033125 0.050000
v -0.215500 -0.028750 0.050000
v -0.228000 -0.028125 0.050000
v -0.178000 -0.039375 0.050000
v -0.190500 -0.034375 0.050000
v -0.190500 -0.038750 0.050000
v -0.315500 -0.010625 0.050000
v -0.315500 -0.006250 0.050000
v -0.328000 -0.005625 0.050000
v -0.290500 -0.016250 0.050000
v -0.278000 -0.016875 0.050000
v -0.290500 -0.011875 0.050000
v -0.265500 -0.030625 0.050000
v -0.265500 -0.026250 0.050000
v -0.278000 -0.025625 0.050000
v -0.328000 -0.031875 0.050000
v -0.340500 -0.026875 0.050000
v -0.340500 -0.031250 0.050000
v -0.315500 -0.028125 0.050000
v -0.315500 -0.023750 0.050000
v -0.328000 -0.023125 0.050000
v -0.278000 -0.034375 0.050000
v -0.290500 -0.029375 0.050000
v -0.290500 -0.033750 0.050000
v -0.278000 0.033125 0.050000
v -0.265500 0.028125 0.050000
v -0.265500 0.033750 0.050000
v -0.290500 0.026875 0.050000
v -0.290500 0.021250 0.050000
v -0.278000 0.021875 0.050000
v -0.328000 0.030625 0.050000
v -0.315500 0.025625 0.050000
v -0.315500 0.031250 0.050000
v -0.190500 0.009375 0.050000
v -0.190500 0.003750 0.050000
v -0.178000 0.004375 0.050000
v -0.215500 0.013750 0.050000
v -0.228000 0.013125 0.050000
v -0.215500 0.008125 0.050000
v -0.240500 0.029375 0.050000
v -0.240500 0.023750 0.050000
v -0.228000 0.024375 0.050000
v -0.178000 0.038125 0.050000
v -0.165500 0.033125 0.050000
v -0.165500 0.038750 0.050000
v -0.190500 0.031875 0.050000
v -0.190500 0.026250 0.050000
v -0.178000 0.026875 0.050000
v -0.228000 0.035625 0.050000
v -0.215500 0.030625 0.050000
v -0.215500 0.036250 0.050000
v -0.228000 0.036875 0.047000
v -0.240500 0.031875 0.047000
v -0.240500 0.036250 0.047000
v -0.215500 0.033125 0.047000
v -0.215500 0.028750 0.047000
v -0.228000 0.028125 0.047000
v -0.178000 0.039375 0.047000
v -0.190500 0.034375 0.047000
v -0.190500 0.038750 0.047000
v -0.315500 0.010625 0.047000
v -0.315500 0.006250 0.047000
v -0.328000 0.005625 0.047000
v -0.290500 0.016250 0.047000
v -0.278000 0.016875 0.047000
v -0.290500 0.011875 0.047000
v -0.265500 0.030625 0.047000
v -0.265500 0.026250 0.047000
v -0.278000 0.025625 0.047000
v -0.328000 0.031875 0.047000
v -0.340500 0.026875 0.047000
v -0.340500 0.031250 0.047000
v -0.315500 0.028125 0.047000
v -0.315500 0.023750 0.047000
v -0.328000 0.023125 0.047000
v -0.278000 0.034375 0.047000
v -0.290500 0.029375 0.047000
v -0.290500 0.033750 0.047000
v -0.278000 -0.033125 0.047000
v -0.265500 -0.028125 0.047000
v -0.265500 -0.033750 0.047000
v -0.290500 -0.026875 0.047000
v -0.290500 -0.021250 0.047000
v -0.278000 -0.021875 0.047000
v -0.328000 -0.030625 0.047000
v -0.315500 -0.025625 0.047000
v -0.315500 -0.031250 0.047000
v -0.190500 -0.009375 0.047000
v -0.190500 -0.003750 0.047000
v -0.178000 -0.004375 0.047000
v -0.215500 -0.013750 0.047000
v -0.228000 -0.013125 0.047000
v -0.215500 -0.008125 0.047000
v -0.240500 -0.029375 0.047000
v -0.240500 -0.023750 0.047000
v -0.228000 -0.024375 0.047000
v -0.178000 -0.038125 0.047000
v -0.165500 -0.033125 0.047000
v -0.165500 -0.038750 0.047000
v -0.190500 -0.031875 0.047000
v -0.190500 -0.026250 0.047000
v -0.178000 -0.026875 0.047000
v -0.228000 -0.035625 0.047000
v -0.215500 -0.030625 0.047000
v -0.215500 -0.036250 0.047000
v -0.228000 -0.041250 0.047187
v -0.240500 -0.040625 0.047375
v -0.240500 -0.040625 0.047187
v -0.215500 -0.041875 0.047375
v -0.215500 -0.041875 0.047563
v -0.228000 -0.041250 0.047563
v -0.178000 -0.043750 0.047187
v -0.190500 -0.043125 0.047375
v -0.190500 -0.043125 0.047187
v -0.315500 -0.036875 0.048125
v -0.315500 -0.036875 0.048313
v -0.328000 -0.036250 0.048313
v -0.290500 -0.038125 0.047937
v -0.278000 -0.038750 0.047937
v -0.290500 -0.038125 0.048125
v -0.265500 -0.039375 0.047375
v -0.265500 -0.039375 0.047563
v -0.278000 -0.038750 0.047563
v -0.328000 -0.036250 0.047187
v -0.340500 -0.035625 0.047375
v -0.340500 -0.035625 0.047187
v -0.315500 -0.036875 0.047375
v -0.315500 -0.036875 0.047563
v -0.328000 -0.036250 0.047563
v -0.278000 -0.038750 0.047187
v -0.290500 -0.038125 0.047375
v -0.290500 -0.038125 0.047187
v -0.278000 -0.038750 0.049813
v -0.265500 -0.039375 0.049625
v -0.265500 -0.039375 0.049813
v -0.290500 -0.038125 0.049625
v -0.290500 -0.038125 0.049438
v -0.278000 -0.038750 0.049438
v -0.328000 -0.036250 0.049813
v -0.315500 -0.036875 0.049625
v -0.315500 -0.036875 0.049813
v -0.190500 -0.043125 0.048875
v -0.190500 -0.043125 0.048688
v -0.178000 -0.043750 0.048688
v -0.215500 -0.041875 0.049062
v -0.228000 -0.041250 0.049062
v -0.215500 -0.041875 0.048875
v -0.240500 -0.040625 0.049625
v -0.240500 -0.040625 0.049438
v -0.228000 -0.041250 0.049438
v -0.178000 -0.043750 0.049813
v -0.165500 -0.044375 0.049625
v -0.165500 -0.044375 0.049813
v -0.190500 -0.043125 0.049625
v -0.190500 -0.043125 0.049438
v -0.178000 -0.043750 0.049438
v -0.228000 -0.041250 0.049813
v -0.215500 -0.041875 0.049625
v -0.215500 -0.041875 0.049813
v -0.353000 -0.008750 0.047187
v -0.353000 -0.004375 0.047375
v -0.353000 -0.004375 0.047187
v -0.353000 -0.013125 0.047375
v -0.353000 -0.013125 0.047563
v -0.353000 -0.008750 0.047563
v -0.353000 -0.026250 0.047187
v -0.353000 -0.021875 0.047375
v -0.353000 -0.021875 0.047187
v -0.353000 0.021875 0.048125
v -0.353000 0.021875 0.048313
v -0.353000 0.026250 0.048313
v -0.353000 0.013125 0.047937
v -0.353000 0.008750 0.047937
v -0.353000 0.013125 0.048125
v -0.353000 0.004375 0.047375
v -0.353000 0.004375 0.047563
v -0.353000 0.008750 0.047563
v -0.353000 0.026250 0.047187
v -0.353000 0.030625 0.047375
v -0.353000 0.030625 0.047187
v -0.353000 0.021875 0.047375
v -0.353000 0.021875 0.047563
v -0.353000 0.026250 0.047563
v -0.353000 0.008750 0.047187
v -0.353000 0.013125 0.047375
v -0.353000 0.013125 0.047187
v -0.353000 0.008750 0.049813
v -0.353000 0.004375 0.049625
v -0.353000 0.004375 0.049813
v -0.353000 0.013125 0.049625
v -0.353000 0.013125 0.049438
v -0.353000 0.008750 0.049438
v -0.353000 0.026250 0.049813
v -0.353000 0.021875 0.049625
v -0.353000 0.021875 0.049813
v -0.353000 -0.021875 0.048875
v -0.353000 -0.021875 0.048688
v -0.353000 -0.026250 0.048688
v -0.353000 -0.013125 0.049062
v -0.353000 -0.008750 0.049062
v -0.353000 -0.013125 0.048875
v -0.353000 -0.004375 0.049625
v -0.353000 -0.004375 0.049438
v -0.353000 -0.008750 0.049438
v -0.353000 -0.026250 0.049813
v -0.353000 -0.030625 0.049625
v -0.353000 -0.030625 0.049813
v -0.353000 -0.021875 0.049625
v -0.353000 -0.021875 0.049438
v -0.353000 -0.026250 0.049438
v -0.353000 -0.008750 0.049813
v -0.353000 -0.013125 0.049625
v -0.353000 -0.013125 0.049813
v -0.278000 0.038750 0.047187
v -0.265500 0.039375 0.047375
v -0.265500 0.039375 0.047187
v -0.290500 0.038125 0.047375
v -0.290500 0.038125 0.047563
v -0.278000 0.038750 0.047563
v -0.328000 0.036250 0.047187
v -0.315500 0.036875 0.047375
v -0.315500 0.036875 0.047187
v -0.190500 0.043125 0.048125
v -0.190500 0.043125 0.048313
v -0.178000 0.043750 0.048313
v -0.215500 0.041875 0.047937
v -0.228000 0.041250 0.047937
v -0.215500 0.041875 0.048125
v -0.240500 0.040625 0.047375
v -0.240500 0.040625 0.047563
v -0.228000 0.041250 0.047563
v -0.178000 0.043750 0.047187
v -0.165500 0.044375 0.047375
v -0.165500 0.044375 0.047187
v -0.190500 0.043125 0.047375
v -0.190500 0.043125 0.047563
v -0.178000 0.043750 0.047563
v -0.228000 0.041250 0.047187
v -0.215500 0.041875 0.047375
v -0.215500 0.041875 0.047187
v -0.228000 0.041250 0.049813
v -0.240500 0.040625 0.049625
v -0.240500 0.040625 0.049813
v -0.215500 0.041875 0.049625
v -0.215500 0.041875 0.049438
v -0.228000 0.041250 0.049438
v -0.178000 0.043750 0.049813
v -0.190500 0.043125 0.049625
v -0.190500 0.043125 0.049813
v -0.315500 0.036875 0.048875
v -0.315500 0.036875 0.048688
v -0.328000 0.036250 0.048688
v -0.290500 0.038125 0.049062
v -0.278000 0.038750 0.049062
v -0.290500 0.038125 0.048875
v -0.265500 0.039375 0.049625
v -0.265500 0.039375 0.049438
v -0.278000 0.038750 0.049438
v -0.328000 0.036250 0.049813
v -0.340500 0.035625 0.049625
v -0.340500 0.035625 0.049813
v -0.315500 0.036875 0.049625
v -0.315500 0.036875 0.049438
v -0.328000 0.036250 0.049438
v -0.278000 0.038750 0.049813
v -0.290500 0.038125 0.049625
v -0.290500 0.038125 0.049813
v -0.153000 0.011250 0.047187
v -0.153000 0.005625 0.047375
v -0.153000 0.005625 0.047187
v -0.153000 0.016875 0.047375
v -0.153000 0.016875 0.047563
v -0.153000 0.011250 0.047563
v -0.153000 0.033750 0.047187
v -0.153000 0.028125 0.047375
v -0.153000 0.028125 0.047187
v -0.153000 -0.028125 0.048125
v -0.153000 -0.028125 0.048313
v -0.153000 -0.033750 0.048313
v -0.153000 -0.016875 0.047937
v -0.153000 -0.011250 0.047937
v -0.153000 -0.016875 0.048125
v -0.153000 -0.005625 0.047375
v -0.153000 -0.005625 0.047563
v -0.153000 -0.011250 0.047563
v -0.153000 -0.033750 0.047187
v -0.153000 -0.039375 0.047375
v -0.153000 -0.039375 0.047187
v -0.153000 -0.028125 0.047375
v -0.153000 -0.028125 0.047563
v -0.153000 -0.033750 0.047563
v -0.153000 -0.011250 0.047187
v -0.153000 -0.016875 0.047375
v -0.153000 -0.016875 0.047187
v -0.153000 -0.011250 0.049813
v -0.153000 -0.005625 0.049625
v -0.153000 -0.005625 0.049813
v -0.153000 -0.016875 0.049625
v -0.153000 -0.016875 0.049438
v -0.153000 -0.011250 0.049438
v -0.153000 -0.033750 0.049813
v -0.153000 -0.028125 0.049625
v -0.153000 -0.028125 0.049813
v -0.153000 0.028125 0.048875
v -0.153000 0.028125 0.048688
v -0.153000 0.033750 0.048688
v -0.153000 0.016875 0.049062
v -0.153000 0.011250 0.049062
v -0.153000 0.016875 0.048875
v -0.153000 0.005625 0.049625
v -0.153000 0.005625 0.049438
v -0.153000 0.011250 0.049438
v -0.153000 0.033750 0.049813
v -0.153000 0.039375 0.049625
v -0.153000 0.039375 0.049813
v -0.153000 0.028125 0.049625
v -0.153000 0.028125 0.049438
v -0.153000 0.033750 0.049438
v -0.153000 0.011250 0.049813
v -0.153000 0.016875 0.049625
v -0.153000 0.016875 0.049813
v -0.153000 0.033750 0.049062
v -0.153000 0.039375 0.048875
v -0.153000 0.039375 0.049062
v -0.153000 0.005625 0.048875
v -0.153000 0.005625 0.048688
v -0.153000 0.011250 0.048688
v -0.153000 -0.011250 0.049062
v -0.153000 -0.005625 0.048875
v -0.153000 -0.005625 0.049062
v -0.153000 -0.033750 0.047937
v -0.153000 -0.039375 0.048125
v -0.153000 -0.039375 0.047937
v -0.153000 -0.005625 0.048125
v -0.153000 -0.005625 0.048313
v -0.153000 -0.011250 0.048313
v -0.153000 0.011250 0.047937
v -0.153000 0.005625 0.048125
v -0.153000 0.005625 0.047937
v -0.328000 0.036250 0.049062
v -0.340500 0.035625 0.048875
v -0.340500 0.035625 0.049062
v -0.265500 0.039375 0.048875
v -0.265500 0.039375 0.048688
v -0.278000 0.038750 0.048688
v -0.228000 0.041250 0.049062
v -0.240500 0.040625 0.048875
v -0.240500 0.040625 0.049062
v -0.178000 0.043750 0.047937
v -0.165500 0.044375 0.048125
v -0.165500 0.044375 0.047937
v -0.240500 0.040625 0.048125
v -0.240500 0.040625 0.048313
v -0.228000 0.041250 0.048313
v -0.278000 0.038750 0.047937
v -0.265500 0.039375 0.048125
v -0.265500 0.039375 0.047937
v -0.353000 -0.026250 0.049062
v -0.353000 -0.030625 0.048875
v -0.353000 -0.030625 0.049062
v -0.353000 -0.004375 0.048875
v -0.353000 -0.004375 0.048688
v -0.353000 -0.008750 0.048688
v -0.353000 0.008750 0.049062
v -0.353000 0.004375 0.048875
v -0.353000 0.004375 0.049062
v -0.353000 0.026250 0.047937
v -0.353000 0.030625 0.048125
v -0.353000 0.030625 0.047937
v -0.353000 0.004375 0.048125
v -0.353000 0.004375 0.048313
v -0.353000 0.008750 0.048313
v -0.353000 -0.008750 0.047937
v -0.353000 -0.004375 0.048125
v -0.353000 -0.004375 0.047937
v -0.178000 -0.043750 0.049062
v -0.165500 -0.044375 0.048875
v -0.165500 -0.044375 0.049062
v -0.240500 -0.040625 0.048875
v -0.240500 -0.040625 0.048688
v -0.228000 -0.041250 0.048688
v -0.278000 -0.038750 0.049062
v -0.265500 -0.039375 0.048875
v -0.265500 -0.039375 0.049062
v -0.328000 -0.036250 0.047937
v -0.340500 -0.035625 0.048125
v -0.340500 -0.035625 0.047937
v -0.265500 -0.039375 0.048125
v -0.265500 -0.039375 0.048313
v -0.278000 -0.038750 0.048313
v -0.228000 -0.041250 0.047937
v -0.240500 -0.040625 0.048125
v -0.240500 -0.040625 0.047937
v -0.178000 -0.015625 0.047000
v -0.165500 -0.010625 0.047000
v -0.165500 -0.016250 0.047000
v -0.240500 -0.006875 0.047000
v -0.240500 -0.001250 0.047000
v -0.228000 -0.001875 0.047000
v -0.278000 -0.010625 0.047000
v -0.265500 -0.005625 0.047000
v -0.265500 -0.011250 0.047000
v -0.328000 0.014375 0.047000
v -0.340500 0.009375 0.047000
v -0.340500 0.013750 0.047000
v -0.265500 0.013125 0.047000
v -0.265500 0.008750 0.047000
v -0.278000 0.008125 0.047000
v -0.228000 0.019375 0.047000
v -0.240500 0.014375 0.047000
v -0.240500 0.018750 0.047000
v -0.178000 0.015625 0.050000
v -0.165500 0.010625 0.050000
v -0.165500 0.016250 0.050000
v -0.240500 0.006875 0.050000
v -0.240500 0.001250 0.050000
v -0.228000 0.001875 0.050000
v -0.278000 0.010625 0.050000
v -0.265500 0.005625 0.050000
v -0.265500 0.011250 0.050000
v -0.328000 -0.014375 0.050000
v -0.340500 -0.009375 0.050000
v -0.340500 -0.013750 0.050000
v -0.265500 -0.013125 0.050000
v -0.265500 -0.008750 0.050000
v -0.278000 -0.008125 0.050000
v -0.228000 -0.019375 0.050000
v -0.240500 -0.014375 0.050000
v -0.240500 -0.018750 0.050000
v -0.328000 0.020625 0.050000
v -0.340500 0.025625 0.050000
v -0.340500 0.021250 0.050000
v -0.178000 -0.029375 0.050000
v -0.165500 -0.034375 0.050000
v -0.165500 -0.028750 0.050000
v -0.328000 -0.020625 0.047000
v -0.340500 -0.025625 0.047000
v -0.340500 -0.021250 0.047000
v -0.178000 0.029375 0.047000
v -0.165500 0.034375 0.047000
v -0.165500 0.028750 0.047000
v -0.328000 -0.036250 0.049438
v -0.340500 -0.035625 0.049625
v -0.340500 -0.035625 0.049438
v -0.178000 -0.043750 0.047563
v -0.165500 -0.044375 0.047375
v -0.165500 -0.044375 0.047563
v -0.353000 0.026250 0.049438
v -0.353000 0.030625 0.049625
v -0.353000 0.030625 0.049438
v -0.353000 -0.026250 0.047563
v -0.353000 -0.030625 0.047375
v -0.353000 -0.030625 0.047563
v -0.178000 0.043750 0.049438
v -0.165500 0.044375 0.049625
v -0.165500 0.044375 0.049438
v -0.328000 0.036250 0.047563
v -0.340500 0.035625 0.047375
v -0.340500 0.035625 0.047563
v -0.153000 -0.033750 0.049438
v -0.153000 -0.039375 0.049625
v -0.153000 -0.039375 0.049438
v -0.153000 0.033750 0.047563
v -0.153000 0.039375 0.047375
v -0.153000 0.039375 0.047563
s 0
f 1539 2303 2304
f 1541 2305 1926
f 1543 2307 1928
f 1540 1925 2306
f 1545 2309 1930
f 1544 1929 2308
f 1542 1927 2319
f 1546 1931 1941
f 1539 2311 2314
f 1545 1942 1936
f 1541 1934 2316
f 1544 2310 1938
f 1560 2321 1956
f 1560 2322 2321
f 1554 2292 1963
f 1560 2324 2298
f 1560 2325 2324
f 1556 1952 1966
f 1558 2327 1954
f 1558 2328 2327
f 1564 1960 1969
f 1558 2330 2296
f 1558 2331 2330
f 1555 2293 1972
f 1563 2333 1959
f 1563 2334 2333
f 1553 1949 1975
f 1563 2336 2301
f 1563 2337 2336
f 1549 1945 1978
f 1552 2339 2290
f 1552 2340 2339
f 1551 1947 1981
f 1552 2342 1948
f 1552 2343 2342
f 1553 2291 1984
f 1550 2345 2288
f 1550 2346 2345
f 1547 1943 1987
f 1550 2348 1946
f 1550 2349 2348
f 1551 2289 1990
f 1548 2351 1944
f 1548 2352 2351
f 1549 2287 1993
f 1548 2354 2286
f 1548 2355 2354
f 1547 2285 1996
f 1636 2357 2068
f 1636 2358 2357
f 1565 2213 2071
f 1634 2360 2282
f 1634 2361 2360
f 1635 2283 2074
f 1566 2363 2214
f 1566 2364 2363
f 1634 2282 2077
f 1633 2366 2065
f 1633 2367 2366
f 1567 2215 2080
f 1631 2369 2279
f 1631 2370 2369
f 1632 2280 2083
f 1584 2372 2016
f 1584 2373 2372
f 1631 2279 2086
f 1630 2375 2062
f 1630 2376 2375
f 1569 2217 2089
f 1628 2378 2276
f 1628 2379 2378
f 1629 2277 2092
f 1586 2381 2018
f 1586 2382 2381
f 1628 2276 2095
f 1627 2384 2059
f 1627 2385 2384
f 1583 2015 2098
f 1625 2387 2273
f 1625 2388 2387
f 1626 2274 2101
f 1568 2390 2216
f 1568 2391 2390
f 1625 2273 2104
f 1624 2393 2056
f 1624 2394 2393
f 1571 2219 2107
f 1622 2396 2270
f 1622 2397 2396
f 1623 2271 2110
f 1588 2399 2020
f 1588 2400 2399
f 1622 2270 2113
f 1621 2402 2053
f 1621 2403 2402
f 1587 2019 2116
f 1619 2405 2267
f 1619 2406 2405
f 1620 2268 2119
f 1570 2408 2218
f 1570 2409 2408
f 1619 2267 2122
f 1618 2411 2050
f 1618 2412 2411
f 1585 2017 2125
f 1616 2414 2264
f 1616 2415 2414
f 1617 2265 2128
f 1581 2417 2229
f 1581 2418 2417
f 1616 2264 2131
f 1615 2420 2047
f 1615 2421 2420
f 1589 2021 2134
f 1613 2423 2261
f 1613 2424 2423
f 1614 2262 2137
f 1599 2426 2031
f 1599 2427 2426
f 1613 2261 2140
f 1612 2429 2044
f 1612 2430 2429
f 1573 2221 2143
f 1610 2432 2258
f 1610 2433 2432
f 1611 2259 2146
f 1576 2435 2224
f 1576 2436 2435
f 1610 2258 2149
f 1609 2438 2041
f 1609 2439 2438
f 1600 2032 2152
f 1607 2441 2255
f 1607 2442 2441
f 1608 2256 2155
f 1594 2444 2026
f 1594 2445 2444
f 1607 2255 2158
f 1606 2447 2038
f 1606 2448 2447
f 1592 2024 2161
f 1604 2450 2252
f 1604 2451 2450
f 1605 2253 2164
f 1578 2453 2226
f 1578 2454 2453
f 1604 2252 2167
f 1603 2456 2035
f 1603 2457 2456
f 1572 2220 2170
f 1601 2459 2249
f 1601 2460 2459
f 1602 2250 2173
f 1596 2462 2028
f 1596 2463 2462
f 1601 2249 2176
f 1578 2465 2010
f 1578 2466 2465
f 1590 2238 2179
f 1596 2468 2244
f 1596 2469 2468
f 1574 2006 2182
f 1576 2471 2008
f 1576 2472 2471
f 1582 2014 2185
f 1594 2474 2242
f 1594 2475 2474
f 1591 2239 2188
f 1581 2477 2013
f 1581 2478 2477
f 1571 2003 2191
f 1599 2480 2247
f 1599 2481 2480
f 1567 1999 2194
f 1588 2483 2236
f 1588 2484 2483
f 1569 2001 2197
f 1570 2486 2002
f 1570 2487 2486
f 1589 2237 2200
f 1586 2489 2234
f 1586 2490 2489
f 1565 1997 2203
f 1568 2492 2000
f 1568 2493 2492
f 1587 2235 2206
f 1566 2495 1998
f 1566 2496 2495
f 1585 2233 2209
f 1584 2498 2232
f 1584 2499 2498
f 1583 2231 2212
f 1924 2501 2500
f 1924 2502 2501
f 1655 1943 2503
f 1922 2504 2210
f 1922 2505 2504
f 1923 2211 2506
f 1656 2507 1944
f 1656 2508 2507
f 1922 2210 2509
f 1921 2510 2497
f 1921 2511 2510
f 1657 1945 2512
f 1919 2513 2207
f 1919 2514 2513
f 1920 2208 2515
f 1710 2516 2286
f 1710 2517 2516
f 1919 2207 2518
f 1918 2519 2494
f 1918 2520 2519
f 1659 1947 2521
f 1916 2522 2204
f 1916 2523 2522
f 1917 2205 2524
f 1712 2525 2288
f 1712 2526 2525
f 1916 2204 2527
f 1915 2528 2491
f 1915 2529 2528
f 1709 2285 2530
f 1913 2531 2201
f 1913 2532 2531
f 1914 2202 2533
f 1658 2534 1946
f 1658 2535 2534
f 1913 2201 2536
f 1912 2537 2488
f 1912 2538 2537
f 1661 1949 2539
f 1910 2540 2198
f 1910 2541 2540
f 1911 2199 2542
f 1714 2543 2290
f 1714 2544 2543
f 1910 2198 2545
f 1909 2546 2485
f 1909 2547 2546
f 1713 2289 2548
f 1907 2549 2195
f 1907 2550 2549
f 1908 2196 2551
f 1660 2552 1948
f 1660 2553 2552
f 1907 2195 2554
f 1906 2555 2482
f 1906 2556 2555
f 1711 2287 2557
f 1904 2558 2192
f 1904 2559 2558
f 1905 2193 2560
f 1671 2561 1959
f 1671 2562 2561
f 1904 2192 2563
f 1903 2564 2479
f 1903 2565 2564
f 1715 2291 2566
f 1901 2567 2189
f 1901 2568 2567
f 1902 2190 2569
f 1725 2570 2301
f 1725 2571 2570
f 1901 2189 2572
f 1900 2573 2476
f 1900 2574 2573
f 1663 1951 2575
f 1898 2576 2186
f 1898 2577 2576
f 1899 2187 2578
f 1666 2579 1954
f 1666 2580 2579
f 1898 2186 2581
f 1897 2582 2473
f 1897 2583 2582
f 1726 2302 2584
f 1895 2585 2183
f 1895 2586 2585
f 1896 2184 2587
f 1720 2588 2296
f 1720 2589 2588
f 1895 2183 2590
f 1894 2591 2470
f 1894 2592 2591
f 1718 2294 2593
f 1892 2594 2180
f 1892 2595 2594
f 1893 2181 2596
f 1668 2597 1956
f 1668 2598 2597
f 1892 2180 2599
f 1891 2600 2467
f 1891 2601 2600
f 1662 1950 2602
f 1889 2603 2177
f 1889 2604 2603
f 1890 2178 2605
f 1722 2606 2298
f 1722 2607 2606
f 1889 2177 2608
f 1888 2609 2464
f 1888 2610 2609
f 1673 1961 2611
f 1886 2612 2174
f 1886 2613 2612
f 1887 2175 2614
f 1740 2615 2316
f 1740 2616 2615
f 1886 2174 2617
f 1885 2618 2461
f 1885 2619 2618
f 1674 1962 2620
f 1883 2621 2171
f 1883 2622 2621
f 1884 2172 2623
f 1673 2624 1961
f 1673 2625 2624
f 1883 2171 2626
f 1882 2627 2458
f 1882 2628 2627
f 1644 1932 2629
f 1880 2630 2168
f 1880 2631 2630
f 1881 2169 2632
f 1747 2633 2323
f 1747 2634 2633
f 1880 2168 2635
f 1879 2636 2455
f 1879 2637 2636
f 1676 1964 2638
f 1877 2639 2165
f 1877 2640 2639
f 1878 2166 2641
f 1650 2642 1938
f 1650 2643 2642
f 1877 2165 2644
f 1876 2645 2452
f 1876 2646 2645
f 1677 1965 2647
f 1874 2648 2162
f 1874 2649 2648
f 1875 2163 2650
f 1676 2651 1964
f 1676 2652 2651
f 1874 2162 2653
f 1873 2654 2449
f 1873 2655 2654
f 1736 2312 2656
f 1871 2657 2159
f 1871 2658 2657
f 1872 2160 2659
f 1750 2660 2326
f 1750 2661 2660
f 1871 2159 2662
f 1870 2663 2446
f 1870 2664 2663
f 1679 1967 2665
f 1868 2666 2156
f 1868 2667 2666
f 1869 2157 2668
f 1738 2669 2314
f 1738 2670 2669
f 1868 2156 2671
f 1867 2672 2443
f 1867 2673 2672
f 1680 1968 2674
f 1865 2675 2153
f 1865 2676 2675
f 1866 2154 2677
f 1679 2678 1967
f 1679 2679 2678
f 1865 2153 2680
f 1864 2681 2440
f 1864 2682 2681
f 1744 2320 2683
f 1862 2684 2150
f 1862 2685 2684
f 1863 2151 2686
f 1753 2687 2329
f 1753 2688 2687
f 1862 2150 2689
f 1861 2690 2437
f 1861 2691 2690
f 1682 1970 2692
f 1859 2693 2147
f 1859 2694 2693
f 1860 2148 2695
f 1648 2696 1936
f 1648 2697 2696
f 1859 2147 2698
f 1858 2699 2434
f 1858 2700 2699
f 1683 1971 2701
f 1856 2702 2144
f 1856 2703 2702
f 1857 2145 2704
f 1682 2705 1970
f 1682 2706 2705
f 1856 2144 2707
f 1855 2708 2431
f 1855 2709 2708
f 1645 1933 2710
f 1853 2711 2141
f 1853 2712 2711
f 1854 2142 2713
f 1756 2714 2332
f 1756 2715 2714
f 1853 2141 2716
f 1852 2717 2428
f 1852 2718 2717
f 1685 1973 2719
f 1850 2720 2138
f 1850 2721 2720
f 1851 2139 2722
f 1743 2723 2319
f 1743 2724 2723
f 1850 2138 2725
f 1849 2726 2425
f 1849 2727 2726
f 1686 1974 2728
f 1847 2729 2135
f 1847 2730 2729
f 1848 2136 2731
f 1685 2732 1973
f 1685 2733 2732
f 1847 2135 2734
f 1846 2735 2422
f 1846 2736 2735
f 1733 2309 2737
f 1844 2738 2132
f 1844 2739 2738
f 1845 2133 2740
f 1759 2741 2335
f 1759 2742 2741
f 1844 2132 2743
f 1843 2744 2419
f 1843 2745 2744
f 1688 1976 2746
f 1841 2747 2129
f 1841 2748 2747
f 1842 2130 2749
f 1653 2750 1941
f 1653 2751 2750
f 1841 2129 2752
f 1840 2753 2416
f 1840 2754 2753
f 1689 1977 2755
f 1838 2756 2126
f 1838 2757 2756
f 1839 2127 2758
f 1688 2759 1976
f 1688 2760 2759
f 1838 2126 2761
f 1837 2762 2413
f 1837 2763 2762
f 1729 2305 2764
f 1835 2765 2123
f 1835 2766 2765
f 1836 2124 2767
f 1762 2768 2338
f 1762 2769 2768
f 1835 2123 2770
f 1834 2771 2410
f 1834 2772 2771
f 1691 1979 2773
f 1832 2774 2120
f 1832 2775 2774
f 1833 2121 2776
f 1642 2777 1930
f 1642 2778 2777
f 1832 2120 2779
f 1831 2780 2407
f 1831 2781 2780
f 1692 1980 2782
f 1829 2783 2117
f 1829 2784 2783
f 1830 2118 2785
f 1691 2786 1979
f 1691 2787 2786
f 1829 2117 2788
f 1828 2789 2404
f 1828 2790 2789
f 1731 2307 2791
f 1826 2792 2114
f 1826 2793 2792
f 1827 2115 2794
f 1765 2795 2341
f 1765 2796 2795
f 1826 2114 2797
f 1825 2798 2401
f 1825 2799 2798
f 1694 1982 2800
f 1823 2801 2111
f 1823 2802 2801
f 1824 2112 2803
f 1732 2804 2308
f 1732 2805 2804
f 1823 2111 2806
f 1822 2807 2398
f 1822 2808 2807
f 1695 1983 2809
f 1820 2810 2108
f 1820 2811 2810
f 1821 2109 2812
f 1694 2813 1982
f 1694 2814 2813
f 1820 2108 2815
f 1819 2816 2395
f 1819 2817 2816
f 1643 1931 2818
f 1817 2819 2105
f 1817 2820 2819
f 1818 2106 2821
f 1768 2822 2344
f 1768 2823 2822
f 1817 2105 2824
f 1816 2825 2392
f 1816 2826 2825
f 1697 1985 2827
f 1814 2828 2102
f 1814 2829 2828
f 1815 2103 2830
f 1640 2831 1928
f 1640 2832 2831
f 1814 2102 2833
f 1813 2834 2389
f 1813 2835 2834
f 1698 1986 2836
f 1811 2837 2099
f 1811 2838 2837
f 1812 2100 2839
f 1697 2840 1985
f 1697 2841 2840
f 1811 2099 2842
f 1810 2843 2386
f 1810 2844 2843
f 1727 2303 2845
f 1808 2846 2096
f 1808 2847 2846
f 1809 2097 2848
f 1771 2849 2347
f 1771 2850 2849
f 1808 2096 2851
f 1807 2852 2383
f 1807 2853 2852
f 1700 1988 2854
f 1805 2855 2093
f 1805 2856 2855
f 1806 2094 2857
f 1730 2858 2306
f 1730 2859 2858
f 1805 2093 2860
f 1804 2861 2380
f 1804 2862 2861
f 1701 1989 2863
f 1802 2864 2090
f 1802 2865 2864
f 1803 2091 2866
f 1700 2867 1988
f 1700 2868 2867
f 1802 2090 2869
f 1801 2870 2377
f 1801 2871 2870
f 1641 1929 2872
f 1799 2873 2087
f 1799 2874 2873
f 1800 2088 2875
f 1774 2876 2350
f 1774 2877 2876
f 1799 2087 2878
f 1798 2879 2374
f 1798 2880 2879
f 1703 1991 2881
f 1796 2882 2084
f 1796 2883 2882
f 1797 2085 2884
f 1728 2885 2304
f 1728 2886 2885
f 1796 2084 2887
f 1795 2888 2371
f 1795 2889 2888
f 1704 1992 2890
f 1793 2891 2081
f 1793 2892 2891
f 1794 2082 2893
f 1703 2894 1991
f 1703 2895 2894
f 1793 2081 2896
f 1792 2897 2368
f 1792 2898 2897
f 1639 1927 2899
f 1790 2900 2078
f 1790 2901 2900
f 1791 2079 2902
f 1777 2903 2353
f 1777 2904 2903
f 1790 2078 2905
f 1789 2906 2365
f 1789 2907 2906
f 1706 1994 2908
f 1787 2909 2075
f 1787 2910 2909
f 1788 2076 2911
f 1638 2912 1926
f 1638 2913 2912
f 1787 2075 2914
f 1786 2915 2362
f 1786 2916 2915
f 1707 1995 2917
f 1784 2918 2072
f 1784 2919 2918
f 1785 2073 2920
f 1706 2921 1994
f 1706 2922 2921
f 1784 2072 2923
f 1783 2924 2359
f 1783 2925 2924
f 1637 1925 2926
f 1781 2927 2069
f 1781 2928 2927
f 1782 2070 2929
f 1780 2930 2356
f 1780 2931 2930
f 1781 2069 2932
f 1708 2933 2284
f 1708 2934 2933
f 1709 1997 2935
f 1778 2936 2066
f 1778 2937 2936
f 1779 2067 2938
f 1710 2939 1998
f 1710 2940 2939
f 1778 2066 2941
f 1705 2942 2281
f 1705 2943 2942
f 1711 1999 2944
f 1775 2945 2063
f 1775 2946 2945
f 1776 2064 2947
f 1656 2948 2232
f 1656 2949 2948
f 1775 2063 2950
f 1702 2951 2278
f 1702 2952 2951
f 1713 2001 2953
f 1772 2954 2060
f 1772 2955 2954
f 1773 2061 2956
f 1658 2957 2234
f 1658 2958 2957
f 1772 2060 2959
f 1699 2960 2275
f 1699 2961 2960
f 1655 2231 2962
f 1769 2963 2057
f 1769 2964 2963
f 1770 2058 2965
f 1712 2966 2000
f 1712 2967 2966
f 1769 2057 2968
f 1696 2969 2272
f 1696 2970 2969
f 1715 2003 2971
f 1766 2972 2054
f 1766 2973 2972
f 1767 2055 2974
f 1660 2975 2236
f 1660 2976 2975
f 1766 2054 2977
f 1693 2978 2269
f 1693 2979 2978
f 1659 2235 2980
f 1763 2981 2051
f 1763 2982 2981
f 1764 2052 2983
f 1714 2984 2002
f 1714 2985 2984
f 1763 2051 2986
f 1690 2987 2266
f 1690 2988 2987
f 1657 2233 2989
f 1760 2990 2048
f 1760 2991 2990
f 1761 2049 2992
f 1725 2993 2013
f 1725 2994 2993
f 1760 2048 2995
f 1687 2996 2263
f 1687 2997 2996
f 1661 2237 2998
f 1757 2999 2045
f 1757 3000 2999
f 1758 2046 3001
f 1671 3002 2247
f 1671 3003 3002
f 1757 2045 3004
f 1684 3005 2260
f 1684 3006 3005
f 1717 2005 3007
f 1754 3008 2042
f 1754 3009 3008
f 1755 2043 3010
f 1720 3011 2008
f 1720 3012 3011
f 1754 2042 3013
f 1681 3014 2257
f 1681 3015 3014
f 1672 2248 3016
f 1751 3017 2039
f 1751 3018 3017
f 1752 2040 3019
f 1666 3020 2242
f 1666 3021 3020
f 1751 2039 3022
f 1678 3023 2254
f 1678 3024 3023
f 1664 2240 3025
f 1748 3026 2036
f 1748 3027 3026
f 1749 2037 3028
f 1722 3029 2010
f 1722 3030 3029
f 1748 2036 3031
f 1675 3032 2251
f 1675 3033 3032
f 1716 2004 3034
f 1745 3035 2033
f 1745 3036 3035
f 1746 2034 3037
f 1668 3038 2244
f 1668 3039 3038
f 1745 2033 3040
f 1650 3041 2226
f 1650 3042 3041
f 1734 2022 3043
f 1740 3044 2028
f 1740 3045 3044
f 1646 2222 3046
f 1648 3047 2224
f 1648 3048 3047
f 1654 2230 3049
f 1738 3050 2026
f 1738 3051 3050
f 1735 2023 3052
f 1653 3053 2229
f 1653 3054 3053
f 1643 2219 3055
f 1743 3056 2031
f 1743 3057 3056
f 1639 2215 3058
f 1732 3059 2020
f 1732 3060 3059
f 1641 2217 3061
f 1642 3062 2218
f 1642 3063 3062
f 1733 2021 3064
f 1730 3065 2018
f 1730 3066 3065
f 1637 2213 3067
f 1640 3068 2216
f 1640 3069 3068
f 1731 2019 3070
f 1638 3071 2214
f 1638 3072 3071
f 1729 2017 3073
f 1728 3074 2016
f 1728 3075 3074
f 1727 2015 3076
f 3076 2211 1923
f 3076 2015 2211
f 2015 1583 2211
f 3074 3076 1923
f 3074 3075 3076
f 3075 1727 3076
f 2016 2499 1584
f 2016 3074 2499
f 3074 1923 2499
f 3073 2208 1920
f 3073 2017 2208
f 2017 1585 2208
f 3071 3073 1920
f 3071 3072 3073
f 3072 1729 3073
f 2214 2496 1566
f 2214 3071 2496
f 3071 1920 2496
f 3070 2205 1917
f 3070 2019 2205
f 2019 1587 2205
f 3068 3070 1917
f 3068 3069 3070
f 3069 1731 3070
f 2216 2493 1568
f 2216 3068 2493
f 3068 1917 2493
f 3067 2202 1914
f 3067 2213 2202
f 2213 1565 2202
f 3065 3067 1914
f 3065 3066 3067
f 3066 1637 3067
f 2018 2490 1586
f 2018 3065 2490
f 3065 1914 2490
f 3064 2199 1911
f 3064 2021 2199
f 2021 1589 2199
f 3062 3064 1911
f 3062 3063 3064
f 3063 1733 3064
f 2218 2487 1570
f 2218 3062 2487
f 3062 1911 2487
f 3061 2196 1908
f 3061 2217 2196
f 2217 1569 2196
f 3059 3061 1908
f 3059 3060 3061
f 3060 1641 3061
f 2020 2484 1588
f 2020 3059 2484
f 3059 1908 2484
f 3058 2193 1905
f 3058 2215 2193
f 2215 1567 2193
f 3056 3058 1905
f 3056 3057 3058
f 3057 1639 3058
f 2031 2481 1599
f 2031 3056 2481
f 3056 1905 2481
f 3055 2190 1902
f 3055 2219 2190
f 2219 1571 2190
f 3053 3055 1902
f 3053 3054 3055
f 3054 1643 3055
f 2229 2478 1581
f 2229 3053 2478
f 3053 1902 2478
f 3052 2187 1899
f 3052 2023 2187
f 2023 1591 2187
f 3050 3052 1899
f 3050 3051 3052
f 3051 1735 3052
f 2026 2475 1594
f 2026 3050 2475
f 3050 1899 2475
f 3049 2184 1896
f 3049 2230 2184
f 2230 1582 2184
f 3047 3049 1896
f 3047 3048 3049
f 3048 1654 3049
f 2224 2472 1576
f 2224 3047 2472
f 3047 1896 2472
f 3046 2181 1893
f 3046 2222 2181
f 2222 1574 2181
f 3044 3046 1893
f 3044 3045 3046
f 3045 1646 3046
f 2028 2469 1596
f 2028 3044 2469
f 3044 1893 2469
f 3043 2178 1890
f 3043 2022 2178
f 2022 1590 2178
f 3041 3043 1890
f 3041 3042 3043
f 3042 1734 3043
f 2226 2466 1578
f 2226 3041 2466
f 3041 1890 2466
f 3040 2175 1887
f 3040 2033 2175
f 2033 1601 2175
f 3038 3040 1887
f 3038 3039 3040
f 3039 1745 3040
f 2244 2463 1596
f 2244 3038 2463
f 3038 1887 2463
f 3037 2172 1884
f 3037 2034 2172
f 2034 1602 2172
f 3035 3037 1884
f 3035 3036 3037
f 3036 1746 3037
f 2033 2460 1601
f 2033 3035 2460
f 3035 1884 2460
f 3034 2169 1881
f 3034 2004 2169
f 2004 1572 2169
f 3032 3034 1881
f 3032 3033 3034
f 3033 1716 3034
f 2251 2457 1603
f 2251 3032 2457
f 3032 1881 2457
f 3031 2166 1878
f 3031 2036 2166
f 2036 1604 2166
f 3029 3031 1878
f 3029 3030 3031
f 3030 1748 3031
f 2010 2454 1578
f 2010 3029 2454
f 3029 1878 2454
f 3028 2163 1875
f 3028 2037 2163
f 2037 1605 2163
f 3026 3028 1875
f 3026 3027 3028
f 3027 1749 3028
f 2036 2451 1604
f 2036 3026 2451
f 3026 1875 2451
f 3025 2160 1872
f 3025 2240 2160
f 2240 1592 2160
f 3023 3025 1872
f 3023 3024 3025
f 3024 1664 3025
f 2254 2448 1606
f 2254 3023 2448
f 3023 1872 2448
f 3022 2157 1869
f 3022 2039 2157
f 2039 1607 2157
f 3020 3022 1869
f 3020 3021 3022
f 3021 1751 3022
f 2242 2445 1594
f 2242 3020 2445
f 3020 1869 2445
f 3019 2154 1866
f 3019 2040 2154
f 2040 1608 2154
f 3017 3019 1866
f 3017 3018 3019
f 3018 1752 3019
f 2039 2442 1607
f 2039 3017 2442
f 3017 1866 2442
f 3016 2151 1863
f 3016 2248 2151
f 2248 1600 2151
f 3014 3016 1863
f 3014 3015 3016
f 3015 1672 3016
f 2257 2439 1609
f 2257 3014 2439
f 3014 1863 2439
f 3013 2148 1860
f 3013 2042 2148
f 2042 1610 2148
f 3011 3013 1860
f 3011 3012 3013
f 3012 1754 3013
f 2008 2436 1576
f 2008 3011 2436
f 3011 1860 2436
f 3010 2145 1857
f 3010 2043 2145
f 2043 1611 2145
f 3008 3010 1857
f 3008 3009 3010
f 3009 1755 3010
f 2042 2433 1610
f 2042 3008 2433
f 3008 1857 2433
f 3007 2142 1854
f 3007 2005 2142
f 2005 1573 2142
f 3005 3007 1854
f 3005 3006 3007
f 3006 1717 3007
f 2260 2430 1612
f 2260 3005 2430
f 3005 1854 2430
f 3004 2139 1851
f 3004 2045 2139
f 2045 1613 2139
f 3002 3004 1851
f 3002 3003 3004
f 3003 1757 3004
f 2247 2427 1599
f 2247 3002 2427
f 3002 1851 2427
f 3001 2136 1848
f 3001 2046 2136
f 2046 1614 2136
f 2999 3001 1848
f 2999 3000 3001
f 3000 1758 3001
f 2045 2424 1613
f 2045 2999 2424
f 2999 1848 2424
f 2998 2133 1845
f 2998 2237 2133
f 2237 1589 2133
f 2996 2998 1845
f 2996 2997 2998
f 2997 1661 2998
f 2263 2421 1615
f 2263 2996 2421
f 2996 1845 2421
f 2995 2130 1842
f 2995 2048 2130
f 2048 1616 2130
f 2993 2995 1842
f 2993 2994 2995
f 2994 1760 2995
f 2013 2418 1581
f 2013 2993 2418
f 2993 1842 2418
f 2992 2127 1839
f 2992 2049 2127
f 2049 1617 2127
f 2990 2992 1839
f 2990 2991 2992
f 2991 1761 2992
f 2048 2415 1616
f 2048 2990 2415
f 2990 1839 2415
f 2989 2124 1836
f 2989 2233 2124
f 2233 1585 2124
f 2987 2989 1836
f 2987 2988 2989
f 2988 1657 2989
f 2266 2412 1618
f 2266 2987 2412
f 2987 1836 2412
f 2986 2121 1833
f 2986 2051 2121
f 2051 1619 2121
f 2984 2986 1833
f 2984 2985 2986
f 2985 1763 2986
f 2002 2409 1570
f 2002 2984 2409
f 2984 1833 2409
f 2983 2118 1830
f 2983 2052 2118
f 2052 1620 2118
f 2981 2983 1830
f 2981 2982 2983
f 2982 1764 2983
f 2051 2406 1619
f 2051 2981 2406
f 2981 1830 2406
f 2980 2115 1827
f 2980 2235 2115
f 2235 1587 2115
f 2978 2980 1827
f 2978 2979 2980
f 2979 1659 2980
f 2269 2403 1621
f 2269 2978 2403
f 2978 1827 2403
f 2977 2112 1824
f 2977 2054 2112
f 2054 1622 2112
f 2975 2977 1824
f 2975 2976 2977
f 2976 1766 2977
f 2236 2400 1588
f 2236 2975 2400
f 2975 1824 2400
f 2974 2109 1821
f 2974 2055 2109
f 2055 1623 2109
f 2972 2974 1821
f 2972 2973 2974
f 2973 1767 2974
f 2054 2397 1622
f 2054 2972 2397
f 2972 1821 2397
f 2971 2106 1818
f 2971 2003 2106
f 2003 1571 2106
f 2969 2971 1818
f 2969 2970 2971
f 2970 1715 2971
f 2272 2394 1624
f 2272 2969 2394
f 2969 1818 2394
f 2968 2103 1815
f 2968 2057 2103
f 2057 1625 2103
f 2966 2968 1815
f 2966 2967 2968
f 2967 1769 2968
f 2000 2391 1568
f 2000 2966 2391
f 2966 1815 2391
f 2965 2100 1812
f 2965 2058 2100
f 2058 1626 2100
f 2963 2965 1812
f 2963 2964 2965
f 2964 1770 2965
f 2057 2388 1625
f 2057 2963 2388
f 2963 1812 2388
f 2962 2097 1809
f 2962 2231 2097
f 2231 1583 2097
f 2960 2962 1809
f 2960 2961 2962
f 2961 1655 2962
f 2275 2385 1627
f 2275 2960 2385
f 2960 1809 2385
f 2959 2094 1806
f 2959 2060 2094
f 2060 1628 2094
f 2957 2959 1806
f 2957 2958 2959
f 2958 1772 2959
f 2234 2382 1586
f 2234 2957 2382
f 2957 1806 2382
f 2956 2091 1803
f 2956 2061 2091
f 2061 1629 2091
f 2954 2956 1803
f 2954 2955 2956
f 2955 1773 2956
f 2060 2379 1628
f 2060 2954 2379
f 2954 1803 2379
f 2953 2088 1800
f 2953 2001 2088
f 2001 1569 2088
f 2951 2953 1800
f 2951 2952 2953
f 2952 1713 2953
f 2278 2376 1630
f 2278 2951 2376
f 2951 1800 2376
f 2950 2085 1797
f 2950 2063 2085
f 2063 1631 2085
f 2948 2950 1797
f 2948 2949 2950
f 2949 1775 2950
f 2232 2373 1584
f 2232 2948 2373
f 2948 1797 2373
f 2947 2082 1794
f 2947 2064 2082
f 2064 1632 2082
f 2945 2947 1794
f 2945 2946 2947
f 2946 1776 2947
f 2063 2370 1631
f 2063 2945 2370
f 2945 1794 2370
f 2944 2079 1791
f 2944 1999 2079
f 1999 1567 2079
f 2942 2944 1791
f 2942 2943 2944
f 2943 1711 2944
f 2281 2367 1633
f 2281 2942 2367
f 2942 1791 2367
f 2941 2076 1788
f 2941 2066 2076
f 2066 1634 2076
f 2939 2941 1788
f 2939 2940 2941
f 2940 1778 2941
f 1998 2364 1566
f 1998 2939 2364
f 2939 1788 2364
f 2938 2073 1785
f 2938 2067 2073
f 2067 1635 2073
f 2936 2938 1785
f 2936 2937 2938
f 2937 1779 2938
f 2066 2361 1634
f 2066 2936 2361
f 2936 1785 2361
f 2935 2070 1782
f 2935 1997 2070
f 1997 1565 2070
f 2933 2935 1782
f 2933 2934 2935
f 2934 1709 2935
f 2284 2358 1636
f 2284 2933 2358
f 2933 1782 2358
f 2932 2240 1664
f 2932 2069 2240
f 2069 1592 2240
f 2930 2932 1664
f 2930 2931 2932
f 2931 1781 2932
f 2356 1952 1556
f 2356 2930 1952
f 2930 1664 1952
f 2929 2071 1783
f 2929 2070 2071
f 2070 1565 2071
f 2927 2929 1783
f 2927 2928 2929
f 2928 1782 2929
f 2069 2359 1592
f 2069 2927 2359
f 2927 1783 2359
f 2926 2312 1736
f 2926 1925 2312
f 1925 1540 2312
f 2924 2926 1736
f 2924 2925 2926
f 2925 1637 2926
f 2359 2024 1592
f 2359 2924 2024
f 2924 1736 2024
f 2923 2068 1780
f 2923 2072 2068
f 2072 1636 2068
f 2921 2923 1780
f 2921 2922 2923
f 2922 1784 2923
f 1994 2356 1556
f 1994 2921 2356
f 2921 1780 2356
f 2920 2074 1786
f 2920 2073 2074
f 2073 1635 2074
f 2918 2920 1786
f 2918 2919 2920
f 2919 1785 2920
f 2072 2362 1636
f 2072 2918 2362
f 2918 1786 2362
f 2917 1996 1708
f 2917 1995 1996
f 1995 1547 1996
f 2915 2917 1708
f 2915 2916 2917
f 2916 1707 2917
f 2362 2284 1636
f 2362 2915 2284
f 2915 1708 2284
f 2914 2222 1646
f 2914 2075 2222
f 2075 1574 2222
f 2912 2914 1646
f 2912 2913 2914
f 2913 1787 2914
f 1926 1934 1541
f 1926 2912 1934
f 2912 1646 1934
f 2911 2077 1789
f 2911 2076 2077
f 2076 1634 2077
f 2909 2911 1789
f 2909 2910 2911
f 2910 1788 2911
f 2075 2365 1574
f 2075 2909 2365
f 2909 1789 2365
f 2908 2294 1718
f 2908 1994 2294
f 1994 1556 2294
f 2906 2908 1718
f 2906 2907 2908
f 2907 1706 2908
f 2365 2006 1574
f 2365 2906 2006
f 2906 1718 2006
f 2905 2005 1717
f 2905 2078 2005
f 2078 1573 2005
f 2903 2905 1717
f 2903 2904 2905
f 2904 1790 2905
f 2353 2293 1555
f 2353 2903 2293
f 2903 1717 2293
f 2902 2080 1792
f 2902 2079 2080
f 2079 1567 2080
f 2900 2902 1792
f 2900 2901 2902
f 2901 1791 2902
f 2078 2368 1573
f 2078 2900 2368
f 2900 1792 2368
f 2899 1933 1645
f 2899 1927 1933
f 1927 1542 1933
f 2897 2899 1645
f 2897 2898 2899
f 2898 1639 2899
f 2368 2221 1573
f 2368 2897 2221
f 2897 1645 2221
f 2896 2065 1777
f 2896 2081 2065
f 2081 1633 2065
f 2894 2896 1777
f 2894 2895 2896
f 2895 1793 2896
f 1991 2353 1555
f 1991 2894 2353
f 2894 1777 2353
f 2893 2083 1795
f 2893 2082 2083
f 2082 1632 2083
f 2891 2893 1795
f 2891 2892 2893
f 2892 1794 2893
f 2081 2371 1633
f 2081 2891 2371
f 2891 1795 2371
f 2890 1993 1705
f 2890 1992 1993
f 1992 1549 1993
f 2888 2890 1705
f 2888 2889 2890
f 2889 1704 2890
f 2371 2281 1633
f 2371 2888 2281
f 2888 1705 2281
f 2887 2023 1735
f 2887 2084 2023
f 2084 1591 2023
f 2885 2887 1735
f 2885 2886 2887
f 2886 1796 2887
f 2304 2311 1539
f 2304 2885 2311
f 2885 1735 2311
f 2884 2086 1798
f 2884 2085 2086
f 2085 1631 2086
f 2882 2884 1798
f 2882 2883 2884
f 2883 1797 2884
f 2084 2374 1591
f 2084 2882 2374
f 2882 1798 2374
f 2881 1951 1663
f 2881 1991 1951
f 1991 1555 1951
f 2879 2881 1663
f 2879 2880 2881
f 2880 1703 2881
f 2374 2239 1591
f 2374 2879 2239
f 2879 1663 2239
f 2878 2009 1721
f 2878 2087 2009
f 2087 1577 2009
f 2876 2878 1721
f 2876 2877 2878
f 2877 1799 2878
f 2350 2297 1559
f 2350 2876 2297
f 2876 1721 2297
f 2875 2089 1801
f 2875 2088 2089
f 2088 1569 2089
f 2873 2875 1801
f 2873 2874 2875
f 2874 1800 2875
f 2087 2377 1577
f 2087 2873 2377
f 2873 1801 2377
f 2872 1937 1649
f 2872 1929 1937
f 1929 1544 1937
f 2870 2872 1649
f 2870 2871 2872
f 2871 1641 2872
f 2377 2225 1577
f 2377 2870 2225
f 2870 1649 2225
f 2869 2062 1774
f 2869 2090 2062
f 2090 1630 2062
f 2867 2869 1774
f 2867 2868 2869
f 2868 1802 2869
f 1988 2350 1559
f 1988 2867 2350
f 2867 1774 2350
f 2866 2092 1804
f 2866 2091 2092
f 2091 1629 2092
f 2864 2866 1804
f 2864 2865 2866
f 2865 1803 2866
f 2090 2380 1630
f 2090 2864 2380
f 2864 1804 2380
f 2863 1990 1702
f 2863 1989 1990
f 1989 1551 1990
f 2861 2863 1702
f 2861 2862 2863
f 2862 1701 2863
f 2380 2278 1630
f 2380 2861 2278
f 2861 1702 2278
f 2860 2027 1739
f 2860 2093 2027
f 2093 1595 2027
f 2858 2860 1739
f 2858 2859 2860
f 2859 1805 2860
f 2306 2315 1540
f 2306 2858 2315
f 2858 1739 2315
f 2857 2095 1807
f 2857 2094 2095
f 2094 1628 2095
f 2855 2857 1807
f 2855 2856 2857
f 2856 1806 2857
f 2093 2383 1595
f 2093 2855 2383
f 2855 1807 2383
f 2854 1955 1667
f 2854 1988 1955
f 1988 1559 1955
f 2852 2854 1667
f 2852 2853 2854
f 2853 1700 2854
f 2383 2243 1595
f 2383 2852 2243
f 2852 1667 2243
f 2851 2241 1665
f 2851 2096 2241
f 2096 1593 2241
f 2849 2851 1665
f 2849 2850 2851
f 2850 1808 2851
f 2347 1953 1557
f 2347 2849 1953
f 2849 1665 1953
f 2848 2098 1810
f 2848 2097 2098
f 2097 1583 2098
f 2846 2848 1810
f 2846 2847 2848
f 2847 1809 2848
f 2096 2386 1593
f 2096 2846 2386
f 2846 1810 2386
f 2845 2313 1737
f 2845 2303 2313
f 2303 1539 2313
f 2843 2845 1737
f 2843 2844 2845
f 2844 1727 2845
f 2386 2025 1593
f 2386 2843 2025
f 2843 1737 2025
f 2842 2059 1771
f 2842 2099 2059
f 2099 1627 2059
f 2840 2842 1771
f 2840 2841 2842
f 2841 1811 2842
f 1985 2347 1557
f 1985 2840 2347
f 2840 1771 2347
f 2839 2101 1813
f 2839 2100 2101
f 2100 1626 2101
f 2837 2839 1813
f 2837 2838 2839
f 2838 1812 2839
f 2099 2389 1627
f 2099 2837 2389
f 2837 1813 2389
f 2836 1987 1699
f 2836 1986 1987
f 1986 1547 1987
f 2834 2836 1699
f 2834 2835 2836
f 2835 1698 2836
f 2389 2275 1627
f 2389 2834 2275
f 2834 1699 2275
f 2833 2223 1647
f 2833 2102 2223
f 2102 1575 2223
f 2831 2833 1647
f 2831 2832 2833
f 2832 1814 2833
f 1928 1935 1543
f 1928 2831 1935
f 2831 1647 1935
f 2830 2104 1816
f 2830 2103 2104
f 2103 1625 2104
f 2828 2830 1816
f 2828 2829 2830
f 2829 1815 2830
f 2102 2392 1575
f 2102 2828 2392
f 2828 1816 2392
f 2827 2295 1719
f 2827 1985 2295
f 1985 1557 2295
f 2825 2827 1719
f 2825 2826 2827
f 2826 1697 2827
f 2392 2007 1575
f 2392 2825 2007
f 2825 1719 2007
f 2824 2004 1716
f 2824 2105 2004
f 2105 1572 2004
f 2822 2824 1716
f 2822 2823 2824
f 2823 1817 2824
f 2344 2292 1554
f 2344 2822 2292
f 2822 1716 2292
f 2821 2107 1819
f 2821 2106 2107
f 2106 1571 2107
f 2819 2821 1819
f 2819 2820 2821
f 2820 1818 2821
f 2105 2395 1572
f 2105 2819 2395
f 2819 1819 2395
f 2818 1932 1644
f 2818 1931 1932
f 1931 1546 1932
f 2816 2818 1644
f 2816 2817 2818
f 2817 1643 2818
f 2395 2220 1572
f 2395 2816 2220
f 2816 1644 2220
f 2815 2056 1768
f 2815 2108 2056
f 2108 1624 2056
f 2813 2815 1768
f 2813 2814 2815
f 2814 1820 2815
f 1982 2344 1554
f 1982 2813 2344
f 2813 1768 2344
f 2812 2110 1822
f 2812 2109 2110
f 2109 1623 2110
f 2810 2812 1822
f 2810 2811 2812
f 2811 1821 2812
f 2108 2398 1624
f 2108 2810 2398
f 2810 1822 2398
f 2809 1984 1696
f 2809 1983 1984
f 1983 1553 1984
f 2807 2809 1696
f 2807 2808 2809
f 2808 1695 2809
f 2398 2272 1624
f 2398 2807 2272
f 2807 1696 2272
f 2806 2022 1734
f 2806 2111 2022
f 2111 1590 2022
f 2804 2806 1734
f 2804 2805 2806
f 2805 1823 2806
f 2308 2310 1544
f 2308 2804 2310
f 2804 1734 2310
f 2803 2113 1825
f 2803 2112 2113
f 2112 1622 2113
f 2801 2803 1825
f 2801 2802 2803
f 2802 1824 2803
f 2111 2401 1590
f 2111 2801 2401
f 2801 1825 2401
f 2800 1950 1662
f 2800 1982 1950
f 1982 1554 1950
f 2798 2800 1662
f 2798 2799 2800
f 2799 1694 2800
f 2401 2238 1590
f 2401 2798 2238
f 2798 1662 2238
f 2797 2248 1672
f 2797 2114 2248
f 2114 1600 2248
f 2795 2797 1672
f 2795 2796 2797
f 2796 1826 2797
f 2341 1960 1564
f 2341 2795 1960
f 2795 1672 1960
f 2794 2116 1828
f 2794 2115 2116
f 2115 1587 2116
f 2792 2794 1828
f 2792 2793 2794
f 2793 1827 2794
f 2114 2404 1600
f 2114 2792 2404
f 2792 1828 2404
f 2791 2320 1744
f 2791 2307 2320
f 2307 1543 2320
f 2789 2791 1744
f 2789 2790 2791
f 2790 1731 2791
f 2404 2032 1600
f 2404 2789 2032
f 2789 1744 2032
f 2788 2053 1765
f 2788 2117 2053
f 2117 1621 2053
f 2786 2788 1765
f 2786 2787 2788
f 2787 1829 2788
f 1979 2341 1564
f 1979 2786 2341
f 2786 1765 2341
f 2785 2119 1831
f 2785 2118 2119
f 2118 1620 2119
f 2783 2785 1831
f 2783 2784 2785
f 2784 1830 2785
f 2117 2407 1621
f 2117 2783 2407
f 2783 1831 2407
f 2782 1981 1693
f 2782 1980 1981
f 1980 1551 1981
f 2780 2782 1693
f 2780 2781 2782
f 2781 1692 2782
f 2407 2269 1621
f 2407 2780 2269
f 2780 1693 2269
f 2779 2230 1654
f 2779 2120 2230
f 2120 1582 2230
f 2777 2779 1654
f 2777 2778 2779
f 2778 1832 2779
f 1930 1942 1545
f 1930 2777 1942
f 2777 1654 1942
f 2776 2122 1834
f 2776 2121 2122
f 2121 1619 2122
f 2774 2776 1834
f 2774 2775 2776
f 2775 1833 2776
f 2120 2410 1582
f 2120 2774 2410
f 2774 1834 2410
f 2773 2302 1726
f 2773 1979 2302
f 1979 1564 2302
f 2771 2773 1726
f 2771 2772 2773
f 2772 1691 2773
f 2410 2014 1582
f 2410 2771 2014
f 2771 1726 2014
f 2770 2245 1669
f 2770 2123 2245
f 2123 1597 2245
f 2768 2770 1669
f 2768 2769 2770
f 2769 1835 2770
f 2338 1957 1561
f 2338 2768 1957
f 2768 1669 1957
f 2767 2125 1837
f 2767 2124 2125
f 2124 1585 2125
f 2765 2767 1837
f 2765 2766 2767
f 2766 1836 2767
f 2123 2413 1597
f 2123 2765 2413
f 2765 1837 2413
f 2764 2317 1741
f 2764 2305 2317
f 2305 1541 2317
f 2762 2764 1741
f 2762 2763 2764
f 2763 1729 2764
f 2413 2029 1597
f 2413 2762 2029
f 2762 1741 2029
f 2761 2050 1762
f 2761 2126 2050
f 2126 1618 2050
f 2759 2761 1762
f 2759 2760 2761
f 2760 1838 2761
f 1976 2338 1561
f 1976 2759 2338
f 2759 1762 2338
f 2758 2128 1840
f 2758 2127 2128
f 2127 1617 2128
f 2756 2758 1840
f 2756 2757 2758
f 2757 1839 2758
f 2126 2416 1618
f 2126 2756 2416
f 2756 1840 2416
f 2755 1978 1690
f 2755 1977 1978
f 1977 1549 1978
f 2753 2755 1690
f 2753 2754 2755
f 2754 1689 2755
f 2416 2266 1618
f 2416 2753 2266
f 2753 1690 2266
f 2752 2227 1651
f 2752 2129 2227
f 2129 1579 2227
f 2750 2752 1651
f 2750 2751 2752
f 2751 1841 2752
f 1941 1939 1546
f 1941 2750 1939
f 2750 1651 1939
f 2749 2131 1843
f 2749 2130 2131
f 2130 1616 2131
f 2747 2749 1843
f 2747 2748 2749
f 2748 1842 2749
f 2129 2419 1579
f 2129 2747 2419
f 2747 1843 2419
f 2746 2299 1723
f 2746 1976 2299
f 1976 1561 2299
f 2744 2746 1723
f 2744 2745 2746
f 2745 1688 2746
f 2419 2011 1579
f 2419 2744 2011
f 2744 1723 2011
f 2743 2012 1724
f 2743 2132 2012
f 2132 1580 2012
f 2741 2743 1724
f 2741 2742 2743
f 2742 1844 2743
f 2335 2300 1562
f 2335 2741 2300
f 2741 1724 2300
f 2740 2134 1846
f 2740 2133 2134
f 2133 1589 2134
f 2738 2740 1846
f 2738 2739 2740
f 2739 1845 2740
f 2132 2422 1580
f 2132 2738 2422
f 2738 1846 2422
f 2737 1940 1652
f 2737 2309 1940
f 2309 1545 1940
f 2735 2737 1652
f 2735 2736 2737
f 2736 1733 2737
f 2422 2228 1580
f 2422 2735 2228
f 2735 1652 2228
f 2734 2047 1759
f 2734 2135 2047
f 2135 1615 2047
f 2732 2734 1759
f 2732 2733 2734
f 2733 1847 2734
f 1973 2335 1562
f 1973 2732 2335
f 2732 1759 2335
f 2731 2137 1849
f 2731 2136 2137
f 2136 1614 2137
f 2729 2731 1849
f 2729 2730 2731
f 2730 1848 2731
f 2135 2425 1615
f 2135 2729 2425
f 2729 1849 2425
f 2728 1975 1687
f 2728 1974 1975
f 1974 1553 1975
f 2726 2728 1687
f 2726 2727 2728
f 2727 1686 2728
f 2425 2263 1615
f 2425 2726 2263
f 2726 1687 2263
f 2725 2030 1742
f 2725 2138 2030
f 2138 1598 2030
f 2723 2725 1742
f 2723 2724 2725
f 2724 1850 2725
f 2319 2318 1542
f 2319 2723 2318
f 2723 1742 2318
f 2722 2140 1852
f 2722 2139 2140
f 2139 1613 2140
f 2720 2722 1852
f 2720 2721 2722
f 2721 1851 2722
f 2138 2428 1598
f 2138 2720 2428
f 2720 1852 2428
f 2719 1958 1670
f 2719 1973 1958
f 1973 1562 1958
f 2717 2719 1670
f 2717 2718 2719
f 2718 1685 2719
f 2428 2246 1598
f 2428 2717 2246
f 2717 1670 2246
f 2716 2246 1670
f 2716 2141 2246
f 2141 1598 2246
f 2714 2716 1670
f 2714 2715 2716
f 2715 1853 2716
f 2332 1958 1562
f 2332 2714 1958
f 2714 1670 1958
f 2713 2143 1855
f 2713 2142 2143
f 2142 1573 2143
f 2711 2713 1855
f 2711 2712 2713
f 2712 1854 2713
f 2141 2431 1598
f 2141 2711 2431
f 2711 1855 2431
f 2710 2318 1742
f 2710 1933 2318
f 1933 1542 2318
f 2708 2710 1742
f 2708 2709 2710
f 2709 1645 2710
f 2431 2030 1598
f 2431 2708 2030
f 2708 1742 2030
f 2707 2044 1756
f 2707 2144 2044
f 2144 1612 2044
f 2705 2707 1756
f 2705 2706 2707
f 2706 1856 2707
f 1970 2332 1562
f 1970 2705 2332
f 2705 1756 2332
f 2704 2146 1858
f 2704 2145 2146
f 2145 1611 2146
f 2702 2704 1858
f 2702 2703 2704
f 2703 1857 2704
f 2144 2434 1612
f 2144 2702 2434
f 2702 1858 2434
f 2701 1972 1684
f 2701 1971 1972
f 1971 1555 1972
f 2699 2701 1684
f 2699 2700 2701
f 2700 1683 2701
f 2434 2260 1612
f 2434 2699 2260
f 2699 1684 2260
f 2698 2228 1652
f 2698 2147 2228
f 2147 1580 2228
f 2696 2698 1652
f 2696 2697 2698
f 2697 1859 2698
f 1936 1940 1545
f 1936 2696 1940
f 2696 1652 1940
f 2695 2149 1861
f 2695 2148 2149
f 2148 1610 2149
f 2693 2695 1861
f 2693 2694 2695
f 2694 1860 2695
f 2147 2437 1580
f 2147 2693 2437
f 2693 1861 2437
f 2692 2300 1724
f 2692 1970 2300
f 1970 1562 2300
f 2690 2692 1724
f 2690 2691 2692
f 2691 1682 2692
f 2437 2012 1580
f 2437 2690 2012
f 2690 1724 2012
f 2689 2007 1719
f 2689 2150 2007
f 2150 1575 2007
f 2687 2689 1719
f 2687 2688 2689
f 2688 1862 2689
f 2329 2295 1557
f 2329 2687 2295
f 2687 1719 2295
f 2686 2152 1864
f 2686 2151 2152
f 2151 1600 2152
f 2684 2686 1864
f 2684 2685 2686
f 2685 1863 2686
f 2150 2440 1575
f 2150 2684 2440
f 2684 1864 2440
f 2683 1935 1647
f 2683 2320 1935
f 2320 1543 1935
f 2681 2683 1647
f 2681 2682 2683
f 2682 1744 2683
f 2440 2223 1575
f 2440 2681 2223
f 2681 1647 2223
f 2680 2041 1753
f 2680 2153 2041
f 2153 1609 2041
f 2678 2680 1753
f 2678 2679 2680
f 2679 1865 2680
f 1967 2329 1557
f 1967 2678 2329
f 2678 1753 2329
f 2677 2155 1867
f 2677 2154 2155
f 2154 1608 2155
f 2675 2677 1867
f 2675 2676 2677
f 2676 1866 2677
f 2153 2443 1609
f 2153 2675 2443
f 2675 1867 2443
f 2674 1969 1681
f 2674 1968 1969
f 1968 1564 1969
f 2672 2674 1681
f 2672 2673 2674
f 2673 1680 2674
f 2443 2257 1609
f 2443 2672 2257
f 2672 1681 2257
f 2671 2025 1737
f 2671 2156 2025
f 2156 1593 2025
f 2669 2671 1737
f 2669 2670 2671
f 2670 1868 2671
f 2314 2313 1539
f 2314 2669 2313
f 2669 1737 2313
f 2668 2158 1870
f 2668 2157 2158
f 2157 1607 2158
f 2666 2668 1870
f 2666 2667 2668
f 2667 1869 2668
f 2156 2446 1593
f 2156 2666 2446
f 2666 1870 2446
f 2665 1953 1665
f 2665 1967 1953
f 1967 1557 1953
f 2663 2665 1665
f 2663 2664 2665
f 2664 1679 2665
f 2446 2241 1593
f 2446 2663 2241
f 2663 1665 2241
f 2662 2243 1667
f 2662 2159 2243
f 2159 1595 2243
f 2660 2662 1667
f 2660 2661 2662
f 2661 1871 2662
f 2326 1955 1559
f 2326 2660 1955
f 2660 1667 1955
f 2659 2161 1873
f 2659 2160 2161
f 2160 1592 2161
f 2657 2659 1873
f 2657 2658 2659
f 2658 1872 2659
f 2159 2449 1595
f 2159 2657 2449
f 2657 1873 2449
f 2656 2315 1739
f 2656 2312 2315
f 2312 1540 2315
f 2654 2656 1739
f 2654 2655 2656
f 2655 1736 2656
f 2449 2027 1595
f 2449 2654 2027
f 2654 1739 2027
f 2653 2038 1750
f 2653 2162 2038
f 2162 1606 2038
f 2651 2653 1750
f 2651 2652 2653
f 2652 1874 2653
f 1964 2326 1559
f 1964 2651 2326
f 2651 1750 2326
f 2650 2164 1876
f 2650 2163 2164
f 2163 1605 2164
f 2648 2650 1876
f 2648 2649 2650
f 2649 1875 2650
f 2162 2452 1606
f 2162 2648 2452
f 2648 1876 2452
f 2647 1966 1678
f 2647 1965 1966
f 1965 1556 1966
f 2645 2647 1678
f 2645 2646 2647
f 2646 1677 2647
f 2452 2254 1606
f 2452 2645 2254
f 2645 1678 2254
f 2644 2225 1649
f 2644 2165 2225
f 2165 1577 2225
f 2642 2644 1649
f 2642 2643 2644
f 2643 1877 2644
f 1938 1937 1544
f 1938 2642 1937
f 2642 1649 1937
f 2641 2167 1879
f 2641 2166 2167
f 2166 1604 2167
f 2639 2641 1879
f 2639 2640 2641
f 2640 1878 2641
f 2165 2455 1577
f 2165 2639 2455
f 2639 1879 2455
f 2638 2297 1721
f 2638 1964 2297
f 1964 1559 2297
f 2636 2638 1721
f 2636 2637 2638
f 2637 1676 2638
f 2455 2009 1577
f 2455 2636 2009
f 2636 1721 2009
f 2635 2011 1723
f 2635 2168 2011
f 2168 1579 2011
f 2633 2635 1723
f 2633 2634 2635
f 2634 1880 2635
f 2323 2299 1561
f 2323 2633 2299
f 2633 1723 2299
f 2632 2170 1882
f 2632 2169 2170
f 2169 1572 2170
f 2630 2632 1882
f 2630 2631 2632
f 2631 1881 2632
f 2168 2458 1579
f 2168 2630 2458
f 2630 1882 2458
f 2629 1939 1651
f 2629 1932 1939
f 1932 1546 1939
f 2627 2629 1651
f 2627 2628 2629
f 2628 1644 2629
f 2458 2227 1579
f 2458 2627 2227
f 2627 1651 2227
f 2626 2035 1747
f 2626 2171 2035
f 2171 1603 2035
f 2624 2626 1747
f 2624 2625 2626
f 2625 1883 2626
f 1961 2323 1561
f 1961 2624 2323
f 2624 1747 2323
f 2623 2173 1885
f 2623 2172 2173
f 2172 1602 2173
f 2621 2623 1885
f 2621 2622 2623
f 2622 1884 2623
f 2171 2461 1603
f 2171 2621 2461
f 2621 1885 2461
f 2620 1963 1675
f 2620 1962 1963
f 1962 1554 1963
f 2618 2620 1675
f 2618 2619 2620
f 2619 1674 2620
f 2461 2251 1603
f 2461 2618 2251
f 2618 1675 2251
f 2617 2029 1741
f 2617 2174 2029
f 2174 1597 2029
f 2615 2617 1741
f 2615 2616 2617
f 2616 1886 2617
f 2316 2317 1541
f 2316 2615 2317
f 2615 1741 2317
f 2614 2176 1888
f 2614 2175 2176
f 2175 1601 2176
f 2612 2614 1888
f 2612 2613 2614
f 2613 1887 2614
f 2174 2464 1597
f 2174 2612 2464
f 2612 1888 2464
f 2611 1957 1669
f 2611 1961 1957
f 1961 1561 1957
f 2609 2611 1669
f 2609 2610 2611
f 2610 1673 2611
f 2464 2245 1597
f 2464 2609 2245
f 2609 1669 2245
f 2608 2034 1746
f 2608 2177 2034
f 2177 1602 2034
f 2606 2608 1746
f 2606 2607 2608
f 2607 1889 2608
f 2298 2322 1560
f 2298 2606 2322
f 2606 1746 2322
f 2605 2179 1891
f 2605 2178 2179
f 2178 1590 2179
f 2603 2605 1891
f 2603 2604 2605
f 2604 1890 2605
f 2177 2467 1602
f 2177 2603 2467
f 2603 1891 2467
f 2602 1962 1674
f 2602 1950 1962
f 1950 1554 1962
f 2600 2602 1674
f 2600 2601 2602
f 2601 1662 2602
f 2467 2250 1602
f 2467 2600 2250
f 2600 1674 2250
f 2599 2037 1749
f 2599 2180 2037
f 2180 1605 2037
f 2597 2599 1749
f 2597 2598 2599
f 2598 1892 2599
f 1956 2325 1560
f 1956 2597 2325
f 2597 1749 2325
f 2596 2182 1894
f 2596 2181 2182
f 2181 1574 2182
f 2594 2596 1894
f 2594 2595 2596
f 2595 1893 2596
f 2180 2470 1605
f 2180 2594 2470
f 2594 1894 2470
f 2593 1965 1677
f 2593 2294 1965
f 2294 1556 1965
f 2591 2593 1677
f 2591 2592 2593
f 2592 1718 2593
f 2470 2253 1605
f 2470 2591 2253
f 2591 1677 2253
f 2590 2040 1752
f 2590 2183 2040
f 2183 1608 2040
f 2588 2590 1752
f 2588 2589 2590
f 2589 1895 2590
f 2296 2328 1558
f 2296 2588 2328
f 2588 1752 2328
f 2587 2185 1897
f 2587 2184 2185
f 2184 1582 2185
f 2585 2587 1897
f 2585 2586 2587
f 2586 1896 2587
f 2183 2473 1608
f 2183 2585 2473
f 2585 1897 2473
f 2584 1968 1680
f 2584 2302 1968
f 2302 1564 1968
f 2582 2584 1680
f 2582 2583 2584
f 2583 1726 2584
f 2473 2256 1608
f 2473 2582 2256
f 2582 1680 2256
f 2581 2043 1755
f 2581 2186 2043
f 2186 1611 2043
f 2579 2581 1755
f 2579 2580 2581
f 2580 1898 2581
f 1954 2331 1558
f 1954 2579 2331
f 2579 1755 2331
f 2578 2188 1900
f 2578 2187 2188
f 2187 1591 2188
f 2576 2578 1900
f 2576 2577 2578
f 2577 1899 2578
f 2186 2476 1611
f 2186 2576 2476
f 2576 1900 2476
f 2575 1971 1683
f 2575 1951 1971
f 1951 1555 1971
f 2573 2575 1683
f 2573 2574 2575
f 2574 1663 2575
f 2476 2259 1611
f 2476 2573 2259
f 2573 1683 2259
f 2572 2046 1758
f 2572 2189 2046
f 2189 1614 2046
f 2570 2572 1758
f 2570 2571 2572
f 2571 1901 2572
f 2301 2334 1563
f 2301 2570 2334
f 2570 1758 2334
f 2569 2191 1903
f 2569 2190 2191
f 2190 1571 2191
f 2567 2569 1903
f 2567 2568 2569
f 2568 1902 2569
f 2189 2479 1614
f 2189 2567 2479
f 2567 1903 2479
f 2566 1974 1686
f 2566 2291 1974
f 2291 1553 1974
f 2564 2566 1686
f 2564 2565 2566
f 2565 1715 2566
f 2479 2262 1614
f 2479 2564 2262
f 2564 1686 2262
f 2563 2049 1761
f 2563 2192 2049
f 2192 1617 2049
f 2561 2563 1761
f 2561 2562 2563
f 2562 1904 2563
f 1959 2337 1563
f 1959 2561 2337
f 2561 1761 2337
f 2560 2194 1906
f 2560 2193 2194
f 2193 1567 2194
f 2558 2560 1906
f 2558 2559 2560
f 2559 1905 2560
f 2192 2482 1617
f 2192 2558 2482
f 2558 1906 2482
f 2557 1977 1689
f 2557 2287 1977
f 2287 1549 1977
f 2555 2557 1689
f 2555 2556 2557
f 2556 1711 2557
f 2482 2265 1617
f 2482 2555 2265
f 2555 1689 2265
f 2554 2052 1764
f 2554 2195 2052
f 2195 1620 2052
f 2552 2554 1764
f 2552 2553 2554
f 2553 1907 2554
f 1948 2340 1552
f 1948 2552 2340
f 2552 1764 2340
f 2551 2197 1909
f 2551 2196 2197
f 2196 1569 2197
f 2549 2551 1909
f 2549 2550 2551
f 2550 1908 2551
f 2195 2485 1620
f 2195 2549 2485
f 2549 1909 2485
f 2548 1980 1692
f 2548 2289 1980
f 2289 1551 1980
f 2546 2548 1692
f 2546 2547 2548
f 2547 1713 2548
f 2485 2268 1620
f 2485 2546 2268
f 2546 1692 2268
f 2545 2055 1767
f 2545 2198 2055
f 2198 1623 2055
f 2543 2545 1767
f 2543 2544 2545
f 2544 1910 2545
f 2290 2343 1552
f 2290 2543 2343
f 2543 1767 2343
f 2542 2200 1912
f 2542 2199 2200
f 2199 1589 2200
f 2540 2542 1912
f 2540 2541 2542
f 2541 1911 2542
f 2198 2488 1623
f 2198 2540 2488
f 2540 1912 2488
f 2539 1983 1695
f 2539 1949 1983
f 1949 1553 1983
f 2537 2539 1695
f 2537 2538 2539
f 2538 1661 2539
f 2488 2271 1623
f 2488 2537 2271
f 2537 1695 2271
f 2536 2058 1770
f 2536 2201 2058
f 2201 1626 2058
f 2534 2536 1770
f 2534 2535 2536
f 2535 1913 2536
f 1946 2346 1550
f 1946 2534 2346
f 2534 1770 2346
f 2533 2203 1915
f 2533 2202 2203
f 2202 1565 2203
f 2531 2533 1915
f 2531 2532 2533
f 2532 1914 2533
f 2201 2491 1626
f 2201 2531 2491
f 2531 1915 2491
f 2530 1986 1698
f 2530 2285 1986
f 2285 1547 1986
f 2528 2530 1698
f 2528 2529 2530
f 2529 1709 2530
f 2491 2274 1626
f 2491 2528 2274
f 2528 1698 2274
f 2527 2061 1773
f 2527 2204 2061
f 2204 1629 2061
f 2525 2527 1773
f 2525 2526 2527
f 2526 1916 2527
f 2288 2349 1550
f 2288 2525 2349
f 2525 1773 2349
f 2524 2206 1918
f 2524 2205 2206
f 2205 1587 2206
f 2522 2524 1918
f 2522 2523 2524
f 2523 1917 2524
f 2204 2494 1629
f 2204 2522 2494
f 2522 1918 2494
f 2521 1989 1701
f 2521 1947 1989
f 1947 1551 1989
f 2519 2521 1701
f 2519 2520 2521
f 2520 1659 2521
f 2494 2277 1629
f 2494 2519 2277
f 2519 1701 2277
f 2518 2064 1776
f 2518 2207 2064
f 2207 1632 2064
f 2516 2518 1776
f 2516 2517 2518
f 2517 1919 2518
f 2286 2352 1548
f 2286 2516 2352
f 2516 1776 2352
f 2515 2209 1921
f 2515 2208 2209
f 2208 1585 2209
f 2513 2515 1921
f 2513 2514 2515
f 2514 1920 2515
f 2207 2497 1632
f 2207 2513 2497
f 2513 1921 2497
f 2512 1992 1704
f 2512 1945 1992
f 1945 1549 1992
f 2510 2512 1704
f 2510 2511 2512
f 2511 1657 2512
f 2497 2280 1632
f 2497 2510 2280
f 2510 1704 2280
f 2509 2067 1779
f 2509 2210 2067
f 2210 1635 2067
f 2507 2509 1779
f 2507 2508 2509
f 2508 1922 2509
f 1944 2355 1548
f 1944 2507 2355
f 2507 1779 2355
f 2506 2212 1924
f 2506 2211 2212
f 2211 1583 2212
f 2504 2506 1924
f 2504 2505 2506
f 2505 1923 2506
f 2210 2500 1635
f 2210 2504 2500
f 2504 1924 2500
f 2503 1995 1707
f 2503 1943 1995
f 1943 1547 1995
f 2501 2503 1707
f 2501 2502 2503
f 2502 1655 2503
f 2500 2283 1635
f 2500 2501 2283
f 2501 1707 2283
f 2212 2502 1924
f 2212 2231 2502
f 2231 1655 2502
f 2498 2505 1922
f 2498 2499 2505
f 2499 1923 2505
f 2232 2508 1656
f 2232 2498 2508
f 2498 1922 2508
f 2209 2511 1921
f 2209 2233 2511
f 2233 1657 2511
f 2495 2514 1919
f 2495 2496 2514
f 2496 1920 2514
f 1998 2517 1710
f 1998 2495 2517
f 2495 1919 2517
f 2206 2520 1918
f 2206 2235 2520
f 2235 1659 2520
f 2492 2523 1916
f 2492 2493 2523
f 2493 1917 2523
f 2000 2526 1712
f 2000 2492 2526
f 2492 1916 2526
f 2203 2529 1915
f 2203 1997 2529
f 1997 1709 2529
f 2489 2532 1913
f 2489 2490 2532
f 2490 1914 2532
f 2234 2535 1658
f 2234 2489 2535
f 2489 1913 2535
f 2200 2538 1912
f 2200 2237 2538
f 2237 1661 2538
f 2486 2541 1910
f 2486 2487 2541
f 2487 1911 2541
f 2002 2544 1714
f 2002 2486 2544
f 2486 1910 2544
f 2197 2547 1909
f 2197 2001 2547
f 2001 1713 2547
f 2483 2550 1907
f 2483 2484 2550
f 2484 1908 2550
f 2236 2553 1660
f 2236 2483 2553
f 2483 1907 2553
f 2194 2556 1906
f 2194 1999 2556
f 1999 1711 2556
f 2480 2559 1904
f 2480 2481 2559
f 2481 1905 2559
f 2247 2562 1671
f 2247 2480 2562
f 2480 1904 2562
f 2191 2565 1903
f 2191 2003 2565
f 2003 1715 2565
f 2477 2568 1901
f 2477 2478 2568
f 2478 1902 2568
f 2013 2571 1725
f 2013 2477 2571
f 2477 1901 2571
f 2188 2574 1900
f 2188 2239 2574
f 2239 1663 2574
f 2474 2577 1898
f 2474 2475 2577
f 2475 1899 2577
f 2242 2580 1666
f 2242 2474 2580
f 2474 1898 2580
f 2185 2583 1897
f 2185 2014 2583
f 2014 1726 2583
f 2471 2586 1895
f 2471 2472 2586
f 2472 1896 2586
f 2008 2589 1720
f 2008 2471 2589
f 2471 1895 2589
f 2182 2592 1894
f 2182 2006 2592
f 2006 1718 2592
f 2468 2595 1892
f 2468 2469 2595
f 2469 1893 2595
f 2244 2598 1668
f 2244 2468 2598
f 2468 1892 2598
f 2179 2601 1891
f 2179 2238 2601
f 2238 1662 2601
f 2465 2604 1889
f 2465 2466 2604
f 2466 1890 2604
f 2010 2607 1722
f 2010 2465 2607
f 2465 1889 2607
f 2176 2610 1888
f 2176 2249 2610
f 2249 1673 2610
f 2462 2613 1886
f 2462 2463 2613
f 2463 1887 2613
f 2028 2616 1740
f 2028 2462 2616
f 2462 1886 2616
f 2173 2619 1885
f 2173 2250 2619
f 2250 1674 2619
f 2459 2622 1883
f 2459 2460 2622
f 2460 1884 2622
f 2249 2625 1673
f 2249 2459 2625
f 2459 1883 2625
f 2170 2628 1882
f 2170 2220 2628
f 2220 1644 2628
f 2456 2631 1880
f 2456 2457 2631
f 2457 1881 2631
f 2035 2634 1747
f 2035 2456 2634
f 2456 1880 2634
f 2167 2637 1879
f 2167 2252 2637
f 2252 1676 2637
f 2453 2640 1877
f 2453 2454 2640
f 2454 1878 2640
f 2226 2643 1650
f 2226 2453 2643
f 2453 1877 2643
f 2164 2646 1876
f 2164 2253 2646
f 2253 1677 2646
f 2450 2649 1874
f 2450 2451 2649
f 2451 1875 2649
f 2252 2652 1676
f 2252 2450 2652
f 2450 1874 2652
f 2161 2655 1873
f 2161 2024 2655
f 2024 1736 2655
f 2447 2658 1871
f 2447 2448 2658
f 2448 1872 2658
f 2038 2661 1750
f 2038 2447 2661
f 2447 1871 2661
f 2158 2664 1870
f 2158 2255 2664
f 2255 1679 2664
f 2444 2667 1868
f 2444 2445 2667
f 2445 1869 2667
f 2026 2670 1738
f 2026 2444 2670
f 2444 1868 2670
f 2155 2673 1867
f 2155 2256 2673
f 2256 1680 2673
f 2441 2676 1865
f 2441 2442 2676
f 2442 1866 2676
f 2255 2679 1679
f 2255 2441 2679
f 2441 1865 2679
f 2152 2682 1864
f 2152 2032 2682
f 2032 1744 2682
f 2438 2685 1862
f 2438 2439 2685
f 2439 1863 2685
f 2041 2688 1753
f 2041 2438 2688
f 2438 1862 2688
f 2149 2691 1861
f 2149 2258 2691
f 2258 1682 2691
f 2435 2694 1859
f 2435 2436 2694
f 2436 1860 2694
f 2224 2697 1648
f 2224 2435 2697
f 2435 1859 2697
f 2146 2700 1858
f 2146 2259 2700
f 2259 1683 2700
f 2432 2703 1856
f 2432 2433 2703
f 2433 1857 2703
f 2258 2706 1682
f 2258 2432 2706
f 2432 1856 2706
f 2143 2709 1855
f 2143 2221 2709
f 2221 1645 2709
f 2429 2712 1853
f 2429 2430 2712
f 2430 1854 2712
f 2044 2715 1756
f 2044 2429 2715
f 2429 1853 2715
f 2140 2718 1852
f 2140 2261 2718
f 2261 1685 2718
f 2426 2721 1850
f 2426 2427 2721
f 2427 1851 2721
f 2031 2724 1743
f 2031 2426 2724
f 2426 1850 2724
f 2137 2727 1849
f 2137 2262 2727
f 2262 1686 2727
f 2423 2730 1847
f 2423 2424 2730
f 2424 1848 2730
f 2261 2733 1685
f 2261 2423 2733
f 2423 1847 2733
f 2134 2736 1846
f 2134 2021 2736
f 2021 1733 2736
f 2420 2739 1844
f 2420 2421 2739
f 2421 1845 2739
f 2047 2742 1759
f 2047 2420 2742
f 2420 1844 2742
f 2131 2745 1843
f 2131 2264 2745
f 2264 1688 2745
f 2417 2748 1841
f 2417 2418 2748
f 2418 1842 2748
f 2229 2751 1653
f 2229 2417 2751
f 2417 1841 2751
f 2128 2754 1840
f 2128 2265 2754
f 2265 1689 2754
f 2414 2757 1838
f 2414 2415 2757
f 2415 1839 2757
f 2264 2760 1688
f 2264 2414 2760
f 2414 1838 2760
f 2125 2763 1837
f 2125 2017 2763
f 2017 1729 2763
f 2411 2766 1835
f 2411 2412 2766
f 2412 1836 2766
f 2050 2769 1762
f 2050 2411 2769
f 2411 1835 2769
f 2122 2772 1834
f 2122 2267 2772
f 2267 1691 2772
f 2408 2775 1832
f 2408 2409 2775
f 2409 1833 2775
f 2218 2778 1642
f 2218 2408 2778
f 2408 1832 2778
f 2119 2781 1831
f 2119 2268 2781
f 2268 1692 2781
f 2405 2784 1829
f 2405 2406 2784
f 2406 1830 2784
f 2267 2787 1691
f 2267 2405 2787
f 2405 1829 2787
f 2116 2790 1828
f 2116 2019 2790
f 2019 1731 2790
f 2402 2793 1826
f 2402 2403 2793
f 2403 1827 2793
f 2053 2796 1765
f 2053 2402 2796
f 2402 1826 2796
f 2113 2799 1825
f 2113 2270 2799
f 2270 1694 2799
f 2399 2802 1823
f 2399 2400 2802
f 2400 1824 2802
f 2020 2805 1732
f 2020 2399 2805
f 2399 1823 2805
f 2110 2808 1822
f 2110 2271 2808
f 2271 1695 2808
f 2396 2811 1820
f 2396 2397 2811
f 2397 1821 2811
f 2270 2814 1694
f 2270 2396 2814
f 2396 1820 2814
f 2107 2817 1819
f 2107 2219 2817
f 2219 1643 2817
f 2393 2820 1817
f 2393 2394 2820
f 2394 1818 2820
f 2056 2823 1768
f 2056 2393 2823
f 2393 1817 2823
f 2104 2826 1816
f 2104 2273 2826
f 2273 1697 2826
f 2390 2829 1814
f 2390 2391 2829
f 2391 1815 2829
f 2216 2832 1640
f 2216 2390 2832
f 2390 1814 2832
f 2101 2835 1813
f 2101 2274 2835
f 2274 1698 2835
f 2387 2838 1811
f 2387 2388 2838
f 2388 1812 2838
f 2273 2841 1697
f 2273 2387 2841
f 2387 1811 2841
f 2098 2844 1810
f 2098 2015 2844
f 2015 1727 2844
f 2384 2847 1808
f 2384 2385 2847
f 2385 1809 2847
f 2059 2850 1771
f 2059 2384 2850
f 2384 1808 2850
f 2095 2853 1807
f 2095 2276 2853
f 2276 1700 2853
f 2381 2856 1805
f 2381 2382 2856
f 2382 1806 2856
f 2018 2859 1730
f 2018 2381 2859
f 2381 1805 2859
f 2092 2862 1804
f 2092 2277 2862
f 2277 1701 2862
f 2378 2865 1802
f 2378 2379 2865
f 2379 1803 2865
f 2276 2868 1700
f 2276 2378 2868
f 2378 1802 2868
f 2089 2871 1801
f 2089 2217 2871
f 2217 1641 2871
f 2375 2874 1799
f 2375 2376 2874
f 2376 1800 2874
f 2062 2877 1774
f 2062 2375 2877
f 2375 1799 2877
f 2086 2880 1798
f 2086 2279 2880
f 2279 1703 2880
f 2372 2883 1796
f 2372 2373 2883
f 2373 1797 2883
f 2016 2886 1728
f 2016 2372 2886
f 2372 1796 2886
f 2083 2889 1795
f 2083 2280 2889
f 2280 1704 2889
f 2369 2892 1793
f 2369 2370 2892
f 2370 1794 2892
f 2279 2895 1703
f 2279 2369 2895
f 2369 1793 2895
f 2080 2898 1792
f 2080 2215 2898
f 2215 1639 2898
f 2366 2901 1790
f 2366 2367 2901
f 2367 1791 2901
f 2065 2904 1777
f 2065 2366 2904
f 2366 1790 2904
f 2077 2907 1789
f 2077 2282 2907
f 2282 1706 2907
f 2363 2910 1787
f 2363 2364 2910
f 2364 1788 2910
f 2214 2913 1638
f 2214 2363 2913
f 2363 1787 2913
f 2074 2916 1786
f 2074 2283 2916
f 2283 1707 2916
f 2360 2919 1784
f 2360 2361 2919
f 2361 1785 2919
f 2282 2922 1706
f 2282 2360 2922
f 2360 1784 2922
f 2071 2925 1783
f 2071 2213 2925
f 2213 1637 2925
f 2357 2928 1781
f 2357 2358 2928
f 2358 1782 2928
f 2068 2931 1780
f 2068 2357 2931
f 2357 1781 2931
f 1996 2934 1708
f 1996 2285 2934
f 2285 1709 2934
f 2354 2937 1778
f 2354 2355 2937
f 2355 1779 2937
f 2286 2940 1710
f 2286 2354 2940
f 2354 1778 2940
f 1993 2943 1705
f 1993 2287 2943
f 2287 1711 2943
f 2351 2946 1775
f 2351 2352 2946
f 2352 1776 2946
f 1944 2949 1656
f 1944 2351 2949
f 2351 1775 2949
f 1990 2952 1702
f 1990 2289 2952
f 2289 1713 2952
f 2348 2955 1772
f 2348 2349 2955
f 2349 1773 2955
f 1946 2958 1658
f 1946 2348 2958
f 2348 1772 2958
f 1987 2961 1699
f 1987 1943 2961
f 1943 1655 2961
f 2345 2964 1769
f 2345 2346 2964
f 2346 1770 2964
f 2288 2967 1712
f 2288 2345 2967
f 2345 1769 2967
f 1984 2970 1696
f 1984 2291 2970
f 2291 1715 2970
f 2342 2973 1766
f 2342 2343 2973
f 2343 1767 2973
f 1948 2976 1660
f 1948 2342 2976
f 2342 1766 2976
f 1981 2979 1693
f 1981 1947 2979
f 1947 1659 2979
f 2339 2982 1763
f 2339 2340 2982
f 2340 1764 2982
f 2290 2985 1714
f 2290 2339 2985
f 2339 1763 2985
f 1978 2988 1690
f 1978 1945 2988
f 1945 1657 2988
f 2336 2991 1760
f 2336 2337 2991
f 2337 1761 2991
f 2301 2994 1725
f 2301 2336 2994
f 2336 1760 2994
f 1975 2997 1687
f 1975 1949 2997
f 1949 1661 2997
f 2333 3000 1757
f 2333 2334 3000
f 2334 1758 3000
f 1959 3003 1671
f 1959 2333 3003
f 2333 1757 3003
f 1972 3006 1684
f 1972 2293 3006
f 2293 1717 3006
f 2330 3009 1754
f 2330 2331 3009
f 2331 1755 3009
f 2296 3012 1720
f 2296 2330 3012
f 2330 1754 3012
f 1969 3015 1681
f 1969 1960 3015
f 1960 1672 3015
f 2327 3018 1751
f 2327 2328 3018
f 2328 1752 3018
f 1954 3021 1666
f 1954 2327 3021
f 2327 1751 3021
f 1966 3024 1678
f 1966 1952 3024
f 1952 1664 3024
f 2324 3027 1748
f 2324 2325 3027
f 2325 1749 3027
f 2298 3030 1722
f 2298 2324 3030
f 2324 1748 3030
f 1963 3033 1675
f 1963 2292 3033
f 2292 1716 3033
f 2321 3036 1745
f 2321 2322 3036
f 2322 1746 3036
f 1956 3039 1668
f 1956 2321 3039
f 2321 1745 3039
f 1938 3042 1650
f 1938 2310 3042
f 2310 1734 3042
f 2316 3045 1740
f 2316 1934 3045
f 1934 1646 3045
f 1936 3048 1648
f 1936 1942 3048
f 1942 1654 3048
f 2314 3051 1738
f 2314 2311 3051
f 2311 1735 3051
f 1941 3054 1653
f 1941 1931 3054
f 1931 1643 3054
f 2319 3057 1743
f 2319 1927 3057
f 1927 1639 3057
f 2308 3060 1732
f 2308 1929 3060
f 1929 1641 3060
f 1930 3063 1642
f 1930 2309 3063
f 2309 1733 3063
f 2306 3066 1730
f 2306 1925 3066
f 1925 1637 3066
f 1928 3069 1640
f 1928 2307 3069
f 2307 1731 3069
f 1926 3072 1638
f 1926 2305 3072
f 2305 1729 3072
f 2304 3075 1728
f 2304 2303 3075
f 2303 1727 3075
o wing_left.004
v -0.153000 -0.047000 0.045000
v -0.153000 -0.050000 0.045000
v -0.153000 -0.050000 -0.045000
v -0.153000 -0.047000 -0.045000
v -0.353000 -0.047000 0.035000
v -0.353000 -0.050000 0.035000
v -0.353000 -0.047000 -0.035000
v -0.353000 -0.050000 -0.035000
v -0.153000 -0.048500 0.045000
v -0.153000 -0.048500 0.000000
v -0.153000 -0.048500 -0.045000
v -0.253000 -0.048500 0.040000
v -0.353000 -0.048500 0.035000
v -0.353000 -0.048500 0.000000
v -0.353000 -0.048500 -0.035000
v -0.353000 -0.050000 0.000000
v -0.153000 -0.047000 0.000000
v -0.153000 -0.050000 0.000000
v -0.253000 -0.047000 0.040000
v -0.253000 -0.047000 0.005000
v -0.253000 -0.050000 0.040000
v -0.253000 -0.050000 -0.005000
v -0.253000 -0.050000 -0.040000
v -0.253000 -0.047000 -0.040000
v -0.253000 -0.048500 -0.040000
v -0.353000 -0.047000 0.000000
v -0.153000 -0.049250 0.045000
v -0.153000 -0.049250 -0.022500
v -0.153000 -0.047750 -0.045000
v -0.303000 -0.047750 0.037500
v -0.353000 -0.049250 0.035000
v -0.353000 -0.047750 -0.017500
v -0.353000 -0.049250 -0.035000
v -0.353000 -0.050000 -0.017500
v -0.153000 -0.047000 -0.022500
v -0.153000 -0.050000 -0.022500
v -0.303000 -0.047000 0.037500
v -0.303000 -0.047000 -0.015000
v -0.303000 -0.050000 0.037500
v -0.303000 -0.050000 0.015000
v -0.303000 -0.050000 -0.037500
v -0.303000 -0.047000 -0.037500
v -0.303000 -0.049250 -0.037500
v -0.353000 -0.047000 -0.017500
v -0.153000 -0.047750 0.045000
v -0.153000 -0.047750 0.022500
v -0.153000 -0.049250 -0.045000
v -0.203000 -0.049250 0.042500
v -0.353000 -0.047750 0.035000
v -0.353000 -0.049250 0.017500
v -0.353000 -0.047750 -0.035000
v -0.353000 -0.050000 0.017500
v -0.153000 -0.047000 0.022500
v -0.153000 -0.050000 0.022500
v -0.203000 -0.047000 0.042500
v -0.203000 -0.047000 0.025000
v -0.203000 -0.050000 0.042500
v -0.203000 -0.050000 -0.025000
v -0.203000 -0.050000 -0.042500
v -0.203000 -0.047000 -0.042500
v -0.203000 -0.047750 -0.042500
v -0.353000 -0.047000 0.017500
v -0.253000 -0.050000 -0.022500
v -0.303000 -0.050000 -0.002500
v -0.303000 -0.050000 -0.020000
v -0.253000 -0.050000 0.017500
v -0.203000 -0.050000 -0.002500
v -0.203000 -0.050000 0.020000
v -0.253000 -0.047000 0.022500
v -0.303000 -0.047000 0.002500
v -0.303000 -0.047000 0.020000
v -0.253000 -0.047000 -0.017500
v -0.203000 -0.047000 0.002500
v -0.203000 -0.047000 -0.020000
v -0.253000 -0.047750 -0.040000
v -0.303000 -0.048500 -0.037500
v -0.303000 -0.047750 -0.037500
v -0.253000 -0.049250 -0.040000
v -0.203000 -0.048500 -0.042500
v -0.203000 -0.049250 -0.042500
v -0.353000 -0.047750 0.000000
v -0.353000 -0.048500 0.017500
v -0.353000 -0.047750 0.017500
v -0.353000 -0.049250 0.000000
v -0.353000 -0.048500 -0.017500
v -0.353000 -0.049250 -0.017500
v -0.253000 -0.047750 0.040000
v -0.203000 -0.048500 0.042500
v -0.203000 -0.047750 0.042500
v -0.253000 -0.049250 0.040000
v -0.303000 -0.048500 0.037500
v -0.303000 -0.049250 0.037500
v -0.153000 -0.047750 0.000000
v -0.153000 -0.048500 -0.022500
v -0.153000 -0.047750 -0.022500
v -0.153000 -0.049250 0.000000
v -0.153000 -0.048500 0.022500
v -0.153000 -0.049250 0.022500
v -0.153000 -0.049625 0.045000
v -0.153000 -0.049625 -0.033750
v -0.153000 -0.047375 -0.045000
v -0.328000 -0.047375 0.036250
v -0.353000 -0.049625 0.035000
v -0.353000 -0.047375 -0.026250
v -0.353000 -0.049625 -0.035000
v -0.353000 -0.050000 -0.026250
v -0.153000 -0.047000 -0.033750
v -0.153000 -0.050000 -0.033750
v -0.328000 -0.047000 0.036250
v -0.328000 -0.047000 -0.025000
v -0.328000 -0.050000 0.036250
v -0.328000 -0.050000 0.025000
v -0.328000 -0.050000 -0.036250
v -0.328000 -0.047000 -0.036250
v -0.328000 -0.049625 -0.036250
v -0.353000 -0.047000 -0.026250
v -0.153000 -0.048125 0.045000
v -0.153000 -0.048125 0.011250
v -0.153000 -0.048875 -0.045000
v -0.228000 -0.048875 0.041250
v -0.353000 -0.048125 0.035000
v -0.353000 -0.048875 0.008750
v -0.353000 -0.048125 -0.035000
v -0.353000 -0.050000 0.008750
v -0.153000 -0.047000 0.011250
v -0.153000 -0.050000 0.011250
v -0.228000 -0.047000 0.041250
v -0.228000 -0.047000 0.015000
v -0.228000 -0.050000 0.041250
v -0.228000 -0.050000 -0.015000
v -0.228000 -0.050000 -0.041250
v -0.228000 -0.047000 -0.041250
v -0.228000 -0.048125 -0.041250
v -0.353000 -0.047000 0.008750
v -0.253000 -0.050000 -0.031250
v -0.328000 -0.050000 -0.001250
v -0.328000 -0.050000 -0.010000
v -0.253000 -0.050000 0.028750
v -0.178000 -0.050000 -0.001250
v -0.178000 -0.050000 0.010000
v -0.253000 -0.047000 0.031250
v -0.328000 -0.047000 0.001250
v -0.328000 -0.047000 0.010000
v -0.253000 -0.047000 -0.028750
v -0.178000 -0.047000 0.001250
v -0.178000 -0.047000 -0.010000
v -0.253000 -0.047375 -0.040000
v -0.328000 -0.048500 -0.036250
v -0.328000 -0.048125 -0.036250
v -0.253000 -0.049625 -0.040000
v -0.178000 -0.048500 -0.043750
v -0.178000 -0.048875 -0.043750
v -0.353000 -0.047375 0.000000
v -0.353000 -0.048500 0.026250
v -0.353000 -0.048125 0.026250
v -0.353000 -0.049625 0.000000
v -0.353000 -0.048500 -0.026250
v -0.353000 -0.048875 -0.026250
v -0.253000 -0.047375 0.040000
v -0.178000 -0.048500 0.043750
v -0.178000 -0.048125 0.043750
v -0.253000 -0.049625 0.040000
v -0.328000 -0.048500 0.036250
v -0.328000 -0.048875 0.036250
v -0.153000 -0.047375 0.000000
v -0.153000 -0.048500 -0.033750
v -0.153000 -0.048125 -0.033750
v -0.153000 -0.049625 0.000000
v -0.153000 -0.048500 0.033750
v -0.153000 -0.048875 0.033750
v -0.153000 -0.048875 0.045000
v -0.153000 -0.048875 -0.011250
v -0.153000 -0.048125 -0.045000
v -0.278000 -0.048125 0.038750
v -0.353000 -0.048875 0.035000
v -0.353000 -0.048125 -0.008750
v -0.353000 -0.048875 -0.035000
v -0.353000 -0.050000 -0.008750
v -0.153000 -0.047000 -0.011250
v -0.153000 -0.050000 -0.011250
v -0.278000 -0.047000 0.038750
v -0.278000 -0.047000 -0.005000
v -0.278000 -0.050000 0.038750
v -0.278000 -0.050000 0.005000
v -0.278000 -0.050000 -0.038750
v -0.278000 -0.047000 -0.038750
v -0.278000 -0.048875 -0.038750
v -0.353000 -0.047000 -0.008750
v -0.153000 -0.047375 0.045000
v -0.153000 -0.047375 0.033750
v -0.153000 -0.049625 -0.045000
v -0.178000 -0.049625 0.043750
v -0.353000 -0.047375 0.035000
v -0.353000 -0.049625 0.026250
v -0.353000 -0.047375 -0.035000
v -0.353000 -0.050000 0.026250
v -0.153000 -0.047000 0.033750
v -0.153000 -0.050000 0.033750
v -0.178000 -0.047000 0.043750
v -0.178000 -0.047000 0.035000
v -0.178000 -0.050000 0.043750
v -0.178000 -0.050000 -0.035000
v -0.178000 -0.050000 -0.043750
v -0.178000 -0.047000 -0.043750
v -0.178000 -0.047375 -0.043750
v -0.353000 -0.047000 0.026250
v -0.253000 -0.050000 -0.013750
v -0.278000 -0.050000 -0.003750
v -0.278000 -0.050000 -0.030000
v -0.253000 -0.050000 0.006250
v -0.228000 -0.050000 -0.003750
v -0.228000 -0.050000 0.030000
v -0.253000 -0.047000 0.013750
v -0.278000 -0.047000 0.003750
v -0.278000 -0.047000 0.030000
v -0.253000 -0.047000 -0.006250
v -0.228000 -0.047000 0.003750
v -0.228000 -0.047000 -0.030000
v -0.253000 -0.048125 -0.040000
v -0.278000 -0.048500 -0.038750
v -0.278000 -0.047375 -0.038750
v -0.253000 -0.048875 -0.040000
v -0.228000 -0.048500 -0.041250
v -0.228000 -0.049625 -0.041250
v -0.353000 -0.048125 0.000000
v -0.353000 -0.048500 0.008750
v -0.353000 -0.047375 0.008750
v -0.353000 -0.048875 0.000000
v -0.353000 -0.048500 -0.008750
v -0.353000 -0.049625 -0.008750
v -0.253000 -0.048125 0.040000
v -0.228000 -0.048500 0.041250
v -0.228000 -0.047375 0.041250
v -0.253000 -0.048875 0.040000
v -0.278000 -0.048500 0.038750
v -0.278000 -0.049625 0.038750
v -0.153000 -0.048125 0.000000
v -0.153000 -0.048500 -0.011250
v -0.153000 -0.047375 -0.011250
v -0.153000 -0.048875 0.000000
v -0.153000 -0.048500 0.011250
v -0.153000 -0.049625 0.011250
v -0.153000 -0.049625 0.022500
v -0.153000 -0.049250 0.033750
v -0.153000 -0.049625 0.033750
v -0.153000 -0.049250 0.011250
v -0.153000 -0.048875 0.011250
v -0.153000 -0.048875 0.022500
v -0.153000 -0.049625 -0.022500
v -0.153000 -0.049250 -0.011250
v -0.153000 -0.049625 -0.011250
v -0.153000 -0.047375 -0.022500
v -0.153000 -0.047750 -0.033750
v -0.153000 -0.047375 -0.033750
v -0.153000 -0.047750 -0.011250
v -0.153000 -0.048125 -0.011250
v -0.153000 -0.048125 -0.022500
v -0.153000 -0.047375 0.022500
v -0.153000 -0.047750 0.011250
v -0.153000 -0.047375 0.011250
v -0.303000 -0.049625 0.037500
v -0.328000 -0.049250 0.036250
v -0.328000 -0.049625 0.036250
v -0.278000 -0.049250 0.038750
v -0.278000 -0.048875 0.038750
v -0.303000 -0.048875 0.037500
v -0.203000 -0.049625 0.042500
v -0.228000 -0.049250 0.041250
v -0.228000 -0.049625 0.041250
v -0.203000 -0.047375 0.042500
v -0.178000 -0.047750 0.043750
v -0.178000 -0.047375 0.043750
v -0.228000 -0.047750 0.041250
v -0.228000 -0.048125 0.041250
v -0.203000 -0.048125 0.042500
v -0.303000 -0.047375 0.037500
v -0.278000 -0.047750 0.038750
v -0.278000 -0.047375 0.038750
v -0.353000 -0.049625 -0.017500
v -0.353000 -0.049250 -0.026250
v -0.353000 -0.049625 -0.026250
v -0.353000 -0.049250 -0.008750
v -0.353000 -0.048875 -0.008750
v -0.353000 -0.048875 -0.017500
v -0.353000 -0.049625 0.017500
v -0.353000 -0.049250 0.008750
v -0.353000 -0.049625 0.008750
v -0.353000 -0.047375 0.017500
v -0.353000 -0.047750 0.026250
v -0.353000 -0.047375 0.026250
v -0.353000 -0.047750 0.008750
v -0.353000 -0.048125 0.008750
v -0.353000 -0.048125 0.017500
v -0.353000 -0.047375 -0.017500
v -0.353000 -0.047750 -0.008750
v -0.353000 -0.047375 -0.008750
v -0.203000 -0.049625 -0.042500
v -0.178000 -0.049250 -0.043750
v -0.178000 -0.049625 -0.043750
v -0.228000 -0.049250 -0.041250
v -0.228000 -0.048875 -0.041250
v -0.203000 -0.048875 -0.042500
v -0.303000 -0.049625 -0.037500
v -0.278000 -0.049250 -0.038750
v -0.278000 -0.049625 -0.038750
v -0.303000 -0.047375 -0.037500
v -0.328000 -0.047750 -0.036250
v -0.328000 -0.047375 -0.036250
v -0.278000 -0.047750 -0.038750
v -0.278000 -0.048125 -0.038750
v -0.303000 -0.048125 -0.037500
v -0.203000 -0.047375 -0.042500
v -0.228000 -0.047750 -0.041250
v -0.228000 -0.047375 -0.041250
v -0.203000 -0.047000 -0.031250
v -0.178000 -0.047000 -0.021250
v -0.178000 -0.047000 -0.032500
v -0.228000 -0.047000 -0.018750
v -0.228000 -0.047000 -0.007500
v -0.203000 -0.047000 -0.008750
v -0.303000 -0.047000 -0.026250
v -0.278000 -0.047000 -0.016250
v -0.278000 -0.047000 -0.027500
v -0.303000 -0.047000 0.028750
v -0.328000 -0.047000 0.018750
v -0.328000 -0.047000 0.027500
v -0.278000 -0.047000 0.021250
v -0.278000 -0.047000 0.012500
v -0.303000 -0.047000 0.011250
v -0.203000 -0.047000 0.033750
v -0.228000 -0.047000 0.023750
v -0.228000 -0.047000 0.032500
v -0.203000 -0.050000 0.031250
v -0.178000 -0.050000 0.021250
v -0.178000 -0.050000 0.032500
v -0.228000 -0.050000 0.018750
v -0.228000 -0.050000 0.007500
v -0.203000 -0.050000 0.008750
v -0.303000 -0.050000 0.026250
v -0.278000 -0.050000 0.016250
v -0.278000 -0.050000 0.027500
v -0.303000 -0.050000 -0.028750
v -0.328000 -0.050000 -0.018750
v -0.328000 -0.050000 -0.027500
v -0.278000 -0.050000 -0.021250
v -0.278000 -0.050000 -0.012500
v -0.303000 -0.050000 -0.011250
v -0.203000 -0.050000 -0.033750
v -0.228000 -0.050000 -0.023750
v -0.228000 -0.050000 -0.032500
v -0.303000 -0.050000 0.006250
v -0.328000 -0.050000 0.016250
v -0.328000 -0.050000 0.007500
v -0.203000 -0.050000 -0.013750
v -0.178000 -0.050000 -0.023750
v -0.178000 -0.050000 -0.012500
v -0.303000 -0.047000 -0.006250
v -0.328000 -0.047000 -0.016250
v -0.328000 -0.047000 -0.007500
v -0.203000 -0.047000 0.013750
v -0.178000 -0.047000 0.023750
v -0.178000 -0.047000 0.012500
v -0.303000 -0.048875 -0.037500
v -0.328000 -0.049250 -0.036250
v -0.328000 -0.048875 -0.036250
v -0.203000 -0.048125 -0.042500
v -0.178000 -0.047750 -0.043750
v -0.178000 -0.048125 -0.043750
v -0.353000 -0.048875 0.017500
v -0.353000 -0.049250 0.026250
v -0.353000 -0.048875 0.026250
v -0.353000 -0.048125 -0.017500
v -0.353000 -0.047750 -0.026250
v -0.353000 -0.048125 -0.026250
v -0.203000 -0.048875 0.042500
v -0.178000 -0.049250 0.043750
v -0.178000 -0.048875 0.043750
v -0.303000 -0.048125 0.037500
v -0.328000 -0.047750 0.036250
v -0.328000 -0.048125 0.036250
v -0.153000 -0.048875 -0.022500
v -0.153000 -0.049250 -0.033750
v -0.153000 -0.048875 -0.033750
v -0.153000 -0.048125 0.022500
v -0.153000 -0.047750 0.033750
v -0.153000 -0.048125 0.033750
v -0.153000 -0.049813 0.045000
v -0.153000 -0.049813 -0.039375
v -0.153000 -0.047187 -0.045000
v -0.340500 -0.047187 0.035625
v -0.353000 -0.049813 0.035000
v -0.353000 -0.047187 -0.030625
v -0.353000 -0.049813 -0.035000
v -0.353000 -0.050000 -0.030625
v -0.153000 -0.047000 -0.039375
v -0.153000 -0.050000 -0.039375
v -0.340500 -0.047000 0.035625
v -0.340500 -0.047000 -0.030000
v -0.340500 -0.050000 0.035625
v -0.340500 -0.050000 0.030000
v -0.340500 -0.050000 -0.035625
v -0.340500 -0.047000 -0.035625
v -0.340500 -0.049813 -0.035625
v -0.353000 -0.047000 -0.030625
v -0.153000 -0.048313 0.045000
v -0.153000 -0.048313 0.005625
v -0.153000 -0.048688 -0.045000
v -0.240500 -0.048688 0.040625
v -0.353000 -0.048313 0.035000
v -0.353000 -0.048688 0.004375
v -0.353000 -0.048313 -0.035000
v -0.353000 -0.050000 0.004375
v -0.153000 -0.047000 0.005625
v -0.153000 -0.050000 0.005625
v -0.240500 -0.047000 0.040625
v -0.240500 -0.047000 0.010000
v -0.240500 -0.050000 0.040625
v -0.240500 -0.050000 -0.010000
v -0.240500 -0.050000 -0.040625
v -0.240500 -0.047000 -0.040625
v -0.240500 -0.048313 -0.040625
v -0.353000 -0.047000 0.004375
v -0.253000 -0.050000 -0.035625
v -0.340500 -0.050000 -0.000625
v -0.340500 -0.050000 -0.005000
v -0.253000 -0.050000 0.034375
v -0.165500 -0.050000 -0.000625
v -0.165500 -0.050000 0.005000
v -0.253000 -0.047000 0.035625
v -0.340500 -0.047000 0.000625
v -0.340500 -0.047000 0.005000
v -0.253000 -0.047000 -0.034375
v -0.165500 -0.047000 0.000625
v -0.165500 -0.047000 -0.005000
v -0.253000 -0.047187 -0.040000
v -0.340500 -0.048500 -0.035625
v -0.340500 -0.048313 -0.035625
v -0.253000 -0.049813 -0.040000
v -0.165500 -0.048500 -0.044375
v -0.165500 -0.048688 -0.044375
v -0.353000 -0.047187 0.000000
v -0.353000 -0.048500 0.030625
v -0.353000 -0.048313 0.030625
v -0.353000 -0.049813 0.000000
v -0.353000 -0.048500 -0.030625
v -0.353000 -0.048688 -0.030625
v -0.253000 -0.047187 0.040000
v -0.165500 -0.048500 0.044375
v -0.165500 -0.048313 0.044375
v -0.253000 -0.049813 0.040000
v -0.340500 -0.048500 0.035625
v -0.340500 -0.048688 0.035625
v -0.153000 -0.047187 0.000000
v -0.153000 -0.048500 -0.039375
v -0.153000 -0.048313 -0.039375
v -0.153000 -0.049813 0.000000
v -0.153000 -0.048500 0.039375
v -0.153000 -0.048688 0.039375
v -0.153000 -0.049062 0.045000
v -0.153000 -0.049062 -0.016875
v -0.153000 -0.047937 -0.045000
v -0.290500 -0.047937 0.038125
v -0.353000 -0.049062 0.035000
v -0.353000 -0.047937 -0.013125
v -0.353000 -0.049062 -0.035000
v -0.353000 -0.050000 -0.013125
v -0.153000 -0.047000 -0.016875
v -0.153000 -0.050000 -0.016875
v -0.290500 -0.047000 0.038125
v -0.290500 -0.047000 -0.010000
v -0.290500 -0.050000 0.038125
v -0.290500 -0.050000 0.010000
v -0.290500 -0.050000 -0.038125
v -0.290500 -0.047000 -0.038125
v -0.290500 -0.049062 -0.038125
v -0.353000 -0.047000 -0.013125
v -0.153000 -0.047563 0.045000
v -0.153000 -0.047563 0.028125
v -0.153000 -0.049438 -0.045000
v -0.190500 -0.049438 0.043125
v -0.353000 -0.047563 0.035000
v -0.353000 -0.049438 0.021875
v -0.353000 -0.047563 -0.035000
v -0.353000 -0.050000 0.021875
v -0.153000 -0.047000 0.028125
v -0.153000 -0.050000 0.028125
v -0.190500 -0.047000 0.043125
v -0.190500 -0.047000 0.030000
v -0.190500 -0.050000 0.043125
v -0.190500 -0.050000 -0.030000
v -0.190500 -0.050000 -0.043125
v -0.190500 -0.047000 -0.043125
v -0.190500 -0.047563 -0.043125
v -0.353000 -0.047000 0.021875
v -0.253000 -0.050000 -0.018125
v -0.290500 -0.050000 -0.003125
v -0.290500 -0.050000 -0.025000
v -0.253000 -0.050000 0.011875
v -0.215500 -0.050000 -0.003125
v -0.215500 -0.050000 0.025000
v -0.253000 -0.047000 0.018125
v -0.290500 -0.047000 0.003125
v -0.290500 -0.047000 0.025000
v -0.253000 -0.047000 -0.011875
v -0.215500 -0.047000 0.003125
v -0.215500 -0.047000 -0.025000
v -0.253000 -0.047937 -0.040000
v -0.290500 -0.048500 -0.038125
v -0.290500 -0.047563 -0.038125
v -0.253000 -0.049062 -0.040000
v -0.215500 -0.048500 -0.041875
v -0.215500 -0.049438 -0.041875
v -0.353000 -0.047937 0.000000
v -0.353000 -0.048500 0.013125
v -0.353000 -0.047563 0.013125
v -0.353000 -0.049062 0.000000
v -0.353000 -0.048500 -0.013125
v -0.353000 -0.049438 -0.013125
v -0.253000 -0.047937 0.040000
v -0.215500 -0.048500 0.041875
v -0.215500 -0.047563 0.041875
v -0.253000 -0.049062 0.040000
v -0.290500 -0.048500 0.038125
v -0.290500 -0.049438 0.038125
v -0.153000 -0.047937 0.000000
v -0.153000 -0.048500 -0.016875
v -0.153000 -0.047563 -0.016875
v -0.153000 -0.049062 0.000000
v -0.153000 -0.048500 0.016875
v -0.153000 -0.049438 0.016875
v -0.153000 -0.049813 0.022500
v -0.153000 -0.049250 0.039375
v -0.153000 -0.049438 0.039375
v -0.153000 -0.049250 0.016875
v -0.153000 -0.048688 0.016875
v -0.153000 -0.048688 0.022500
v -0.153000 -0.049813 -0.022500
v -0.153000 -0.049250 -0.005625
v -0.153000 -0.049438 -0.005625
v -0.153000 -0.047187 -0.022500
v -0.153000 -0.047750 -0.039375
v -0.153000 -0.047563 -0.039375
v -0.153000 -0.047750 -0.016875
v -0.153000 -0.048313 -0.016875
v -0.153000 -0.048313 -0.022500
v -0.153000 -0.047187 0.022500
v -0.153000 -0.047750 0.005625
v -0.153000 -0.047563 0.005625
v -0.303000 -0.049813 0.037500
v -0.340500 -0.049250 0.035625
v -0.340500 -0.049438 0.035625
v -0.290500 -0.049250 0.038125
v -0.290500 -0.048688 0.038125
v -0.303000 -0.048688 0.037500
v -0.203000 -0.049813 0.042500
v -0.240500 -0.049250 0.040625
v -0.240500 -0.049438 0.040625
v -0.203000 -0.047187 0.042500
v -0.165500 -0.047750 0.044375
v -0.165500 -0.047563 0.044375
v -0.215500 -0.047750 0.041875
v -0.215500 -0.048313 0.041875
v -0.203000 -0.048313 0.042500
v -0.303000 -0.047187 0.037500
v -0.265500 -0.047750 0.039375
v -0.265500 -0.047563 0.039375
v -0.353000 -0.049813 -0.017500
v -0.353000 -0.049250 -0.030625
v -0.353000 -0.049438 -0.030625
v -0.353000 -0.049250 -0.013125
v -0.353000 -0.048688 -0.013125
v -0.353000 -0.048688 -0.017500
v -0.353000 -0.049813 0.017500
v -0.353000 -0.049250 0.004375
v -0.353000 -0.049438 0.004375
v -0.353000 -0.047187 0.017500
v -0.353000 -0.047750 0.030625
v -0.353000 -0.047563 0.030625
v -0.353000 -0.047750 0.013125
v -0.353000 -0.048313 0.013125
v -0.353000 -0.048313 0.017500
v -0.353000 -0.047187 -0.017500
v -0.353000 -0.047750 -0.004375
v -0.353000 -0.047563 -0.004375
v -0.203000 -0.049813 -0.042500
v -0.165500 -0.049250 -0.044375
v -0.165500 -0.049438 -0.044375
v -0.215500 -0.049250 -0.041875
v -0.215500 -0.048688 -0.041875
v -0.203000 -0.048688 -0.042500
v -0.303000 -0.049813 -0.037500
v -0.265500 -0.049250 -0.039375
v -0.265500 -0.049438 -0.039375
v -0.303000 -0.047187 -0.037500
v -0.340500 -0.047750 -0.035625
v -0.340500 -0.047563 -0.035625
v -0.290500 -0.047750 -0.038125
v -0.290500 -0.048313 -0.038125
v -0.303000 -0.048313 -0.037500
v -0.203000 -0.047187 -0.042500
v -0.240500 -0.047750 -0.040625
v -0.240500 -0.047563 -0.040625
v -0.203000 -0.047000 -0.036875
v -0.165500 -0.047000 -0.021875
v -0.165500 -0.047000 -0.027500
v -0.215500 -0.047000 -0.019375
v -0.215500 -0.047000 -0.002500
v -0.203000 -0.047000 -0.003125
v -0.303000 -0.047000 -0.031875
v -0.265500 -0.047000 -0.016875
v -0.265500 -0.047000 -0.022500
v -0.303000 -0.047000 0.033125
v -0.340500 -0.047000 0.018125
v -0.340500 -0.047000 0.022500
v -0.290500 -0.047000 0.020625
v -0.290500 -0.047000 0.007500
v -0.303000 -0.047000 0.006875
v -0.203000 -0.047000 0.038125
v -0.240500 -0.047000 0.023125
v -0.240500 -0.047000 0.027500
v -0.203000 -0.050000 0.036875
v -0.165500 -0.050000 0.021875
v -0.165500 -0.050000 0.027500
v -0.215500 -0.050000 0.019375
v -0.215500 -0.050000 0.002500
v -0.203000 -0.050000 0.003125
v -0.303000 -0.050000 0.031875
v -0.265500 -0.050000 0.016875
v -0.265500 -0.050000 0.022500
v -0.303000 -0.050000 -0.033125
v -0.340500 -0.050000 -0.018125
v -0.340500 -0.050000 -0.022500
v -0.290500 -0.050000 -0.020625
v -0.290500 -0.050000 -0.007500
v -0.303000 -0.050000 -0.006875
v -0.203000 -0.050000 -0.038125
v -0.240500 -0.050000 -0.023125
v -0.240500 -0.050000 -0.027500
v -0.303000 -0.050000 0.001875
v -0.340500 -0.050000 0.016875
v -0.340500 -0.050000 0.012500
v -0.203000 -0.050000 -0.008125
v -0.165500 -0.050000 -0.023125
v -0.165500 -0.050000 -0.017500
v -0.303000 -0.047000 -0.001875
v -0.340500 -0.047000 -0.016875
v -0.340500 -0.047000 -0.012500
v -0.203000 -0.047000 0.008125
v -0.165500 -0.047000 0.023125
v -0.165500 -0.047000 0.017500
v -0.303000 -0.048688 -0.037500
v -0.340500 -0.049250 -0.035625
v -0.340500 -0.049062 -0.035625
v -0.203000 -0.048313 -0.042500
v -0.165500 -0.047750 -0.044375
v -0.165500 -0.047937 -0.044375
v -0.353000 -0.048688 0.017500
v -0.353000 -0.049250 0.030625
v -0.353000 -0.049062 0.030625
v -0.353000 -0.048313 -0.017500
v -0.353000 -0.047750 -0.030625
v -0.353000 -0.047937 -0.030625
v -0.203000 -0.048688 0.042500
v -0.165500 -0.049250 0.044375
v -0.165500 -0.049062 0.044375
v -0.303000 -0.048313 0.037500
v -0.340500 -0.047750 0.035625
v -0.340500 -0.047937 0.035625
v -0.153000 -0.048688 -0.022500
v -0.153000 -0.049250 -0.039375
v -0.153000 -0.049062 -0.039375
v -0.153000 -0.048313 0.022500
v -0.153000 -0.047750 0.039375
v -0.153000 -0.047937 0.039375
v -0.153000 -0.049438 0.045000
v -0.153000 -0.049438 -0.028125
v -0.153000 -0.047563 -0.045000
v -0.315500 -0.047563 0.036875
v -0.353000 -0.049438 0.035000
v -0.353000 -0.047563 -0.021875
v -0.353000 -0.049438 -0.035000
v -0.353000 -0.050000 -0.021875
v -0.153000 -0.047000 -0.028125
v -0.153000 -0.050000 -0.028125
v -0.315500 -0.047000 0.036875
v -0.315500 -0.047000 -0.020000
v -0.315500 -0.050000 0.036875
v -0.315500 -0.050000 0.020000
v -0.315500 -0.050000 -0.036875
v -0.315500 -0.047000 -0.036875
v -0.315500 -0.049438 -0.036875
v -0.353000 -0.047000 -0.021875
v -0.153000 -0.047937 0.045000
v -0.153000 -0.047937 0.016875
v -0.153000 -0.049062 -0.045000
v -0.215500 -0.049062 0.041875
v -0.353000 -0.047937 0.035000
v -0.353000 -0.049062 0.013125
v -0.353000 -0.047937 -0.035000
v -0.353000 -0.050000 0.013125
v -0.153000 -0.047000 0.016875
v -0.153000 -0.050000 0.016875
v -0.215500 -0.047000 0.041875
v -0.215500 -0.047000 0.020000
v -0.215500 -0.050000 0.041875
v -0.215500 -0.050000 -0.020000
v -0.215500 -0.050000 -0.041875
v -0.215500 -0.047000 -0.041875
v -0.215500 -0.047937 -0.041875
v -0.353000 -0.047000 0.013125
v -0.253000 -0.050000 -0.026875
v -0.315500 -0.050000 -0.001875
v -0.315500 -0.050000 -0.015000
v -0.253000 -0.050000 0.023125
v -0.190500 -0.050000 -0.001875
v -0.190500 -0.050000 0.015000
v -0.253000 -0.047000 0.026875
v -0.315500 -0.047000 0.001875
v -0.315500 -0.047000 0.015000
v -0.253000 -0.047000 -0.023125
v -0.190500 -0.047000 0.001875
v -0.190500 -0.047000 -0.015000
v -0.253000 -0.047563 -0.040000
v -0.315500 -0.048500 -0.036875
v -0.315500 -0.047937 -0.036875
v -0.253000 -0.049438 -0.040000
v -0.190500 -0.048500 -0.043125
v -0.190500 -0.049062 -0.043125
v -0.353000 -0.047563 0.000000
v -0.353000 -0.048500 0.021875
v -0.353000 -0.047937 0.021875
v -0.353000 -0.049438 0.000000
v -0.353000 -0.048500 -0.021875
v -0.353000 -0.049062 -0.021875
v -0.253000 -0.047563 0.040000
v -0.190500 -0.048500 0.043125
v -0.190500 -0.047937 0.043125
v -0.253000 -0.049438 0.040000
v -0.315500 -0.048500 0.036875
v -0.315500 -0.049062 0.036875
v -0.153000 -0.047563 0.000000
v -0.153000 -0.048500 -0.028125
v -0.153000 -0.047937 -0.028125
v -0.153000 -0.049438 0.000000
v -0.153000 -0.048500 0.028125
v -0.153000 -0.049062 0.028125
v -0.153000 -0.048688 0.045000
v -0.153000 -0.048688 -0.005625
v -0.153000 -0.048313 -0.045000
v -0.265500 -0.048313 0.039375
v -0.353000 -0.048688 0.035000
v -0.353000 -0.048313 -0.004375
v -0.353000 -0.048688 -0.035000
v -0.353000 -0.050000 -0.004375
v -0.153000 -0.047000 -0.005625
v -0.153000 -0.050000 -0.005625
v -0.265500 -0.047000 0.039375
v -0.265500 -0.047000 0.000000
v -0.265500 -0.050000 0.039375
v -0.265500 -0.050000 -0.000000
v -0.265500 -0.050000 -0.039375
v -0.265500 -0.047000 -0.039375
v -0.265500 -0.048688 -0.039375
v -0.353000 -0.047000 -0.004375
v -0.153000 -0.047187 0.045000
v -0.153000 -0.047187 0.039375
v -0.153000 -0.049813 -0.045000
v -0.165500 -0.049813 0.044375
v -0.353000 -0.047187 0.035000
v -0.353000 -0.049813 0.030625
v -0.353000 -0.047187 -0.035000
v -0.353000 -0.050000 0.030625
v -0.153000 -0.047000 0.039375
v -0.153000 -0.050000 0.039375
v -0.165500 -0.047000 0.044375
v -0.165500 -0.047000 0.040000
v -0.165500 -0.050000 0.044375
v -0.165500 -0.050000 -0.040000
v -0.165500 -0.050000 -0.044375
v -0.165500 -0.047000 -0.044375
v -0.165500 -0.047187 -0.044375
v -0.353000 -0.047000 0.030625
v -0.253000 -0.050000 -0.009375
v -0.265500 -0.050000 -0.004375
v -0.265500 -0.050000 -0.035000
v -0.253000 -0.050000 0.000625
v -0.240500 -0.050000 -0.004375
v -0.240500 -0.050000 0.035000
v -0.253000 -0.047000 0.009375
v -0.265500 -0.047000 0.004375
v -0.265500 -0.047000 0.035000
v -0.253000 -0.047000 -0.000625
v -0.240500 -0.047000 0.004375
v -0.240500 -0.047000 -0.035000
v -0.253000 -0.048313 -0.040000
v -0.265500 -0.048500 -0.039375
v -0.265500 -0.047187 -0.039375
v -0.253000 -0.048688 -0.040000
v -0.240500 -0.048500 -0.040625
v -0.240500 -0.049813 -0.040625
v -0.353000 -0.048313 0.000000
v -0.353000 -0.048500 0.004375
v -0.353000 -0.047187 0.004375
v -0.353000 -0.048688 0.000000
v -0.353000 -0.048500 -0.004375
v -0.353000 -0.049813 -0.004375
v -0.253000 -0.048313 0.040000
v -0.240500 -0.048500 0.040625
v -0.240500 -0.047187 0.040625
v -0.253000 -0.048688 0.040000
v -0.265500 -0.048500 0.039375
v -0.265500 -0.049813 0.039375
v -0.153000 -0.048313 0.000000
v -0.153000 -0.048500 -0.005625
v -0.153000 -0.047187 -0.005625
v -0.153000 -0.048688 0.000000
v -0.153000 -0.048500 0.005625
v -0.153000 -0.049813 0.005625
v -0.153000 -0.049438 0.022500
v -0.153000 -0.049250 0.028125
v -0.153000 -0.049813 0.028125
v -0.153000 -0.049250 0.005625
v -0.153000 -0.049062 0.005625
v -0.153000 -0.049062 0.022500
v -0.153000 -0.049438 -0.022500
v -0.153000 -0.049250 -0.016875
v -0.153000 -0.049813 -0.016875
v -0.153000 -0.047563 -0.022500
v -0.153000 -0.047750 -0.028125
v -0.153000 -0.047187 -0.028125
v -0.153000 -0.047750 -0.005625
v -0.153000 -0.047937 -0.005625
v -0.153000 -0.047937 -0.022500
v -0.153000 -0.047563 0.022500
v -0.153000 -0.047750 0.016875
v -0.153000 -0.047187 0.016875
v -0.303000 -0.049438 0.037500
v -0.315500 -0.049250 0.036875
v -0.315500 -0.049813 0.036875
v -0.265500 -0.049250 0.039375
v -0.265500 -0.049062 0.039375
v -0.303000 -0.049062 0.037500
v -0.203000 -0.049438 0.042500
v -0.215500 -0.049250 0.041875
v -0.215500 -0.049813 0.041875
v -0.203000 -0.047563 0.042500
v -0.190500 -0.047750 0.043125
v -0.190500 -0.047187 0.043125
v -0.240500 -0.047750 0.040625
v -0.240500 -0.047937 0.040625
v -0.203000 -0.047937 0.042500
v -0.303000 -0.047563 0.037500
v -0.290500 -0.047750 0.038125
v -0.290500 -0.047187 0.038125
v -0.353000 -0.049438 -0.017500
v -0.353000 -0.049250 -0.021875
v -0.353000 -0.049813 -0.021875
v -0.353000 -0.049250 -0.004375
v -0.353000 -0.049062 -0.004375
v -0.353000 -0.049062 -0.017500
v -0.353000 -0.049438 0.017500
v -0.353000 -0.049250 0.013125
v -0.353000 -0.049813 0.013125
v -0.353000 -0.047563 0.017500
v -0.353000 -0.047750 0.021875
v -0.353000 -0.047187 0.021875
v -0.353000 -0.047750 0.004375
v -0.353000 -0.047937 0.004375
v -0.353000 -0.047937 0.017500
v -0.353000 -0.047563 -0.017500
v -0.353000 -0.047750 -0.013125
v -0.353000 -0.047187 -0.013125
v -0.203000 -0.049438 -0.042500
v -0.190500 -0.049250 -0.043125
v -0.190500 -0.049813 -0.043125
v -0.240500 -0.049250 -0.040625
v -0.240500 -0.049062 -0.040625
v -0.203000 -0.049062 -0.042500
v -0.303000 -0.049438 -0.037500
v -0.290500 -0.049250 -0.038125
v -0.290500 -0.049813 -0.038125
v -0.303000 -0.047563 -0.037500
v -0.315500 -0.047750 -0.036875
v -0.315500 -0.047187 -0.036875
v -0.265500 -0.047750 -0.039375
v -0.265500 -0.047937 -0.039375
v -0.303000 -0.047937 -0.037500
v -0.203000 -0.047563 -0.042500
v -0.215500 -0.047750 -0.041875
v -0.215500 -0.047187 -0.041875
v -0.203000 -0.047000 -0.025625
v -0.190500 -0.047000 -0.020625
v -0.190500 -0.047000 -0.037500
v -0.240500 -0.047000 -0.018125
v -0.240500 -0.047000 -0.012500
v -0.203000 -0.047000 -0.014375
v -0.303000 -0.047000 -0.020625
v -0.290500 -0.047000 -0.015625
v -0.290500 -0.047000 -0.032500
v -0.303000 -0.047000 0.024375
v -0.315500 -0.047000 0.019375
v -0.315500 -0.047000 0.032500
v -0.265500 -0.047000 0.021875
v -0.265500 -0.047000 0.017500
v -0.303000 -0.047000 0.015625
v -0.203000 -0.047000 0.029375
v -0.215500 -0.047000 0.024375
v -0.215500 -0.047000 0.037500
v -0.203000 -0.050000 0.025625
v -0.190500 -0.050000 0.020625
v -0.190500 -0.050000 0.037500
v -0.240500 -0.050000 0.018125
v -0.240500 -0.050000 0.012500
v -0.203000 -0.050000 0.014375
v -0.303000 -0.050000 0.020625
v -0.290500 -0.050000 0.015625
v -0.290500 -0.050000 0.032500
v -0.303000 -0.050000 -0.024375
v -0.315500 -0.050000 -0.019375
v -0.315500 -0.050000 -0.032500
v -0.265500 -0.050000 -0.021875
v -0.265500 -0.050000 -0.017500
v -0.303000 -0.050000 -0.015625
v -0.203000 -0.050000 -0.029375
v -0.215500 -0.050000 -0.024375
v -0.215500 -0.050000 -0.037500
v -0.303000 -0.050000 0.010625
v -0.315500 -0.050000 0.015625
v -0.315500 -0.050000 0.002500
v -0.203000 -0.050000 -0.019375
v -0.190500 -0.050000 -0.024375
v -0.190500 -0.050000 -0.007500
v -0.303000 -0.047000 -0.010625
v -0.315500 -0.047000 -0.015625
v -0.315500 -0.047000 -0.002500
v -0.203000 -0.047000 0.019375
v -0.190500 -0.047000 0.024375
v -0.190500 -0.047000 0.007500
v -0.303000 -0.049062 -0.037500
v -0.315500 -0.049250 -0.036875
v -0.315500 -0.048688 -0.036875
v -0.203000 -0.047937 -0.042500
v -0.190500 -0.047750 -0.043125
v -0.190500 -0.048313 -0.043125
v -0.353000 -0.049062 0.017500
v -0.353000 -0.049250 0.021875
v -0.353000 -0.048688 0.021875
v -0.353000 -0.047937 -0.017500
v -0.353000 -0.047750 -0.021875
v -0.353000 -0.048313 -0.021875
v -0.203000 -0.049062 0.042500
v -0.190500 -0.049250 0.043125
v -0.190500 -0.048688 0.043125
v -0.303000 -0.047937 0.037500
v -0.315500 -0.047750 0.036875
v -0.315500 -0.048313 0.036875
v -0.153000 -0.049062 -0.022500
v -0.153000 -0.049250 -0.028125
v -0.153000 -0.048688 -0.028125
v -0.153000 -0.047937 0.022500
v -0.153000 -0.047750 0.028125
v -0.153000 -0.048313 0.028125
v -0.153000 -0.048313 0.033750
v -0.153000 -0.048125 0.039375
v -0.153000 -0.048313 0.039375
v -0.153000 -0.048125 0.028125
v -0.153000 -0.047937 0.028125
v -0.153000 -0.047937 0.033750
v -0.153000 -0.048313 0.011250
v -0.153000 -0.048125 0.016875
v -0.153000 -0.048313 0.016875
v -0.153000 -0.048688 -0.033750
v -0.153000 -0.048875 -0.039375
v -0.153000 -0.048688 -0.039375
v -0.153000 -0.048875 -0.028125
v -0.153000 -0.049062 -0.028125
v -0.153000 -0.049062 -0.033750
v -0.153000 -0.048688 -0.011250
v -0.153000 -0.048875 -0.016875
v -0.153000 -0.048688 -0.016875
v -0.328000 -0.048313 0.036250
v -0.340500 -0.048125 0.035625
v -0.340500 -0.048313 0.035625
v -0.315500 -0.048125 0.036875
v -0.315500 -0.047937 0.036875
v -0.328000 -0.047937 0.036250
v -0.278000 -0.048313 0.038750
v -0.290500 -0.048125 0.038125
v -0.290500 -0.048313 0.038125
v -0.178000 -0.048688 0.043750
v -0.165500 -0.048875 0.044375
v -0.165500 -0.048688 0.044375
v -0.190500 -0.048875 0.043125
v -0.190500 -0.049062 0.043125
v -0.178000 -0.049062 0.043750
v -0.228000 -0.048688 0.041250
v -0.215500 -0.048875 0.041875
v -0.215500 -0.048688 0.041875
v -0.353000 -0.048313 -0.026250
v -0.353000 -0.048125 -0.030625
v -0.353000 -0.048313 -0.030625
v -0.353000 -0.048125 -0.021875
v -0.353000 -0.047937 -0.021875
v -0.353000 -0.047937 -0.026250
v -0.353000 -0.048313 -0.008750
v -0.353000 -0.048125 -0.013125
v -0.353000 -0.048313 -0.013125
v -0.353000 -0.048688 0.026250
v -0.353000 -0.048875 0.030625
v -0.353000 -0.048688 0.030625
v -0.353000 -0.048875 0.021875
v -0.353000 -0.049062 0.021875
v -0.353000 -0.049062 0.026250
v -0.353000 -0.048688 0.008750
v -0.353000 -0.048875 0.013125
v -0.353000 -0.048688 0.013125
v -0.178000 -0.048313 -0.043750
v -0.165500 -0.048125 -0.044375
v -0.165500 -0.048313 -0.044375
v -0.190500 -0.048125 -0.043125
v -0.190500 -0.047937 -0.043125
v -0.178000 -0.047937 -0.043750
v -0.228000 -0.048313 -0.041250
v -0.215500 -0.048125 -0.041875
v -0.215500 -0.048313 -0.041875
v -0.328000 -0.048688 -0.036250
v -0.340500 -0.048875 -0.035625
v -0.340500 -0.048688 -0.035625
v -0.315500 -0.048875 -0.036875
v -0.315500 -0.049062 -0.036875
v -0.328000 -0.049062 -0.036250
v -0.278000 -0.048688 -0.038750
v -0.290500 -0.048875 -0.038125
v -0.290500 -0.048688 -0.038125
v -0.178000 -0.047000 0.006875
v -0.165500 -0.047000 0.011875
v -0.165500 -0.047000 0.006250
v -0.190500 -0.047000 0.013125
v -0.190500 -0.047000 0.018750
v -0.178000 -0.047000 0.018125
v -0.228000 -0.047000 0.009375
v -0.215500 -0.047000 0.014375
v -0.215500 -0.047000 0.008750
v -0.328000 -0.047000 -0.003125
v -0.340500 -0.047000 -0.008125
v -0.340500 -0.047000 -0.003750
v -0.315500 -0.047000 -0.006875
v -0.315500 -0.047000 -0.011250
v -0.328000 -0.047000 -0.011875
v -0.278000 -0.047000 -0.000625
v -0.290500 -0.047000 -0.005625
v -0.290500 -0.047000 -0.001250
v -0.178000 -0.050000 -0.006875
v -0.165500 -0.050000 -0.011875
v -0.165500 -0.050000 -0.006250
v -0.190500 -0.050000 -0.013125
v -0.190500 -0.050000 -0.018750
v -0.178000 -0.050000 -0.018125
v -0.228000 -0.050000 -0.009375
v -0.215500 -0.050000 -0.014375
v -0.215500 -0.050000 -0.008750
v -0.328000 -0.050000 0.003125
v -0.340500 -0.050000 0.008125
v -0.340500 -0.050000 0.003750
v -0.315500 -0.050000 0.006875
v -0.315500 -0.050000 0.011250
v -0.328000 -0.050000 0.011875
v -0.278000 -0.050000 0.000625
v -0.290500 -0.050000 0.005625
v -0.290500 -0.050000 0.001250
v -0.228000 -0.050000 -0.036875
v -0.240500 -0.050000 -0.031875
v -0.240500 -0.050000 -0.036250
v -0.215500 -0.050000 -0.033125
v -0.215500 -0.050000 -0.028750
v -0.228000 -0.050000 -0.028125
v -0.178000 -0.050000 -0.039375
v -0.190500 -0.050000 -0.034375
v -0.190500 -0.050000 -0.038750
v -0.315500 -0.050000 -0.010625
v -0.315500 -0.050000 -0.006250
v -0.328000 -0.050000 -0.005625
v -0.290500 -0.050000 -0.016250
v -0.278000 -0.050000 -0.016875
v -0.290500 -0.050000 -0.011875
v -0.265500 -0.050000 -0.030625
v -0.265500 -0.050000 -0.026250
v -0.278000 -0.050000 -0.025625
v -0.328000 -0.050000 -0.031875
v -0.340500 -0.050000 -0.026875
v -0.340500 -0.050000 -0.031250
v -0.315500 -0.050000 -0.028125
v -0.315500 -0.050000 -0.023750
v -0.328000 -0.050000 -0.023125
v -0.278000 -0.050000 -0.034375
v -0.290500 -0.050000 -0.029375
v -0.290500 -0.050000 -0.033750
v -0.278000 -0.050000 0.033125
v -0.265500 -0.050000 0.028125
v -0.265500 -0.050000 0.033750
v -0.290500 -0.050000 0.026875
v -0.290500 -0.050000 0.021250
v -0.278000 -0.050000 0.021875
v -0.328000 -0.050000 0.030625
v -0.315500 -0.050000 0.025625
v -0.315500 -0.050000 0.031250
v -0.190500 -0.050000 0.009375
v -0.190500 -0.050000 0.003750
v -0.178000 -0.050000 0.004375
v -0.215500 -0.050000 0.013750
v -0.228000 -0.050000 0.013125
v -0.215500 -0.050000 0.008125
v -0.240500 -0.050000 0.029375
v -0.240500 -0.050000 0.023750
v -0.228000 -0.050000 0.024375
v -0.178000 -0.050000 0.038125
v -0.165500 -0.050000 0.033125
v -0.165500 -0.050000 0.038750
v -0.190500 -0.050000 0.031875
v -0.190500 -0.050000 0.026250
v -0.178000 -0.050000 0.026875
v -0.228000 -0.050000 0.035625
v -0.215500 -0.050000 0.030625
v -0.215500 -0.050000 0.036250
v -0.228000 -0.047000 0.036875
v -0.240500 -0.047000 0.031875
v -0.240500 -0.047000 0.036250
v -0.215500 -0.047000 0.033125
v -0.215500 -0.047000 0.028750
v -0.228000 -0.047000 0.028125
v -0.178000 -0.047000 0.039375
v -0.190500 -0.047000 0.034375
v -0.190500 -0.047000 0.038750
v -0.315500 -0.047000 0.010625
v -0.315500 -0.047000 0.006250
v -0.328000 -0.047000 0.005625
v -0.290500 -0.047000 0.016250
v -0.278000 -0.047000 0.016875
v -0.290500 -0.047000 0.011875
v -0.265500 -0.047000 0.030625
v -0.265500 -0.047000 0.026250
v -0.278000 -0.047000 0.025625
v -0.328000 -0.047000 0.031875
v -0.340500 -0.047000 0.026875
v -0.340500 -0.047000 0.031250
v -0.315500 -0.047000 0.028125
v -0.315500 -0.047000 0.023750
v -0.328000 -0.047000 0.023125
v -0.278000 -0.047000 0.034375
v -0.290500 -0.047000 0.029375
v -0.290500 -0.047000 0.033750
v -0.278000 -0.047000 -0.033125
v -0.265500 -0.047000 -0.028125
v -0.265500 -0.047000 -0.033750
v -0.290500 -0.047000 -0.026875
v -0.290500 -0.047000 -0.021250
v -0.278000 -0.047000 -0.021875
v -0.328000 -0.047000 -0.030625
v -0.315500 -0.047000 -0.025625
v -0.315500 -0.047000 -0.031250
v -0.190500 -0.047000 -0.009375
v -0.190500 -0.047000 -0.003750
v -0.178000 -0.047000 -0.004375
v -0.215500 -0.047000 -0.013750
v -0.228000 -0.047000 -0.013125
v -0.215500 -0.047000 -0.008125
v -0.240500 -0.047000 -0.029375
v -0.240500 -0.047000 -0.023750
v -0.228000 -0.047000 -0.024375
v -0.178000 -0.047000 -0.038125
v -0.165500 -0.047000 -0.033125
v -0.165500 -0.047000 -0.038750
v -0.190500 -0.047000 -0.031875
v -0.190500 -0.047000 -0.026250
v -0.178000 -0.047000 -0.026875
v -0.228000 -0.047000 -0.035625
v -0.215500 -0.047000 -0.030625
v -0.215500 -0.047000 -0.036250
v -0.228000 -0.047187 -0.041250
v -0.240500 -0.047375 -0.040625
v -0.240500 -0.047187 -0.040625
v -0.215500 -0.047375 -0.041875
v -0.215500 -0.047563 -0.041875
v -0.228000 -0.047563 -0.041250
v -0.178000 -0.047187 -0.043750
v -0.190500 -0.047375 -0.043125
v -0.190500 -0.047187 -0.043125
v -0.315500 -0.048125 -0.036875
v -0.315500 -0.048313 -0.036875
v -0.328000 -0.048313 -0.036250
v -0.290500 -0.047937 -0.038125
v -0.278000 -0.047937 -0.038750
v -0.290500 -0.048125 -0.038125
v -0.265500 -0.047375 -0.039375
v -0.265500 -0.047563 -0.039375
v -0.278000 -0.047563 -0.038750
v -0.328000 -0.047187 -0.036250
v -0.340500 -0.047375 -0.035625
v -0.340500 -0.047187 -0.035625
v -0.315500 -0.047375 -0.036875
v -0.315500 -0.047563 -0.036875
v -0.328000 -0.047563 -0.036250
v -0.278000 -0.047187 -0.038750
v -0.290500 -0.047375 -0.038125
v -0.290500 -0.047187 -0.038125
v -0.278000 -0.049813 -0.038750
v -0.265500 -0.049625 -0.039375
v -0.265500 -0.049813 -0.039375
v -0.290500 -0.049625 -0.038125
v -0.290500 -0.049438 -0.038125
v -0.278000 -0.049438 -0.038750
v -0.328000 -0.049813 -0.036250
v -0.315500 -0.049625 -0.036875
v -0.315500 -0.049813 -0.036875
v -0.190500 -0.048875 -0.043125
v -0.190500 -0.048688 -0.043125
v -0.178000 -0.048688 -0.043750
v -0.215500 -0.049062 -0.041875
v -0.228000 -0.049062 -0.041250
v -0.215500 -0.048875 -0.041875
v -0.240500 -0.049625 -0.040625
v -0.240500 -0.049438 -0.040625
v -0.228000 -0.049438 -0.041250
v -0.178000 -0.049813 -0.043750
v -0.165500 -0.049625 -0.044375
v -0.165500 -0.049813 -0.044375
v -0.190500 -0.049625 -0.043125
v -0.190500 -0.049438 -0.043125
v -0.178000 -0.049438 -0.043750
v -0.228000 -0.049813 -0.041250
v -0.215500 -0.049625 -0.041875
v -0.215500 -0.049813 -0.041875
v -0.353000 -0.047187 -0.008750
v -0.353000 -0.047375 -0.004375
v -0.353000 -0.047187 -0.004375
v -0.353000 -0.047375 -0.013125
v -0.353000 -0.047563 -0.013125
v -0.353000 -0.047563 -0.008750
v -0.353000 -0.047187 -0.026250
v -0.353000 -0.047375 -0.021875
v -0.353000 -0.047187 -0.021875
v -0.353000 -0.048125 0.021875
v -0.353000 -0.048313 0.021875
v -0.353000 -0.048313 0.026250
v -0.353000 -0.047937 0.013125
v -0.353000 -0.047937 0.008750
v -0.353000 -0.048125 0.013125
v -0.353000 -0.047375 0.004375
v -0.353000 -0.047563 0.004375
v -0.353000 -0.047563 0.008750
v -0.353000 -0.047187 0.026250
v -0.353000 -0.047375 0.030625
v -0.353000 -0.047187 0.030625
v -0.353000 -0.047375 0.021875
v -0.353000 -0.047563 0.021875
v -0.353000 -0.047563 0.026250
v -0.353000 -0.047187 0.008750
v -0.353000 -0.047375 0.013125
v -0.353000 -0.047187 0.013125
v -0.353000 -0.049813 0.008750
v -0.353000 -0.049625 0.004375
v -0.353000 -0.049813 0.004375
v -0.353000 -0.049625 0.013125
v -0.353000 -0.049438 0.013125
v -0.353000 -0.049438 0.008750
v -0.353000 -0.049813 0.026250
v -0.353000 -0.049625 0.021875
v -0.353000 -0.049813 0.021875
v -0.353000 -0.048875 -0.021875
v -0.353000 -0.048688 -0.021875
v -0.353000 -0.048688 -0.026250
v -0.353000 -0.049062 -0.013125
v -0.353000 -0.049062 -0.008750
v -0.353000 -0.048875 -0.013125
v -0.353000 -0.049625 -0.004375
v -0.353000 -0.049438 -0.004375
v -0.353000 -0.049438 -0.008750
v -0.353000 -0.049813 -0.026250
v -0.353000 -0.049625 -0.030625
v -0.353000 -0.049813 -0.030625
v -0.353000 -0.049625 -0.021875
v -0.353000 -0.049438 -0.021875
v -0.353000 -0.049438 -0.026250
v -0.353000 -0.049813 -0.008750
v -0.353000 -0.049625 -0.013125
v -0.353000 -0.049813 -0.013125
v -0.278000 -0.047187 0.038750
v -0.265500 -0.047375 0.039375
v -0.265500 -0.047187 0.039375
v -0.290500 -0.047375 0.038125
v -0.290500 -0.047563 0.038125
v -0.278000 -0.047563 0.038750
v -0.328000 -0.047187 0.036250
v -0.315500 -0.047375 0.036875
v -0.315500 -0.047187 0.036875
v -0.190500 -0.048125 0.043125
v -0.190500 -0.048313 0.043125
v -0.178000 -0.048313 0.043750
v -0.215500 -0.047937 0.041875
v -0.228000 -0.047937 0.041250
v -0.215500 -0.048125 0.041875
v -0.240500 -0.047375 0.040625
v -0.240500 -0.047563 0.040625
v -0.228000 -0.047563 0.041250
v -0.178000 -0.047187 0.043750
v -0.165500 -0.047375 0.044375
v -0.165500 -0.047187 0.044375
v -0.190500 -0.047375 0.043125
v -0.190500 -0.047563 0.043125
v -0.178000 -0.047563 0.043750
v -0.228000 -0.047187 0.041250
v -0.215500 -0.047375 0.041875
v -0.215500 -0.047187 0.041875
v -0.228000 -0.049813 0.041250
v -0.240500 -0.049625 0.040625
v -0.240500 -0.049813 0.040625
v -0.215500 -0.049625 0.041875
v -0.215500 -0.049438 0.041875
v -0.228000 -0.049438 0.041250
v -0.178000 -0.049813 0.043750
v -0.190500 -0.049625 0.043125
v -0.190500 -0.049813 0.043125
v -0.315500 -0.048875 0.036875
v -0.315500 -0.048688 0.036875
v -0.328000 -0.048688 0.036250
v -0.290500 -0.049062 0.038125
v -0.278000 -0.049062 0.038750
v -0.290500 -0.048875 0.038125
v -0.265500 -0.049625 0.039375
v -0.265500 -0.049438 0.039375
v -0.278000 -0.049438 0.038750
v -0.328000 -0.049813 0.036250
v -0.340500 -0.049625 0.035625
v -0.340500 -0.049813 0.035625
v -0.315500 -0.049625 0.036875
v -0.315500 -0.049438 0.036875
v -0.328000 -0.049438 0.036250
v -0.278000 -0.049813 0.038750
v -0.290500 -0.049625 0.038125
v -0.290500 -0.049813 0.038125
v -0.153000 -0.047187 0.011250
v -0.153000 -0.047375 0.005625
v -0.153000 -0.047187 0.005625
v -0.153000 -0.047375 0.016875
v -0.153000 -0.047563 0.016875
v -0.153000 -0.047563 0.011250
v -0.153000 -0.047187 0.033750
v -0.153000 -0.047375 0.028125
v -0.153000 -0.047187 0.028125
v -0.153000 -0.048125 -0.028125
v -0.153000 -0.048313 -0.028125
v -0.153000 -0.048313 -0.033750
v -0.153000 -0.047937 -0.016875
v -0.153000 -0.047937 -0.011250
v -0.153000 -0.048125 -0.016875
v -0.153000 -0.047375 -0.005625
v -0.153000 -0.047563 -0.005625
v -0.153000 -0.047563 -0.011250
v -0.153000 -0.047187 -0.033750
v -0.153000 -0.047375 -0.039375
v -0.153000 -0.047187 -0.039375
v -0.153000 -0.047375 -0.028125
v -0.153000 -0.047563 -0.028125
v -0.153000 -0.047563 -0.033750
v -0.153000 -0.047187 -0.011250
v -0.153000 -0.047375 -0.016875
v -0.153000 -0.047187 -0.016875
v -0.153000 -0.049813 -0.011250
v -0.153000 -0.049625 -0.005625
v -0.153000 -0.049813 -0.005625
v -0.153000 -0.049625 -0.016875
v -0.153000 -0.049438 -0.016875
v -0.153000 -0.049438 -0.011250
v -0.153000 -0.049813 -0.033750
v -0.153000 -0.049625 -0.028125
v -0.153000 -0.049813 -0.028125
v -0.153000 -0.048875 0.028125
v -0.153000 -0.048688 0.028125
v -0.153000 -0.048688 0.033750
v -0.153000 -0.049062 0.016875
v -0.153000 -0.049062 0.011250
v -0.153000 -0.048875 0.016875
v -0.153000 -0.049625 0.005625
v -0.153000 -0.049438 0.005625
v -0.153000 -0.049438 0.011250
v -0.153000 -0.049813 0.033750
v -0.153000 -0.049625 0.039375
v -0.153000 -0.049813 0.039375
v -0.153000 -0.049625 0.028125
v -0.153000 -0.049438 0.028125
v -0.153000 -0.049438 0.033750
v -0.153000 -0.049813 0.011250
v -0.153000 -0.049625 0.016875
v -0.153000 -0.049813 0.016875
v -0.153000 -0.049062 0.033750
v -0.153000 -0.048875 0.039375
v -0.153000 -0.049062 0.039375
v -0.153000 -0.048875 0.005625
v -0.153000 -0.048688 0.005625
v -0.153000 -0.048688 0.011250
v -0.153000 -0.049062 -0.011250
v -0.153000 -0.048875 -0.005625
v -0.153000 -0.049062 -0.005625
v -0.153000 -0.047937 -0.033750
v -0.153000 -0.048125 -0.039375
v -0.153000 -0.047937 -0.039375
v -0.153000 -0.048125 -0.005625
v -0.153000 -0.048313 -0.005625
v -0.153000 -0.048313 -0.011250
v -0.153000 -0.047937 0.011250
v -0.153000 -0.048125 0.005625
v -0.153000 -0.047937 0.005625
v -0.328000 -0.049062 0.036250
v -0.340500 -0.048875 0.035625
v -0.340500 -0.049062 0.035625
v -0.265500 -0.048875 0.039375
v -0.265500 -0.048688 0.039375
v -0.278000 -0.048688 0.038750
v -0.228000 -0.049062 0.041250
v -0.240500 -0.048875 0.040625
v -0.240500 -0.049062 0.040625
v -0.178000 -0.047937 0.043750
v -0.165500 -0.048125 0.044375
v -0.165500 -0.047937 0.044375
v -0.240500 -0.048125 0.040625
v -0.240500 -0.048313 0.040625
v -0.228000 -0.048313 0.041250
v -0.278000 -0.047937 0.038750
v -0.265500 -0.048125 0.039375
v -0.265500 -0.047937 0.039375
v -0.353000 -0.049062 -0.026250
v -0.353000 -0.048875 -0.030625
v -0.353000 -0.049062 -0.030625
v -0.353000 -0.048875 -0.004375
v -0.353000 -0.048688 -0.004375
v -0.353000 -0.048688 -0.008750
v -0.353000 -0.049062 0.008750
v -0.353000 -0.048875 0.004375
v -0.353000 -0.049062 0.004375
v -0.353000 -0.047937 0.026250
v -0.353000 -0.048125 0.030625
v -0.353000 -0.047937 0.030625
v -0.353000 -0.048125 0.004375
v -0.353000 -0.048313 0.004375
v -0.353000 -0.048313 0.008750
v -0.353000 -0.047937 -0.008750
v -0.353000 -0.048125 -0.004375
v -0.353000 -0.047937 -0.004375
v -0.178000 -0.049062 -0.043750
v -0.165500 -0.048875 -0.044375
v -0.165500 -0.049062 -0.044375
v -0.240500 -0.048875 -0.040625
v -0.240500 -0.048688 -0.040625
v -0.228000 -0.048688 -0.041250
v -0.278000 -0.049062 -0.038750
v -0.265500 -0.048875 -0.039375
v -0.265500 -0.049062 -0.039375
v -0.328000 -0.047937 -0.036250
v -0.340500 -0.048125 -0.035625
v -0.340500 -0.047937 -0.035625
v -0.265500 -0.048125 -0.039375
v -0.265500 -0.048313 -0.039375
v -0.278000 -0.048313 -0.038750
v -0.228000 -0.047937 -0.041250
v -0.240500 -0.048125 -0.040625
v -0.240500 -0.047937 -0.040625
v -0.178000 -0.047000 -0.015625
v -0.165500 -0.047000 -0.010625
v -0.165500 -0.047000 -0.016250
v -0.240500 -0.047000 -0.006875
v -0.240500 -0.047000 -0.001250
v -0.228000 -0.047000 -0.001875
v -0.278000 -0.047000 -0.010625
v -0.265500 -0.047000 -0.005625
v -0.265500 -0.047000 -0.011250
v -0.328000 -0.047000 0.014375
v -0.340500 -0.047000 0.009375
v -0.340500 -0.047000 0.013750
v -0.265500 -0.047000 0.013125
v -0.265500 -0.047000 0.008750
v -0.278000 -0.047000 0.008125
v -0.228000 -0.047000 0.019375
v -0.240500 -0.047000 0.014375
v -0.240500 -0.047000 0.018750
v -0.178000 -0.050000 0.015625
v -0.165500 -0.050000 0.010625
v -0.165500 -0.050000 0.016250
v -0.240500 -0.050000 0.006875
v -0.240500 -0.050000 0.001250
v -0.228000 -0.050000 0.001875
v -0.278000 -0.050000 0.010625
v -0.265500 -0.050000 0.005625
v -0.265500 -0.050000 0.011250
v -0.328000 -0.050000 -0.014375
v -0.340500 -0.050000 -0.009375
v -0.340500 -0.050000 -0.013750
v -0.265500 -0.050000 -0.013125
v -0.265500 -0.050000 -0.008750
v -0.278000 -0.050000 -0.008125
v -0.228000 -0.050000 -0.019375
v -0.240500 -0.050000 -0.014375
v -0.240500 -0.050000 -0.018750
v -0.328000 -0.050000 0.020625
v -0.340500 -0.050000 0.025625
v -0.340500 -0.050000 0.021250
v -0.178000 -0.050000 -0.029375
v -0.165500 -0.050000 -0.034375
v -0.165500 -0.050000 -0.028750
v -0.328000 -0.047000 -0.020625
v -0.340500 -0.047000 -0.025625
v -0.340500 -0.047000 -0.021250
v -0.178000 -0.047000 0.029375
v -0.165500 -0.047000 0.034375
v -0.165500 -0.047000 0.028750
v -0.328000 -0.049438 -0.036250
v -0.340500 -0.049625 -0.035625
v -0.340500 -0.049438 -0.035625
v -0.178000 -0.047563 -0.043750
v -0.165500 -0.047375 -0.044375
v -0.165500 -0.047563 -0.044375
v -0.353000 -0.049438 0.026250
v -0.353000 -0.049625 0.030625
v -0.353000 -0.049438 0.030625
v -0.353000 -0.047563 -0.026250
v -0.353000 -0.047375 -0.030625
v -0.353000 -0.047563 -0.030625
v -0.178000 -0.049438 0.043750
v -0.165500 -0.049625 0.044375
v -0.165500 -0.049438 0.044375
v -0.328000 -0.047563 0.036250
v -0.340500 -0.047375 0.035625
v -0.340500 -0.047563 0.035625
v -0.153000 -0.049438 -0.033750
v -0.153000 -0.049625 -0.039375
v -0.153000 -0.049438 -0.039375
v -0.153000 -0.047563 0.033750
v -0.153000 -0.047375 0.039375
v -0.153000 -0.047563 0.039375
s 0
f 3077 3841 3842
f 3079 3843 3464
f 3081 3845 3466
f 3078 3463 3844
f 3083 3847 3468
f 3082 3467 3846
f 3080 3465 3857
f 3084 3469 3479
f 3077 3849 3852
f 3083 3480 3474
f 3079 3472 3854
f 3082 3848 3476
f 3098 3859 3494
f 3098 3860 3859
f 3092 3830 3501
f 3098 3862 3836
f 3098 3863 3862
f 3094 3490 3504
f 3096 3865 3492
f 3096 3866 3865
f 3102 3498 3507
f 3096 3868 3834
f 3096 3869 3868
f 3093 3831 3510
f 3101 3871 3497
f 3101 3872 3871
f 3091 3487 3513
f 3101 3874 3839
f 3101 3875 3874
f 3087 3483 3516
f 3090 3877 3828
f 3090 3878 3877
f 3089 3485 3519
f 3090 3880 3486
f 3090 3881 3880
f 3091 3829 3522
f 3088 3883 3826
f 3088 3884 3883
f 3085 3481 3525
f 3088 3886 3484
f 3088 3887 3886
f 3089 3827 3528
f 3086 3889 3482
f 3086 3890 3889
f 3087 3825 3531
f 3086 3892 3824
f 3086 3893 3892
f 3085 3823 3534
f 3174 3895 3606
f 3174 3896 3895
f 3103 3751 3609
f 3172 3898 3820
f 3172 3899 3898
f 3173 3821 3612
f 3104 3901 3752
f 3104 3902 3901
f 3172 3820 3615
f 3171 3904 3603
f 3171 3905 3904
f 3105 3753 3618
f 3169 3907 3817
f 3169 3908 3907
f 3170 3818 3621
f 3122 3910 3554
f 3122 3911 3910
f 3169 3817 3624
f 3168 3913 3600
f 3168 3914 3913
f 3107 3755 3627
f 3166 3916 3814
f 3166 3917 3916
f 3167 3815 3630
f 3124 3919 3556
f 3124 3920 3919
f 3166 3814 3633
f 3165 3922 3597
f 3165 3923 3922
f 3121 3553 3636
f 3163 3925 3811
f 3163 3926 3925
f 3164 3812 3639
f 3106 3928 3754
f 3106 3929 3928
f 3163 3811 3642
f 3162 3931 3594
f 3162 3932 3931
f 3109 3757 3645
f 3160 3934 3808
f 3160 3935 3934
f 3161 3809 3648
f 3126 3937 3558
f 3126 3938 3937
f 3160 3808 3651
f 3159 3940 3591
f 3159 3941 3940
f 3125 3557 3654
f 3157 3943 3805
f 3157 3944 3943
f 3158 3806 3657
f 3108 3946 3756
f 3108 3947 3946
f 3157 3805 3660
f 3156 3949 3588
f 3156 3950 3949
f 3123 3555 3663
f 3154 3952 3802
f 3154 3953 3952
f 3155 3803 3666
f 3119 3955 3767
f 3119 3956 3955
f 3154 3802 3669
f 3153 3958 3585
f 3153 3959 3958
f 3127 3559 3672
f 3151 3961 3799
f 3151 3962 3961
f 3152 3800 3675
f 3137 3964 3569
f 3137 3965 3964
f 3151 3799 3678
f 3150 3967 3582
f 3150 3968 3967
f 3111 3759 3681
f 3148 3970 3796
f 3148 3971 3970
f 3149 3797 3684
f 3114 3973 3762
f 3114 3974 3973
f 3148 3796 3687
f 3147 3976 3579
f 3147 3977 3976
f 3138 3570 3690
f 3145 3979 3793
f 3145 3980 3979
f 3146 3794 3693
f 3132 3982 3564
f 3132 3983 3982
f 3145 3793 3696
f 3144 3985 3576
f 3144 3986 3985
f 3130 3562 3699
f 3142 3988 3790
f 3142 3989 3988
f 3143 3791 3702
f 3116 3991 3764
f 3116 3992 3991
f 3142 3790 3705
f 3141 3994 3573
f 3141 3995 3994
f 3110 3758 3708
f 3139 3997 3787
f 3139 3998 3997
f 3140 3788 3711
f 3134 4000 3566
f 3134 4001 4000
f 3139 3787 3714
f 3116 4003 3548
f 3116 4004 4003
f 3128 3776 3717
f 3134 4006 3782
f 3134 4007 4006
f 3112 3544 3720
f 3114 4009 3546
f 3114 4010 4009
f 3120 3552 3723
f 3132 4012 3780
f 3132 4013 4012
f 3129 3777 3726
f 3119 4015 3551
f 3119 4016 4015
f 3109 3541 3729
f 3137 4018 3785
f 3137 4019 4018
f 3105 3537 3732
f 3126 4021 3774
f 3126 4022 4021
f 3107 3539 3735
f 3108 4024 3540
f 3108 4025 4024
f 3127 3775 3738
f 3124 4027 3772
f 3124 4028 4027
f 3103 3535 3741
f 3106 4030 3538
f 3106 4031 4030
f 3125 3773 3744
f 3104 4033 3536
f 3104 4034 4033
f 3123 3771 3747
f 3122 4036 3770
f 3122 4037 4036
f 3121 3769 3750
f 3462 4039 4038
f 3462 4040 4039
f 3193 3481 4041
f 3460 4042 3748
f 3460 4043 4042
f 3461 3749 4044
f 3194 4045 3482
f 3194 4046 4045
f 3460 3748 4047
f 3459 4048 4035
f 3459 4049 4048
f 3195 3483 4050
f 3457 4051 3745
f 3457 4052 4051
f 3458 3746 4053
f 3248 4054 3824
f 3248 4055 4054
f 3457 3745 4056
f 3456 4057 4032
f 3456 4058 4057
f 3197 3485 4059
f 3454 4060 3742
f 3454 4061 4060
f 3455 3743 4062
f 3250 4063 3826
f 3250 4064 4063
f 3454 3742 4065
f 3453 4066 4029
f 3453 4067 4066
f 3247 3823 4068
f 3451 4069 3739
f 3451 4070 4069
f 3452 3740 4071
f 3196 4072 3484
f 3196 4073 4072
f 3451 3739 4074
f 3450 4075 4026
f 3450 4076 4075
f 3199 3487 4077
f 3448 4078 3736
f 3448 4079 4078
f 3449 3737 4080
f 3252 4081 3828
f 3252 4082 4081
f 3448 3736 4083
f 3447 4084 4023
f 3447 4085 4084
f 3251 3827 4086
f 3445 4087 3733
f 3445 4088 4087
f 3446 3734 4089
f 3198 4090 3486
f 3198 4091 4090
f 3445 3733 4092
f 3444 4093 4020
f 3444 4094 4093
f 3249 3825 4095
f 3442 4096 3730
f 3442 4097 4096
f 3443 3731 4098
f 3209 4099 3497
f 3209 4100 4099
f 3442 3730 4101
f 3441 4102 4017
f 3441 4103 4102
f 3253 3829 4104
f 3439 4105 3727
f 3439 4106 4105
f 3440 3728 4107
f 3263 4108 3839
f 3263 4109 4108
f 3439 3727 4110
f 3438 4111 4014
f 3438 4112 4111
f 3201 3489 4113
f 3436 4114 3724
f 3436 4115 4114
f 3437 3725 4116
f 3204 4117 3492
f 3204 4118 4117
f 3436 3724 4119
f 3435 4120 4011
f 3435 4121 4120
f 3264 3840 4122
f 3433 4123 3721
f 3433 4124 4123
f 3434 3722 4125
f 3258 4126 3834
f 3258 4127 4126
f 3433 3721 4128
f 3432 4129 4008
f 3432 4130 4129
f 3256 3832 4131
f 3430 4132 3718
f 3430 4133 4132
f 3431 3719 4134
f 3206 4135 3494
f 3206 4136 4135
f 3430 3718 4137
f 3429 4138 4005
f 3429 4139 4138
f 3200 3488 4140
f 3427 4141 3715
f 3427 4142 4141
f 3428 3716 4143
f 3260 4144 3836
f 3260 4145 4144
f 3427 3715 4146
f 3426 4147 4002
f 3426 4148 4147
f 3211 3499 4149
f 3424 4150 3712
f 3424 4151 4150
f 3425 3713 4152
f 3278 4153 3854
f 3278 4154 4153
f 3424 3712 4155
f 3423 4156 3999
f 3423 4157 4156
f 3212 3500 4158
f 3421 4159 3709
f 3421 4160 4159
f 3422 3710 4161
f 3211 4162 3499
f 3211 4163 4162
f 3421 3709 4164
f 3420 4165 3996
f 3420 4166 4165
f 3182 3470 4167
f 3418 4168 3706
f 3418 4169 4168
f 3419 3707 4170
f 3285 4171 3861
f 3285 4172 4171
f 3418 3706 4173
f 3417 4174 3993
f 3417 4175 4174
f 3214 3502 4176
f 3415 4177 3703
f 3415 4178 4177
f 3416 3704 4179
f 3188 4180 3476
f 3188 4181 4180
f 3415 3703 4182
f 3414 4183 3990
f 3414 4184 4183
f 3215 3503 4185
f 3412 4186 3700
f 3412 4187 4186
f 3413 3701 4188
f 3214 4189 3502
f 3214 4190 4189
f 3412 3700 4191
f 3411 4192 3987
f 3411 4193 4192
f 3274 3850 4194
f 3409 4195 3697
f 3409 4196 4195
f 3410 3698 4197
f 3288 4198 3864
f 3288 4199 4198
f 3409 3697 4200
f 3408 4201 3984
f 3408 4202 4201
f 3217 3505 4203
f 3406 4204 3694
f 3406 4205 4204
f 3407 3695 4206
f 3276 4207 3852
f 3276 4208 4207
f 3406 3694 4209
f 3405 4210 3981
f 3405 4211 4210
f 3218 3506 4212
f 3403 4213 3691
f 3403 4214 4213
f 3404 3692 4215
f 3217 4216 3505
f 3217 4217 4216
f 3403 3691 4218
f 3402 4219 3978
f 3402 4220 4219
f 3282 3858 4221
f 3400 4222 3688
f 3400 4223 4222
f 3401 3689 4224
f 3291 4225 3867
f 3291 4226 4225
f 3400 3688 4227
f 3399 4228 3975
f 3399 4229 4228
f 3220 3508 4230
f 3397 4231 3685
f 3397 4232 4231
f 3398 3686 4233
f 3186 4234 3474
f 3186 4235 4234
f 3397 3685 4236
f 3396 4237 3972
f 3396 4238 4237
f 3221 3509 4239
f 3394 4240 3682
f 3394 4241 4240
f 3395 3683 4242
f 3220 4243 3508
f 3220 4244 4243
f 3394 3682 4245
f 3393 4246 3969
f 3393 4247 4246
f 3183 3471 4248
f 3391 4249 3679
f 3391 4250 4249
f 3392 3680 4251
f 3294 4252 3870
f 3294 4253 4252
f 3391 3679 4254
f 3390 4255 3966
f 3390 4256 4255
f 3223 3511 4257
f 3388 4258 3676
f 3388 4259 4258
f 3389 3677 4260
f 3281 4261 3857
f 3281 4262 4261
f 3388 3676 4263
f 3387 4264 3963
f 3387 4265 4264
f 3224 3512 4266
f 3385 4267 3673
f 3385 4268 4267
f 3386 3674 4269
f 3223 4270 3511
f 3223 4271 4270
f 3385 3673 4272
f 3384 4273 3960
f 3384 4274 4273
f 3271 3847 4275
f 3382 4276 3670
f 3382 4277 4276
f 3383 3671 4278
f 3297 4279 3873
f 3297 4280 4279
f 3382 3670 4281
f 3381 4282 3957
f 3381 4283 4282
f 3226 3514 4284
f 3379 4285 3667
f 3379 4286 4285
f 3380 3668 4287
f 3191 4288 3479
f 3191 4289 4288
f 3379 3667 4290
f 3378 4291 3954
f 3378 4292 4291
f 3227 3515 4293
f 3376 4294 3664
f 3376 4295 4294
f 3377 3665 4296
f 3226 4297 3514
f 3226 4298 4297
f 3376 3664 4299
f 3375 4300 3951
f 3375 4301 4300
f 3267 3843 4302
f 3373 4303 3661
f 3373 4304 4303
f 3374 3662 4305
f 3300 4306 3876
f 3300 4307 4306
f 3373 3661 4308
f 3372 4309 3948
f 3372 4310 4309
f 3229 3517 4311
f 3370 4312 3658
f 3370 4313 4312
f 3371 3659 4314
f 3180 4315 3468
f 3180 4316 4315
f 3370 3658 4317
f 3369 4318 3945
f 3369 4319 4318
f 3230 3518 4320
f 3367 4321 3655
f 3367 4322 4321
f 3368 3656 4323
f 3229 4324 3517
f 3229 4325 4324
f 3367 3655 4326
f 3366 4327 3942
f 3366 4328 4327
f 3269 3845 4329
f 3364 4330 3652
f 3364 4331 4330
f 3365 3653 4332
f 3303 4333 3879
f 3303 4334 4333
f 3364 3652 4335
f 3363 4336 3939
f 3363 4337 4336
f 3232 3520 4338
f 3361 4339 3649
f 3361 4340 4339
f 3362 3650 4341
f 3270 4342 3846
f 3270 4343 4342
f 3361 3649 4344
f 3360 4345 3936
f 3360 4346 4345
f 3233 3521 4347
f 3358 4348 3646
f 3358 4349 4348
f 3359 3647 4350
f 3232 4351 3520
f 3232 4352 4351
f 3358 3646 4353
f 3357 4354 3933
f 3357 4355 4354
f 3181 3469 4356
f 3355 4357 3643
f 3355 4358 4357
f 3356 3644 4359
f 3306 4360 3882
f 3306 4361 4360
f 3355 3643 4362
f 3354 4363 3930
f 3354 4364 4363
f 3235 3523 4365
f 3352 4366 3640
f 3352 4367 4366
f 3353 3641 4368
f 3178 4369 3466
f 3178 4370 4369
f 3352 3640 4371
f 3351 4372 3927
f 3351 4373 4372
f 3236 3524 4374
f 3349 4375 3637
f 3349 4376 4375
f 3350 3638 4377
f 3235 4378 3523
f 3235 4379 4378
f 3349 3637 4380
f 3348 4381 3924
f 3348 4382 4381
f 3265 3841 4383
f 3346 4384 3634
f 3346 4385 4384
f 3347 3635 4386
f 3309 4387 3885
f 3309 4388 4387
f 3346 3634 4389
f 3345 4390 3921
f 3345 4391 4390
f 3238 3526 4392
f 3343 4393 3631
f 3343 4394 4393
f 3344 3632 4395
f 3268 4396 3844
f 3268 4397 4396
f 3343 3631 4398
f 3342 4399 3918
f 3342 4400 4399
f 3239 3527 4401
f 3340 4402 3628
f 3340 4403 4402
f 3341 3629 4404
f 3238 4405 3526
f 3238 4406 4405
f 3340 3628 4407
f 3339 4408 3915
f 3339 4409 4408
f 3179 3467 4410
f 3337 4411 3625
f 3337 4412 4411
f 3338 3626 4413
f 3312 4414 3888
f 3312 4415 4414
f 3337 3625 4416
f 3336 4417 3912
f 3336 4418 4417
f 3241 3529 4419
f 3334 4420 3622
f 3334 4421 4420
f 3335 3623 4422
f 3266 4423 3842
f 3266 4424 4423
f 3334 3622 4425
f 3333 4426 3909
f 3333 4427 4426
f 3242 3530 4428
f 3331 4429 3619
f 3331 4430 4429
f 3332 3620 4431
f 3241 4432 3529
f 3241 4433 4432
f 3331 3619 4434
f 3330 4435 3906
f 3330 4436 4435
f 3177 3465 4437
f 3328 4438 3616
f 3328 4439 4438
f 3329 3617 4440
f 3315 4441 3891
f 3315 4442 4441
f 3328 3616 4443
f 3327 4444 3903
f 3327 4445 4444
f 3244 3532 4446
f 3325 4447 3613
f 3325 4448 4447
f 3326 3614 4449
f 3176 4450 3464
f 3176 4451 4450
f 3325 3613 4452
f 3324 4453 3900
f 3324 4454 4453
f 3245 3533 4455
f 3322 4456 3610
f 3322 4457 4456
f 3323 3611 4458
f 3244 4459 3532
f 3244 4460 4459
f 3322 3610 4461
f 3321 4462 3897
f 3321 4463 4462
f 3175 3463 4464
f 3319 4465 3607
f 3319 4466 4465
f 3320 3608 4467
f 3318 4468 3894
f 3318 4469 4468
f 3319 3607 4470
f 3246 4471 3822
f 3246 4472 4471
f 3247 3535 4473
f 3316 4474 3604
f 3316 4475 4474
f 3317 3605 4476
f 3248 4477 3536
f 3248 4478 4477
f 3316 3604 4479
f 3243 4480 3819
f 3243 4481 4480
f 3249 3537 4482
f 3313 4483 3601
f 3313 4484 4483
f 3314 3602 4485
f 3194 4486 3770
f 3194 4487 4486
f 3313 3601 4488
f 3240 4489 3816
f 3240 4490 4489
f 3251 3539 4491
f 3310 4492 3598
f 3310 4493 4492
f 3311 3599 4494
f 3196 4495 3772
f 3196 4496 4495
f 3310 3598 4497
f 3237 4498 3813
f 3237 4499 4498
f 3193 3769 4500
f 3307 4501 3595
f 3307 4502 4501
f 3308 3596 4503
f 3250 4504 3538
f 3250 4505 4504
f 3307 3595 4506
f 3234 4507 3810
f 3234 4508 4507
f 3253 3541 4509
f 3304 4510 3592
f 3304 4511 4510
f 3305 3593 4512
f 3198 4513 3774
f 3198 4514 4513
f 3304 3592 4515
f 3231 4516 3807
f 3231 4517 4516
f 3197 3773 4518
f 3301 4519 3589
f 3301 4520 4519
f 3302 3590 4521
f 3252 4522 3540
f 3252 4523 4522
f 3301 3589 4524
f 3228 4525 3804
f 3228 4526 4525
f 3195 3771 4527
f 3298 4528 3586
f 3298 4529 4528
f 3299 3587 4530
f 3263 4531 3551
f 3263 4532 4531
f 3298 3586 4533
f 3225 4534 3801
f 3225 4535 4534
f 3199 3775 4536
f 3295 4537 3583
f 3295 4538 4537
f 3296 3584 4539
f 3209 4540 3785
f 3209 4541 4540
f 3295 3583 4542
f 3222 4543 3798
f 3222 4544 4543
f 3255 3543 4545
f 3292 4546 3580
f 3292 4547 4546
f 3293 3581 4548
f 3258 4549 3546
f 3258 4550 4549
f 3292 3580 4551
f 3219 4552 3795
f 3219 4553 4552
f 3210 3786 4554
f 3289 4555 3577
f 3289 4556 4555
f 3290 3578 4557
f 3204 4558 3780
f 3204 4559 4558
f 3289 3577 4560
f 3216 4561 3792
f 3216 4562 4561
f 3202 3778 4563
f 3286 4564 3574
f 3286 4565 4564
f 3287 3575 4566
f 3260 4567 3548
f 3260 4568 4567
f 3286 3574 4569
f 3213 4570 3789
f 3213 4571 4570
f 3254 3542 4572
f 3283 4573 3571
f 3283 4574 4573
f 3284 3572 4575
f 3206 4576 3782
f 3206 4577 4576
f 3283 3571 4578
f 3188 4579 3764
f 3188 4580 4579
f 3272 3560 4581
f 3278 4582 3566
f 3278 4583 4582
f 3184 3760 4584
f 3186 4585 3762
f 3186 4586 4585
f 3192 3768 4587
f 3276 4588 3564
f 3276 4589 4588
f 3273 3561 4590
f 3191 4591 3767
f 3191 4592 4591
f 3181 3757 4593
f 3281 4594 3569
f 3281 4595 4594
f 3177 3753 4596
f 3270 4597 3558
f 3270 4598 4597
f 3179 3755 4599
f 3180 4600 3756
f 3180 4601 4600
f 3271 3559 4602
f 3268 4603 3556
f 3268 4604 4603
f 3175 3751 4605
f 3178 4606 3754
f 3178 4607 4606
f 3269 3557 4608
f 3176 4609 3752
f 3176 4610 4609
f 3267 3555 4611
f 3266 4612 3554
f 3266 4613 4612
f 3265 3553 4614
f 4614 3749 3461
f 4614 3553 3749
f 3553 3121 3749
f 4612 4614 3461
f 4612 4613 4614
f 4613 3265 4614
f 3554 4037 3122
f 3554 4612 4037
f 4612 3461 4037
f 4611 3746 3458
f 4611 3555 3746
f 3555 3123 3746
f 4609 4611 3458
f 4609 4610 4611
f 4610 3267 4611
f 3752 4034 3104
f 3752 4609 4034
f 4609 3458 4034
f 4608 3743 3455
f 4608 3557 3743
f 3557 3125 3743
f 4606 4608 3455
f 4606 4607 4608
f 4607 3269 4608
f 3754 4031 3106
f 3754 4606 4031
f 4606 3455 4031
f 4605 3740 3452
f 4605 3751 3740
f 3751 3103 3740
f 4603 4605 3452
f 4603 4604 4605
f 4604 3175 4605
f 3556 4028 3124
f 3556 4603 4028
f 4603 3452 4028
f 4602 3737 3449
f 4602 3559 3737
f 3559 3127 3737
f 4600 4602 3449
f 4600 4601 4602
f 4601 3271 4602
f 3756 4025 3108
f 3756 4600 4025
f 4600 3449 4025
f 4599 3734 3446
f 4599 3755 3734
f 3755 3107 3734
f 4597 4599 3446
f 4597 4598 4599
f 4598 3179 4599
f 3558 4022 3126
f 3558 4597 4022
f 4597 3446 4022
f 4596 3731 3443
f 4596 3753 3731
f 3753 3105 3731
f 4594 4596 3443
f 4594 4595 4596
f 4595 3177 4596
f 3569 4019 3137
f 3569 4594 4019
f 4594 3443 4019
f 4593 3728 3440
f 4593 3757 3728
f 3757 3109 3728
f 4591 4593 3440
f 4591 4592 4593
f 4592 3181 4593
f 3767 4016 3119
f 3767 4591 4016
f 4591 3440 4016
f 4590 3725 3437
f 4590 3561 3725
f 3561 3129 3725
f 4588 4590 3437
f 4588 4589 4590
f 4589 3273 4590
f 3564 4013 3132
f 3564 4588 4013
f 4588 3437 4013
f 4587 3722 3434
f 4587 3768 3722
f 3768 3120 3722
f 4585 4587 3434
f 4585 4586 4587
f 4586 3192 4587
f 3762 4010 3114
f 3762 4585 4010
f 4585 3434 4010
f 4584 3719 3431
f 4584 3760 3719
f 3760 3112 3719
f 4582 4584 3431
f 4582 4583 4584
f 4583 3184 4584
f 3566 4007 3134
f 3566 4582 4007
f 4582 3431 4007
f 4581 3716 3428
f 4581 3560 3716
f 3560 3128 3716
f 4579 4581 3428
f 4579 4580 4581
f 4580 3272 4581
f 3764 4004 3116
f 3764 4579 4004
f 4579 3428 4004
f 4578 3713 3425
f 4578 3571 3713
f 3571 3139 3713
f 4576 4578 3425
f 4576 4577 4578
f 4577 3283 4578
f 3782 4001 3134
f 3782 4576 4001
f 4576 3425 4001
f 4575 3710 3422
f 4575 3572 3710
f 3572 3140 3710
f 4573 4575 3422
f 4573 4574 4575
f 4574 3284 4575
f 3571 3998 3139
f 3571 4573 3998
f 4573 3422 3998
f 4572 3707 3419
f 4572 3542 3707
f 3542 3110 3707
f 4570 4572 3419
f 4570 4571 4572
f 4571 3254 4572
f 3789 3995 3141
f 3789 4570 3995
f 4570 3419 3995
f 4569 3704 3416
f 4569 3574 3704
f 3574 3142 3704
f 4567 4569 3416
f 4567 4568 4569
f 4568 3286 4569
f 3548 3992 3116
f 3548 4567 3992
f 4567 3416 3992
f 4566 3701 3413
f 4566 3575 3701
f 3575 3143 3701
f 4564 4566 3413
f 4564 4565 4566
f 4565 3287 4566
f 3574 3989 3142
f 3574 4564 3989
f 4564 3413 3989
f 4563 3698 3410
f 4563 3778 3698
f 3778 3130 3698
f 4561 4563 3410
f 4561 4562 4563
f 4562 3202 4563
f 3792 3986 3144
f 3792 4561 3986
f 4561 3410 3986
f 4560 3695 3407
f 4560 3577 3695
f 3577 3145 3695
f 4558 4560 3407
f 4558 4559 4560
f 4559 3289 4560
f 3780 3983 3132
f 3780 4558 3983
f 4558 3407 3983
f 4557 3692 3404
f 4557 3578 3692
f 3578 3146 3692
f 4555 4557 3404
f 4555 4556 4557
f 4556 3290 4557
f 3577 3980 3145
f 3577 4555 3980
f 4555 3404 3980
f 4554 3689 3401
f 4554 3786 3689
f 3786 3138 3689
f 4552 4554 3401
f 4552 4553 4554
f 4553 3210 4554
f 3795 3977 3147
f 3795 4552 3977
f 4552 3401 3977
f 4551 3686 3398
f 4551 3580 3686
f 3580 3148 3686
f 4549 4551 3398
f 4549 4550 4551
f 4550 3292 4551
f 3546 3974 3114
f 3546 4549 3974
f 4549 3398 3974
f 4548 3683 3395
f 4548 3581 3683
f 3581 3149 3683
f 4546 4548 3395
f 4546 4547 4548
f 4547 3293 4548
f 3580 3971 3148
f 3580 4546 3971
f 4546 3395 3971
f 4545 3680 3392
f 4545 3543 3680
f 3543 3111 3680
f 4543 4545 3392
f 4543 4544 4545
f 4544 3255 4545
f 3798 3968 3150
f 3798 4543 3968
f 4543 3392 3968
f 4542 3677 3389
f 4542 3583 3677
f 3583 3151 3677
f 4540 4542 3389
f 4540 4541 4542
f 4541 3295 4542
f 3785 3965 3137
f 3785 4540 3965
f 4540 3389 3965
f 4539 3674 3386
f 4539 3584 3674
f 3584 3152 3674
f 4537 4539 3386
f 4537 4538 4539
f 4538 3296 4539
f 3583 3962 3151
f 3583 4537 3962
f 4537 3386 3962
f 4536 3671 3383
f 4536 3775 3671
f 3775 3127 3671
f 4534 4536 3383
f 4534 4535 4536
f 4535 3199 4536
f 3801 3959 3153
f 3801 4534 3959
f 4534 3383 3959
f 4533 3668 3380
f 4533 3586 3668
f 3586 3154 3668
f 4531 4533 3380
f 4531 4532 4533
f 4532 3298 4533
f 3551 3956 3119
f 3551 4531 3956
f 4531 3380 3956
f 4530 3665 3377
f 4530 3587 3665
f 3587 3155 3665
f 4528 4530 3377
f 4528 4529 4530
f 4529 3299 4530
f 3586 3953 3154
f 3586 4528 3953
f 4528 3377 3953
f 4527 3662 3374
f 4527 3771 3662
f 3771 3123 3662
f 4525 4527 3374
f 4525 4526 4527
f 4526 3195 4527
f 3804 3950 3156
f 3804 4525 3950
f 4525 3374 3950
f 4524 3659 3371
f 4524 3589 3659
f 3589 3157 3659
f 4522 4524 3371
f 4522 4523 4524
f 4523 3301 4524
f 3540 3947 3108
f 3540 4522 3947
f 4522 3371 3947
f 4521 3656 3368
f 4521 3590 3656
f 3590 3158 3656
f 4519 4521 3368
f 4519 4520 4521
f 4520 3302 4521
f 3589 3944 3157
f 3589 4519 3944
f 4519 3368 3944
f 4518 3653 3365
f 4518 3773 3653
f 3773 3125 3653
f 4516 4518 3365
f 4516 4517 4518
f 4517 3197 4518
f 3807 3941 3159
f 3807 4516 3941
f 4516 3365 3941
f 4515 3650 3362
f 4515 3592 3650
f 3592 3160 3650
f 4513 4515 3362
f 4513 4514 4515
f 4514 3304 4515
f 3774 3938 3126
f 3774 4513 3938
f 4513 3362 3938
f 4512 3647 3359
f 4512 3593 3647
f 3593 3161 3647
f 4510 4512 3359
f 4510 4511 4512
f 4511 3305 4512
f 3592 3935 3160
f 3592 4510 3935
f 4510 3359 3935
f 4509 3644 3356
f 4509 3541 3644
f 3541 3109 3644
f 4507 4509 3356
f 4507 4508 4509
f 4508 3253 4509
f 3810 3932 3162
f 3810 4507 3932
f 4507 3356 3932
f 4506 3641 3353
f 4506 3595 3641
f 3595 3163 3641
f 4504 4506 3353
f 4504 4505 4506
f 4505 3307 4506
f 3538 3929 3106
f 3538 4504 3929
f 4504 3353 3929
f 4503 3638 3350
f 4503 3596 3638
f 3596 3164 3638
f 4501 4503 3350
f 4501 4502 4503
f 4502 3308 4503
f 3595 3926 3163
f 3595 4501 3926
f 4501 3350 3926
f 4500 3635 3347
f 4500 3769 3635
f 3769 3121 3635
f 4498 4500 3347
f 4498 4499 4500
f 4499 3193 4500
f 3813 3923 3165
f 3813 4498 3923
f 4498 3347 3923
f 4497 3632 3344
f 4497 3598 3632
f 3598 3166 3632
f 4495 4497 3344
f 4495 4496 4497
f 4496 3310 4497
f 3772 3920 3124
f 3772 4495 3920
f 4495 3344 3920
f 4494 3629 3341
f 4494 3599 3629
f 3599 3167 3629
f 4492 4494 3341
f 4492 4493 4494
f 4493 3311 4494
f 3598 3917 3166
f 3598 4492 3917
f 4492 3341 3917
f 4491 3626 3338
f 4491 3539 3626
f 3539 3107 3626
f 4489 4491 3338
f 4489 4490 4491
f 4490 3251 4491
f 3816 3914 3168
f 3816 4489 3914
f 4489 3338 3914
f 4488 3623 3335
f 4488 3601 3623
f 3601 3169 3623
f 4486 4488 3335
f 4486 4487 4488
f 4487 3313 4488
f 3770 3911 3122
f 3770 4486 3911
f 4486 3335 3911
f 4485 3620 3332
f 4485 3602 3620
f 3602 3170 3620
f 4483 4485 3332
f 4483 4484 4485
f 4484 3314 4485
f 3601 3908 3169
f 3601 4483 3908
f 4483 3332 3908
f 4482 3617 3329
f 4482 3537 3617
f 3537 3105 3617
f 4480 4482 3329
f 4480 4481 4482
f 4481 3249 4482
f 3819 3905 3171
f 3819 4480 3905
f 4480 3329 3905
f 4479 3614 3326
f 4479 3604 3614
f 3604 3172 3614
f 4477 4479 3326
f 4477 4478 4479
f 4478 3316 4479
f 3536 3902 3104
f 3536 4477 3902
f 4477 3326 3902
f 4476 3611 3323
f 4476 3605 3611
f 3605 3173 3611
f 4474 4476 3323
f 4474 4475 4476
f 4475 3317 4476
f 3604 3899 3172
f 3604 4474 3899
f 4474 3323 3899
f 4473 3608 3320
f 4473 3535 3608
f 3535 3103 3608
f 4471 4473 3320
f 4471 4472 4473
f 4472 3247 4473
f 3822 3896 3174
f 3822 4471 3896
f 4471 3320 3896
f 4470 3778 3202
f 4470 3607 3778
f 3607 3130 3778
f 4468 4470 3202
f 4468 4469 4470
f 4469 3319 4470
f 3894 3490 3094
f 3894 4468 3490
f 4468 3202 3490
f 4467 3609 3321
f 4467 3608 3609
f 3608 3103 3609
f 4465 4467 3321
f 4465 4466 4467
f 4466 3320 4467
f 3607 3897 3130
f 3607 4465 3897
f 4465 3321 3897
f 4464 3850 3274
f 4464 3463 3850
f 3463 3078 3850
f 4462 4464 3274
f 4462 4463 4464
f 4463 3175 4464
f 3897 3562 3130
f 3897 4462 3562
f 4462 3274 3562
f 4461 3606 3318
f 4461 3610 3606
f 3610 3174 3606
f 4459 4461 3318
f 4459 4460 4461
f 4460 3322 4461
f 3532 3894 3094
f 3532 4459 3894
f 4459 3318 3894
f 4458 3612 3324
f 4458 3611 3612
f 3611 3173 3612
f 4456 4458 3324
f 4456 4457 4458
f 4457 3323 4458
f 3610 3900 3174
f 3610 4456 3900
f 4456 3324 3900
f 4455 3534 3246
f 4455 3533 3534
f 3533 3085 3534
f 4453 4455 3246
f 4453 4454 4455
f 4454 3245 4455
f 3900 3822 3174
f 3900 4453 3822
f 4453 3246 3822
f 4452 3760 3184
f 4452 3613 3760
f 3613 3112 3760
f 4450 4452 3184
f 4450 4451 4452
f 4451 3325 4452
f 3464 3472 3079
f 3464 4450 3472
f 4450 3184 3472
f 4449 3615 3327
f 4449 3614 3615
f 3614 3172 3615
f 4447 4449 3327
f 4447 4448 4449
f 4448 3326 4449
f 3613 3903 3112
f 3613 4447 3903
f 4447 3327 3903
f 4446 3832 3256
f 4446 3532 3832
f 3532 3094 3832
f 4444 4446 3256
f 4444 4445 4446
f 4445 3244 4446
f 3903 3544 3112
f 3903 4444 3544
f 4444 3256 3544
f 4443 3543 3255
f 4443 3616 3543
f 3616 3111 3543
f 4441 4443 3255
f 4441 4442 4443
f 4442 3328 4443
f 3891 3831 3093
f 3891 4441 3831
f 4441 3255 3831
f 4440 3618 3330
f 4440 3617 3618
f 3617 3105 3618
f 4438 4440 3330
f 4438 4439 4440
f 4439 3329 4440
f 3616 3906 3111
f 3616 4438 3906
f 4438 3330 3906
f 4437 3471 3183
f 4437 3465 3471
f 3465 3080 3471
f 4435 4437 3183
f 4435 4436 4437
f 4436 3177 4437
f 3906 3759 3111
f 3906 4435 3759
f 4435 3183 3759
f 4434 3603 3315
f 4434 3619 3603
f 3619 3171 3603
f 4432 4434 3315
f 4432 4433 4434
f 4433 3331 4434
f 3529 3891 3093
f 3529 4432 3891
f 4432 3315 3891
f 4431 3621 3333
f 4431 3620 3621
f 3620 3170 3621
f 4429 4431 3333
f 4429 4430 4431
f 4430 3332 4431
f 3619 3909 3171
f 3619 4429 3909
f 4429 3333 3909
f 4428 3531 3243
f 4428 3530 3531
f 3530 3087 3531
f 4426 4428 3243
f 4426 4427 4428
f 4427 3242 4428
f 3909 3819 3171
f 3909 4426 3819
f 4426 3243 3819
f 4425 3561 3273
f 4425 3622 3561
f 3622 3129 3561
f 4423 4425 3273
f 4423 4424 4425
f 4424 3334 4425
f 3842 3849 3077
f 3842 4423 3849
f 4423 3273 3849
f 4422 3624 3336
f 4422 3623 3624
f 3623 3169 3624
f 4420 4422 3336
f 4420 4421 4422
f 4421 3335 4422
f 3622 3912 3129
f 3622 4420 3912
f 4420 3336 3912
f 4419 3489 3201
f 4419 3529 3489
f 3529 3093 3489
f 4417 4419 3201
f 4417 4418 4419
f 4418 3241 4419
f 3912 3777 3129
f 3912 4417 3777
f 4417 3201 3777
f 4416 3547 3259
f 4416 3625 3547
f 3625 3115 3547
f 4414 4416 3259
f 4414 4415 4416
f 4415 3337 4416
f 3888 3835 3097
f 3888 4414 3835
f 4414 3259 3835
f 4413 3627 3339
f 4413 3626 3627
f 3626 3107 3627
f 4411 4413 3339
f 4411 4412 4413
f 4412 3338 4413
f 3625 3915 3115
f 3625 4411 3915
f 4411 3339 3915
f 4410 3475 3187
f 4410 3467 3475
f 3467 3082 3475
f 4408 4410 3187
f 4408 4409 4410
f 4409 3179 4410
f 3915 3763 3115
f 3915 4408 3763
f 4408 3187 3763
f 4407 3600 3312
f 4407 3628 3600
f 3628 3168 3600
f 4405 4407 3312
f 4405 4406 4407
f 4406 3340 4407
f 3526 3888 3097
f 3526 4405 3888
f 4405 3312 3888
f 4404 3630 3342
f 4404 3629 3630
f 3629 3167 3630
f 4402 4404 3342
f 4402 4403 4404
f 4403 3341 4404
f 3628 3918 3168
f 3628 4402 3918
f 4402 3342 3918
f 4401 3528 3240
f 4401 3527 3528
f 3527 3089 3528
f 4399 4401 3240
f 4399 4400 4401
f 4400 3239 4401
f 3918 3816 3168
f 3918 4399 3816
f 4399 3240 3816
f 4398 3565 3277
f 4398 3631 3565
f 3631 3133 3565
f 4396 4398 3277
f 4396 4397 4398
f 4397 3343 4398
f 3844 3853 3078
f 3844 4396 3853
f 4396 3277 3853
f 4395 3633 3345
f 4395 3632 3633
f 3632 3166 3633
f 4393 4395 3345
f 4393 4394 4395
f 4394 3344 4395
f 3631 3921 3133
f 3631 4393 3921
f 4393 3345 3921
f 4392 3493 3205
f 4392 3526 3493
f 3526 3097 3493
f 4390 4392 3205
f 4390 4391 4392
f 4391 3238 4392
f 3921 3781 3133
f 3921 4390 3781
f 4390 3205 3781
f 4389 3779 3203
f 4389 3634 3779
f 3634 3131 3779
f 4387 4389 3203
f 4387 4388 4389
f 4388 3346 4389
f 3885 3491 3095
f 3885 4387 3491
f 4387 3203 3491
f 4386 3636 3348
f 4386 3635 3636
f 3635 3121 3636
f 4384 4386 3348
f 4384 4385 4386
f 4385 3347 4386
f 3634 3924 3131
f 3634 4384 3924
f 4384 3348 3924
f 4383 3851 3275
f 4383 3841 3851
f 3841 3077 3851
f 4381 4383 3275
f 4381 4382 4383
f 4382 3265 4383
f 3924 3563 3131
f 3924 4381 3563
f 4381 3275 3563
f 4380 3597 3309
f 4380 3637 3597
f 3637 3165 3597
f 4378 4380 3309
f 4378 4379 4380
f 4379 3349 4380
f 3523 3885 3095
f 3523 4378 3885
f 4378 3309 3885
f 4377 3639 3351
f 4377 3638 3639
f 3638 3164 3639
f 4375 4377 3351
f 4375 4376 4377
f 4376 3350 4377
f 3637 3927 3165
f 3637 4375 3927
f 4375 3351 3927
f 4374 3525 3237
f 4374 3524 3525
f 3524 3085 3525
f 4372 4374 3237
f 4372 4373 4374
f 4373 3236 4374
f 3927 3813 3165
f 3927 4372 3813
f 4372 3237 3813
f 4371 3761 3185
f 4371 3640 3761
f 3640 3113 3761
f 4369 4371 3185
f 4369 4370 4371
f 4370 3352 4371
f 3466 3473 3081
f 3466 4369 3473
f 4369 3185 3473
f 4368 3642 3354
f 4368 3641 3642
f 3641 3163 3642
f 4366 4368 3354
f 4366 4367 4368
f 4367 3353 4368
f 3640 3930 3113
f 3640 4366 3930
f 4366 3354 3930
f 4365 3833 3257
f 4365 3523 3833
f 3523 3095 3833
f 4363 4365 3257
f 4363 4364 4365
f 4364 3235 4365
f 3930 3545 3113
f 3930 4363 3545
f 4363 3257 3545
f 4362 3542 3254
f 4362 3643 3542
f 3643 3110 3542
f 4360 4362 3254
f 4360 4361 4362
f 4361 3355 4362
f 3882 3830 3092
f 3882 4360 3830
f 4360 3254 3830
f 4359 3645 3357
f 4359 3644 3645
f 3644 3109 3645
f 4357 4359 3357
f 4357 4358 4359
f 4358 3356 4359
f 3643 3933 3110
f 3643 4357 3933
f 4357 3357 3933
f 4356 3470 3182
f 4356 3469 3470
f 3469 3084 3470
f 4354 4356 3182
f 4354 4355 4356
f 4355 3181 4356
f 3933 3758 3110
f 3933 4354 3758
f 4354 3182 3758
f 4353 3594 3306
f 4353 3646 3594
f 3646 3162 3594
f 4351 4353 3306
f 4351 4352 4353
f 4352 3358 4353
f 3520 3882 3092
f 3520 4351 3882
f 4351 3306 3882
f 4350 3648 3360
f 4350 3647 3648
f 3647 3161 3648
f 4348 4350 3360
f 4348 4349 4350
f 4349 3359 4350
f 3646 3936 3162
f 3646 4348 3936
f 4348 3360 3936
f 4347 3522 3234
f 4347 3521 3522
f 3521 3091 3522
f 4345 4347 3234
f 4345 4346 4347
f 4346 3233 4347
f 3936 3810 3162
f 3936 4345 3810
f 4345 3234 3810
f 4344 3560 3272
f 4344 3649 3560
f 3649 3128 3560
f 4342 4344 3272
f 4342 4343 4344
f 4343 3361 4344
f 3846 3848 3082
f 3846 4342 3848
f 4342 3272 3848
f 4341 3651 3363
f 4341 3650 3651
f 3650 3160 3651
f 4339 4341 3363
f 4339 4340 4341
f 4340 3362 4341
f 3649 3939 3128
f 3649 4339 3939
f 4339 3363 3939
f 4338 3488 3200
f 4338 3520 3488
f 3520 3092 3488
f 4336 4338 3200
f 4336 4337 4338
f 4337 3232 4338
f 3939 3776 3128
f 3939 4336 3776
f 4336 3200 3776
f 4335 3786 3210
f 4335 3652 3786
f 3652 3138 3786
f 4333 4335 3210
f 4333 4334 4335
f 4334 3364 4335
f 3879 3498 3102
f 3879 4333 3498
f 4333 3210 3498
f 4332 3654 3366
f 4332 3653 3654
f 3653 3125 3654
f 4330 4332 3366
f 4330 4331 4332
f 4331 3365 4332
f 3652 3942 3138
f 3652 4330 3942
f 4330 3366 3942
f 4329 3858 3282
f 4329 3845 3858
f 3845 3081 3858
f 4327 4329 3282
f 4327 4328 4329
f 4328 3269 4329
f 3942 3570 3138
f 3942 4327 3570
f 4327 3282 3570
f 4326 3591 3303
f 4326 3655 3591
f 3655 3159 3591
f 4324 4326 3303
f 4324 4325 4326
f 4325 3367 4326
f 3517 3879 3102
f 3517 4324 3879
f 4324 3303 3879
f 4323 3657 3369
f 4323 3656 3657
f 3656 3158 3657
f 4321 4323 3369
f 4321 4322 4323
f 4322 3368 4323
f 3655 3945 3159
f 3655 4321 3945
f 4321 3369 3945
f 4320 3519 3231
f 4320 3518 3519
f 3518 3089 3519
f 4318 4320 3231
f 4318 4319 4320
f 4319 3230 4320
f 3945 3807 3159
f 3945 4318 3807
f 4318 3231 3807
f 4317 3768 3192
f 4317 3658 3768
f 3658 3120 3768
f 4315 4317 3192
f 4315 4316 4317
f 4316 3370 4317
f 3468 3480 3083
f 3468 4315 3480
f 4315 3192 3480
f 4314 3660 3372
f 4314 3659 3660
f 3659 3157 3660
f 4312 4314 3372
f 4312 4313 4314
f 4313 3371 4314
f 3658 3948 3120
f 3658 4312 3948
f 4312 3372 3948
f 4311 3840 3264
f 4311 3517 3840
f 3517 3102 3840
f 4309 4311 3264
f 4309 4310 4311
f 4310 3229 4311
f 3948 3552 3120
f 3948 4309 3552
f 4309 3264 3552
f 4308 3783 3207
f 4308 3661 3783
f 3661 3135 3783
f 4306 4308 3207
f 4306 4307 4308
f 4307 3373 4308
f 3876 3495 3099
f 3876 4306 3495
f 4306 3207 3495
f 4305 3663 3375
f 4305 3662 3663
f 3662 3123 3663
f 4303 4305 3375
f 4303 4304 4305
f 4304 3374 4305
f 3661 3951 3135
f 3661 4303 3951
f 4303 3375 3951
f 4302 3855 3279
f 4302 3843 3855
f 3843 3079 3855
f 4300 4302 3279
f 4300 4301 4302
f 4301 3267 4302
f 3951 3567 3135
f 3951 4300 3567
f 4300 3279 3567
f 4299 3588 3300
f 4299 3664 3588
f 3664 3156 3588
f 4297 4299 3300
f 4297 4298 4299
f 4298 3376 4299
f 3514 3876 3099
f 3514 4297 3876
f 4297 3300 3876
f 4296 3666 3378
f 4296 3665 3666
f 3665 3155 3666
f 4294 4296 3378
f 4294 4295 4296
f 4295 3377 4296
f 3664 3954 3156
f 3664 4294 3954
f 4294 3378 3954
f 4293 3516 3228
f 4293 3515 3516
f 3515 3087 3516
f 4291 4293 3228
f 4291 4292 4293
f 4292 3227 4293
f 3954 3804 3156
f 3954 4291 3804
f 4291 3228 3804
f 4290 3765 3189
f 4290 3667 3765
f 3667 3117 3765
f 4288 4290 3189
f 4288 4289 4290
f 4289 3379 4290
f 3479 3477 3084
f 3479 4288 3477
f 4288 3189 3477
f 4287 3669 3381
f 4287 3668 3669
f 3668 3154 3669
f 4285 4287 3381
f 4285 4286 4287
f 4286 3380 4287
f 3667 3957 3117
f 3667 4285 3957
f 4285 3381 3957
f 4284 3837 3261
f 4284 3514 3837
f 3514 3099 3837
f 4282 4284 3261
f 4282 4283 4284
f 4283 3226 4284
f 3957 3549 3117
f 3957 4282 3549
f 4282 3261 3549
f 4281 3550 3262
f 4281 3670 3550
f 3670 3118 3550
f 4279 4281 3262
f 4279 4280 4281
f 4280 3382 4281
f 3873 3838 3100
f 3873 4279 3838
f 4279 3262 3838
f 4278 3672 3384
f 4278 3671 3672
f 3671 3127 3672
f 4276 4278 3384
f 4276 4277 4278
f 4277 3383 4278
f 3670 3960 3118
f 3670 4276 3960
f 4276 3384 3960
f 4275 3478 3190
f 4275 3847 3478
f 3847 3083 3478
f 4273 4275 3190
f 4273 4274 4275
f 4274 3271 4275
f 3960 3766 3118
f 3960 4273 3766
f 4273 3190 3766
f 4272 3585 3297
f 4272 3673 3585
f 3673 3153 3585
f 4270 4272 3297
f 4270 4271 4272
f 4271 3385 4272
f 3511 3873 3100
f 3511 4270 3873
f 4270 3297 3873
f 4269 3675 3387
f 4269 3674 3675
f 3674 3152 3675
f 4267 4269 3387
f 4267 4268 4269
f 4268 3386 4269
f 3673 3963 3153
f 3673 4267 3963
f 4267 3387 3963
f 4266 3513 3225
f 4266 3512 3513
f 3512 3091 3513
f 4264 4266 3225
f 4264 4265 4266
f 4265 3224 4266
f 3963 3801 3153
f 3963 4264 3801
f 4264 3225 3801
f 4263 3568 3280
f 4263 3676 3568
f 3676 3136 3568
f 4261 4263 3280
f 4261 4262 4263
f 4262 3388 4263
f 3857 3856 3080
f 3857 4261 3856
f 4261 3280 3856
f 4260 3678 3390
f 4260 3677 3678
f 3677 3151 3678
f 4258 4260 3390
f 4258 4259 4260
f 4259 3389 4260
f 3676 3966 3136
f 3676 4258 3966
f 4258 3390 3966
f 4257 3496 3208
f 4257 3511 3496
f 3511 3100 3496
f 4255 4257 3208
f 4255 4256 4257
f 4256 3223 4257
f 3966 3784 3136
f 3966 4255 3784
f 4255 3208 3784
f 4254 3784 3208
f 4254 3679 3784
f 3679 3136 3784
f 4252 4254 3208
f 4252 4253 4254
f 4253 3391 4254
f 3870 3496 3100
f 3870 4252 3496
f 4252 3208 3496
f 4251 3681 3393
f 4251 3680 3681
f 3680 3111 3681
f 4249 4251 3393
f 4249 4250 4251
f 4250 3392 4251
f 3679 3969 3136
f 3679 4249 3969
f 4249 3393 3969
f 4248 3856 3280
f 4248 3471 3856
f 3471 3080 3856
f 4246 4248 3280
f 4246 4247 4248
f 4247 3183 4248
f 3969 3568 3136
f 3969 4246 3568
f 4246 3280 3568
f 4245 3582 3294
f 4245 3682 3582
f 3682 3150 3582
f 4243 4245 3294
f 4243 4244 4245
f 4244 3394 4245
f 3508 3870 3100
f 3508 4243 3870
f 4243 3294 3870
f 4242 3684 3396
f 4242 3683 3684
f 3683 3149 3684
f 4240 4242 3396
f 4240 4241 4242
f 4241 3395 4242
f 3682 3972 3150
f 3682 4240 3972
f 4240 3396 3972
f 4239 3510 3222
f 4239 3509 3510
f 3509 3093 3510
f 4237 4239 3222
f 4237 4238 4239
f 4238 3221 4239
f 3972 3798 3150
f 3972 4237 3798
f 4237 3222 3798
f 4236 3766 3190
f 4236 3685 3766
f 3685 3118 3766
f 4234 4236 3190
f 4234 4235 4236
f 4235 3397 4236
f 3474 3478 3083
f 3474 4234 3478
f 4234 3190 3478
f 4233 3687 3399
f 4233 3686 3687
f 3686 3148 3687
f 4231 4233 3399
f 4231 4232 4233
f 4232 3398 4233
f 3685 3975 3118
f 3685 4231 3975
f 4231 3399 3975
f 4230 3838 3262
f 4230 3508 3838
f 3508 3100 3838
f 4228 4230 3262
f 4228 4229 4230
f 4229 3220 4230
f 3975 3550 3118
f 3975 4228 3550
f 4228 3262 3550
f 4227 3545 3257
f 4227 3688 3545
f 3688 3113 3545
f 4225 4227 3257
f 4225 4226 4227
f 4226 3400 4227
f 3867 3833 3095
f 3867 4225 3833
f 4225 3257 3833
f 4224 3690 3402
f 4224 3689 3690
f 3689 3138 3690
f 4222 4224 3402
f 4222 4223 4224
f 4223 3401 4224
f 3688 3978 3113
f 3688 4222 3978
f 4222 3402 3978
f 4221 3473 3185
f 4221 3858 3473
f 3858 3081 3473
f 4219 4221 3185
f 4219 4220 4221
f 4220 3282 4221
f 3978 3761 3113
f 3978 4219 3761
f 4219 3185 3761
f 4218 3579 3291
f 4218 3691 3579
f 3691 3147 3579
f 4216 4218 3291
f 4216 4217 4218
f 4217 3403 4218
f 3505 3867 3095
f 3505 4216 3867
f 4216 3291 3867
f 4215 3693 3405
f 4215 3692 3693
f 3692 3146 3693
f 4213 4215 3405
f 4213 4214 4215
f 4214 3404 4215
f 3691 3981 3147
f 3691 4213 3981
f 4213 3405 3981
f 4212 3507 3219
f 4212 3506 3507
f 3506 3102 3507
f 4210 4212 3219
f 4210 4211 4212
f 4211 3218 4212
f 3981 3795 3147
f 3981 4210 3795
f 4210 3219 3795
f 4209 3563 3275
f 4209 3694 3563
f 3694 3131 3563
f 4207 4209 3275
f 4207 4208 4209
f 4208 3406 4209
f 3852 3851 3077
f 3852 4207 3851
f 4207 3275 3851
f 4206 3696 3408
f 4206 3695 3696
f 3695 3145 3696
f 4204 4206 3408
f 4204 4205 4206
f 4205 3407 4206
f 3694 3984 3131
f 3694 4204 3984
f 4204 3408 3984
f 4203 3491 3203
f 4203 3505 3491
f 3505 3095 3491
f 4201 4203 3203
f 4201 4202 4203
f 4202 3217 4203
f 3984 3779 3131
f 3984 4201 3779
f 4201 3203 3779
f 4200 3781 3205
f 4200 3697 3781
f 3697 3133 3781
f 4198 4200 3205
f 4198 4199 4200
f 4199 3409 4200
f 3864 3493 3097
f 3864 4198 3493
f 4198 3205 3493
f 4197 3699 3411
f 4197 3698 3699
f 3698 3130 3699
f 4195 4197 3411
f 4195 4196 4197
f 4196 3410 4197
f 3697 3987 3133
f 3697 4195 3987
f 4195 3411 3987
f 4194 3853 3277
f 4194 3850 3853
f 3850 3078 3853
f 4192 4194 3277
f 4192 4193 4194
f 4193 3274 4194
f 3987 3565 3133
f 3987 4192 3565
f 4192 3277 3565
f 4191 3576 3288
f 4191 3700 3576
f 3700 3144 3576
f 4189 4191 3288
f 4189 4190 4191
f 4190 3412 4191
f 3502 3864 3097
f 3502 4189 3864
f 4189 3288 3864
f 4188 3702 3414
f 4188 3701 3702
f 3701 3143 3702
f 4186 4188 3414
f 4186 4187 4188
f 4187 3413 4188
f 3700 3990 3144
f 3700 4186 3990
f 4186 3414 3990
f 4185 3504 3216
f 4185 3503 3504
f 3503 3094 3504
f 4183 4185 3216
f 4183 4184 4185
f 4184 3215 4185
f 3990 3792 3144
f 3990 4183 3792
f 4183 3216 3792
f 4182 3763 3187
f 4182 3703 3763
f 3703 3115 3763
f 4180 4182 3187
f 4180 4181 4182
f 4181 3415 4182
f 3476 3475 3082
f 3476 4180 3475
f 4180 3187 3475
f 4179 3705 3417
f 4179 3704 3705
f 3704 3142 3705
f 4177 4179 3417
f 4177 4178 4179
f 4178 3416 4179
f 3703 3993 3115
f 3703 4177 3993
f 4177 3417 3993
f 4176 3835 3259
f 4176 3502 3835
f 3502 3097 3835
f 4174 4176 3259
f 4174 4175 4176
f 4175 3214 4176
f 3993 3547 3115
f 3993 4174 3547
f 4174 3259 3547
f 4173 3549 3261
f 4173 3706 3549
f 3706 3117 3549
f 4171 4173 3261
f 4171 4172 4173
f 4172 3418 4173
f 3861 3837 3099
f 3861 4171 3837
f 4171 3261 3837
f 4170 3708 3420
f 4170 3707 3708
f 3707 3110 3708
f 4168 4170 3420
f 4168 4169 4170
f 4169 3419 4170
f 3706 3996 3117
f 3706 4168 3996
f 4168 3420 3996
f 4167 3477 3189
f 4167 3470 3477
f 3470 3084 3477
f 4165 4167 3189
f 4165 4166 4167
f 4166 3182 4167
f 3996 3765 3117
f 3996 4165 3765
f 4165 3189 3765
f 4164 3573 3285
f 4164 3709 3573
f 3709 3141 3573
f 4162 4164 3285
f 4162 4163 4164
f 4163 3421 4164
f 3499 3861 3099
f 3499 4162 3861
f 4162 3285 3861
f 4161 3711 3423
f 4161 3710 3711
f 3710 3140 3711
f 4159 4161 3423
f 4159 4160 4161
f 4160 3422 4161
f 3709 3999 3141
f 3709 4159 3999
f 4159 3423 3999
f 4158 3501 3213
f 4158 3500 3501
f 3500 3092 3501
f 4156 4158 3213
f 4156 4157 4158
f 4157 3212 4158
f 3999 3789 3141
f 3999 4156 3789
f 4156 3213 3789
f 4155 3567 3279
f 4155 3712 3567
f 3712 3135 3567
f 4153 4155 3279
f 4153 4154 4155
f 4154 3424 4155
f 3854 3855 3079
f 3854 4153 3855
f 4153 3279 3855
f 4152 3714 3426
f 4152 3713 3714
f 3713 3139 3714
f 4150 4152 3426
f 4150 4151 4152
f 4151 3425 4152
f 3712 4002 3135
f 3712 4150 4002
f 4150 3426 4002
f 4149 3495 3207
f 4149 3499 3495
f 3499 3099 3495
f 4147 4149 3207
f 4147 4148 4149
f 4148 3211 4149
f 4002 3783 3135
f 4002 4147 3783
f 4147 3207 3783
f 4146 3572 3284
f 4146 3715 3572
f 3715 3140 3572
f 4144 4146 3284
f 4144 4145 4146
f 4145 3427 4146
f 3836 3860 3098
f 3836 4144 3860
f 4144 3284 3860
f 4143 3717 3429
f 4143 3716 3717
f 3716 3128 3717
f 4141 4143 3429
f 4141 4142 4143
f 4142 3428 4143
f 3715 4005 3140
f 3715 4141 4005
f 4141 3429 4005
f 4140 3500 3212
f 4140 3488 3500
f 3488 3092 3500
f 4138 4140 3212
f 4138 4139 4140
f 4139 3200 4140
f 4005 3788 3140
f 4005 4138 3788
f 4138 3212 3788
f 4137 3575 3287
f 4137 3718 3575
f 3718 3143 3575
f 4135 4137 3287
f 4135 4136 4137
f 4136 3430 4137
f 3494 3863 3098
f 3494 4135 3863
f 4135 3287 3863
f 4134 3720 3432
f 4134 3719 3720
f 3719 3112 3720
f 4132 4134 3432
f 4132 4133 4134
f 4133 3431 4134
f 3718 4008 3143
f 3718 4132 4008
f 4132 3432 4008
f 4131 3503 3215
f 4131 3832 3503
f 3832 3094 3503
f 4129 4131 3215
f 4129 4130 4131
f 4130 3256 4131
f 4008 3791 3143
f 4008 4129 3791
f 4129 3215 3791
f 4128 3578 3290
f 4128 3721 3578
f 3721 3146 3578
f 4126 4128 3290
f 4126 4127 4128
f 4127 3433 4128
f 3834 3866 3096
f 3834 4126 3866
f 4126 3290 3866
f 4125 3723 3435
f 4125 3722 3723
f 3722 3120 3723
f 4123 4125 3435
f 4123 4124 4125
f 4124 3434 4125
f 3721 4011 3146
f 3721 4123 4011
f 4123 3435 4011
f 4122 3506 3218
f 4122 3840 3506
f 3840 3102 3506
f 4120 4122 3218
f 4120 4121 4122
f 4121 3264 4122
f 4011 3794 3146
f 4011 4120 3794
f 4120 3218 3794
f 4119 3581 3293
f 4119 3724 3581
f 3724 3149 3581
f 4117 4119 3293
f 4117 4118 4119
f 4118 3436 4119
f 3492 3869 3096
f 3492 4117 3869
f 4117 3293 3869
f 4116 3726 3438
f 4116 3725 3726
f 3725 3129 3726
f 4114 4116 3438
f 4114 4115 4116
f 4115 3437 4116
f 3724 4014 3149
f 3724 4114 4014
f 4114 3438 4014
f 4113 3509 3221
f 4113 3489 3509
f 3489 3093 3509
f 4111 4113 3221
f 4111 4112 4113
f 4112 3201 4113
f 4014 3797 3149
f 4014 4111 3797
f 4111 3221 3797
f 4110 3584 3296
f 4110 3727 3584
f 3727 3152 3584
f 4108 4110 3296
f 4108 4109 4110
f 4109 3439 4110
f 3839 3872 3101
f 3839 4108 3872
f 4108 3296 3872
f 4107 3729 3441
f 4107 3728 3729
f 3728 3109 3729
f 4105 4107 3441
f 4105 4106 4107
f 4106 3440 4107
f 3727 4017 3152
f 3727 4105 4017
f 4105 3441 4017
f 4104 3512 3224
f 4104 3829 3512
f 3829 3091 3512
f 4102 4104 3224
f 4102 4103 4104
f 4103 3253 4104
f 4017 3800 3152
f 4017 4102 3800
f 4102 3224 3800
f 4101 3587 3299
f 4101 3730 3587
f 3730 3155 3587
f 4099 4101 3299
f 4099 4100 4101
f 4100 3442 4101
f 3497 3875 3101
f 3497 4099 3875
f 4099 3299 3875
f 4098 3732 3444
f 4098 3731 3732
f 3731 3105 3732
f 4096 4098 3444
f 4096 4097 4098
f 4097 3443 4098
f 3730 4020 3155
f 3730 4096 4020
f 4096 3444 4020
f 4095 3515 3227
f 4095 3825 3515
f 3825 3087 3515
f 4093 4095 3227
f 4093 4094 4095
f 4094 3249 4095
f 4020 3803 3155
f 4020 4093 3803
f 4093 3227 3803
f 4092 3590 3302
f 4092 3733 3590
f 3733 3158 3590
f 4090 4092 3302
f 4090 4091 4092
f 4091 3445 4092
f 3486 3878 3090
f 3486 4090 3878
f 4090 3302 3878
f 4089 3735 3447
f 4089 3734 3735
f 3734 3107 3735
f 4087 4089 3447
f 4087 4088 4089
f 4088 3446 4089
f 3733 4023 3158
f 3733 4087 4023
f 4087 3447 4023
f 4086 3518 3230
f 4086 3827 3518
f 3827 3089 3518
f 4084 4086 3230
f 4084 4085 4086
f 4085 3251 4086
f 4023 3806 3158
f 4023 4084 3806
f 4084 3230 3806
f 4083 3593 3305
f 4083 3736 3593
f 3736 3161 3593
f 4081 4083 3305
f 4081 4082 4083
f 4082 3448 4083
f 3828 3881 3090
f 3828 4081 3881
f 4081 3305 3881
f 4080 3738 3450
f 4080 3737 3738
f 3737 3127 3738
f 4078 4080 3450
f 4078 4079 4080
f 4079 3449 4080
f 3736 4026 3161
f 3736 4078 4026
f 4078 3450 4026
f 4077 3521 3233
f 4077 3487 3521
f 3487 3091 3521
f 4075 4077 3233
f 4075 4076 4077
f 4076 3199 4077
f 4026 3809 3161
f 4026 4075 3809
f 4075 3233 3809
f 4074 3596 3308
f 4074 3739 3596
f 3739 3164 3596
f 4072 4074 3308
f 4072 4073 4074
f 4073 3451 4074
f 3484 3884 3088
f 3484 4072 3884
f 4072 3308 3884
f 4071 3741 3453
f 4071 3740 3741
f 3740 3103 3741
f 4069 4071 3453
f 4069 4070 4071
f 4070 3452 4071
f 3739 4029 3164
f 3739 4069 4029
f 4069 3453 4029
f 4068 3524 3236
f 4068 3823 3524
f 3823 3085 3524
f 4066 4068 3236
f 4066 4067 4068
f 4067 3247 4068
f 4029 3812 3164
f 4029 4066 3812
f 4066 3236 3812
f 4065 3599 3311
f 4065 3742 3599
f 3742 3167 3599
f 4063 4065 3311
f 4063 4064 4065
f 4064 3454 4065
f 3826 3887 3088
f 3826 4063 3887
f 4063 3311 3887
f 4062 3744 3456
f 4062 3743 3744
f 3743 3125 3744
f 4060 4062 3456
f 4060 4061 4062
f 4061 3455 4062
f 3742 4032 3167
f 3742 4060 4032
f 4060 3456 4032
f 4059 3527 3239
f 4059 3485 3527
f 3485 3089 3527
f 4057 4059 3239
f 4057 4058 4059
f 4058 3197 4059
f 4032 3815 3167
f 4032 4057 3815
f 4057 3239 3815
f 4056 3602 3314
f 4056 3745 3602
f 3745 3170 3602
f 4054 4056 3314
f 4054 4055 4056
f 4055 3457 4056
f 3824 3890 3086
f 3824 4054 3890
f 4054 3314 3890
f 4053 3747 3459
f 4053 3746 3747
f 3746 3123 3747
f 4051 4053 3459
f 4051 4052 4053
f 4052 3458 4053
f 3745 4035 3170
f 3745 4051 4035
f 4051 3459 4035
f 4050 3530 3242
f 4050 3483 3530
f 3483 3087 3530
f 4048 4050 3242
f 4048 4049 4050
f 4049 3195 4050
f 4035 3818 3170
f 4035 4048 3818
f 4048 3242 3818
f 4047 3605 3317
f 4047 3748 3605
f 3748 3173 3605
f 4045 4047 3317
f 4045 4046 4047
f 4046 3460 4047
f 3482 3893 3086
f 3482 4045 3893
f 4045 3317 3893
f 4044 3750 3462
f 4044 3749 3750
f 3749 3121 3750
f 4042 4044 3462
f 4042 4043 4044
f 4043 3461 4044
f 3748 4038 3173
f 3748 4042 4038
f 4042 3462 4038
f 4041 3533 3245
f 4041 3481 3533
f 3481 3085 3533
f 4039 4041 3245
f 4039 4040 4041
f 4040 3193 4041
f 4038 3821 3173
f 4038 4039 3821
f 4039 3245 3821
f 3750 4040 3462
f 3750 3769 4040
f 3769 3193 4040
f 4036 4043 3460
f 4036 4037 4043
f 4037 3461 4043
f 3770 4046 3194
f 3770 4036 4046
f 4036 3460 4046
f 3747 4049 3459
f 3747 3771 4049
f 3771 3195 4049
f 4033 4052 3457
f 4033 4034 4052
f 4034 3458 4052
f 3536 4055 3248
f 3536 4033 4055
f 4033 3457 4055
f 3744 4058 3456
f 3744 3773 4058
f 3773 3197 4058
f 4030 4061 3454
f 4030 4031 4061
f 4031 3455 4061
f 3538 4064 3250
f 3538 4030 4064
f 4030 3454 4064
f 3741 4067 3453
f 3741 3535 4067
f 3535 3247 4067
f 4027 4070 3451
f 4027 4028 4070
f 4028 3452 4070
f 3772 4073 3196
f 3772 4027 4073
f 4027 3451 4073
f 3738 4076 3450
f 3738 3775 4076
f 3775 3199 4076
f 4024 4079 3448
f 4024 4025 4079
f 4025 3449 4079
f 3540 4082 3252
f 3540 4024 4082
f 4024 3448 4082
f 3735 4085 3447
f 3735 3539 4085
f 3539 3251 4085
f 4021 4088 3445
f 4021 4022 4088
f 4022 3446 4088
f 3774 4091 3198
f 3774 4021 4091
f 4021 3445 4091
f 3732 4094 3444
f 3732 3537 4094
f 3537 3249 4094
f 4018 4097 3442
f 4018 4019 4097
f 4019 3443 4097
f 3785 4100 3209
f 3785 4018 4100
f 4018 3442 4100
f 3729 4103 3441
f 3729 3541 4103
f 3541 3253 4103
f 4015 4106 3439
f 4015 4016 4106
f 4016 3440 4106
f 3551 4109 3263
f 3551 4015 4109
f 4015 3439 4109
f 3726 4112 3438
f 3726 3777 4112
f 3777 3201 4112
f 4012 4115 3436
f 4012 4013 4115
f 4013 3437 4115
f 3780 4118 3204
f 3780 4012 4118
f 4012 3436 4118
f 3723 4121 3435
f 3723 3552 4121
f 3552 3264 4121
f 4009 4124 3433
f 4009 4010 4124
f 4010 3434 4124
f 3546 4127 3258
f 3546 4009 4127
f 4009 3433 4127
f 3720 4130 3432
f 3720 3544 4130
f 3544 3256 4130
f 4006 4133 3430
f 4006 4007 4133
f 4007 3431 4133
f 3782 4136 3206
f 3782 4006 4136
f 4006 3430 4136
f 3717 4139 3429
f 3717 3776 4139
f 3776 3200 4139
f 4003 4142 3427
f 4003 4004 4142
f 4004 3428 4142
f 3548 4145 3260
f 3548 4003 4145
f 4003 3427 4145
f 3714 4148 3426
f 3714 3787 4148
f 3787 3211 4148
f 4000 4151 3424
f 4000 4001 4151
f 4001 3425 4151
f 3566 4154 3278
f 3566 4000 4154
f 4000 3424 4154
f 3711 4157 3423
f 3711 3788 4157
f 3788 3212 4157
f 3997 4160 3421
f 3997 3998 4160
f 3998 3422 4160
f 3787 4163 3211
f 3787 3997 4163
f 3997 3421 4163
f 3708 4166 3420
f 3708 3758 4166
f 3758 3182 4166
f 3994 4169 3418
f 3994 3995 4169
f 3995 3419 4169
f 3573 4172 3285
f 3573 3994 4172
f 3994 3418 4172
f 3705 4175 3417
f 3705 3790 4175
f 3790 3214 4175
f 3991 4178 3415
f 3991 3992 4178
f 3992 3416 4178
f 3764 4181 3188
f 3764 3991 4181
f 3991 3415 4181
f 3702 4184 3414
f 3702 3791 4184
f 3791 3215 4184
f 3988 4187 3412
f 3988 3989 4187
f 3989 3413 4187
f 3790 4190 3214
f 3790 3988 4190
f 3988 3412 4190
f 3699 4193 3411
f 3699 3562 4193
f 3562 3274 4193
f 3985 4196 3409
f 3985 3986 4196
f 3986 3410 4196
f 3576 4199 3288
f 3576 3985 4199
f 3985 3409 4199
f 3696 4202 3408
f 3696 3793 4202
f 3793 3217 4202
f 3982 4205 3406
f 3982 3983 4205
f 3983 3407 4205
f 3564 4208 3276
f 3564 3982 4208
f 3982 3406 4208
f 3693 4211 3405
f 3693 3794 4211
f 3794 3218 4211
f 3979 4214 3403
f 3979 3980 4214
f 3980 3404 4214
f 3793 4217 3217
f 3793 3979 4217
f 3979 3403 4217
f 3690 4220 3402
f 3690 3570 4220
f 3570 3282 4220
f 3976 4223 3400
f 3976 3977 4223
f 3977 3401 4223
f 3579 4226 3291
f 3579 3976 4226
f 3976 3400 4226
f 3687 4229 3399
f 3687 3796 4229
f 3796 3220 4229
f 3973 4232 3397
f 3973 3974 4232
f 3974 3398 4232
f 3762 4235 3186
f 3762 3973 4235
f 3973 3397 4235
f 3684 4238 3396
f 3684 3797 4238
f 3797 3221 4238
f 3970 4241 3394
f 3970 3971 4241
f 3971 3395 4241
f 3796 4244 3220
f 3796 3970 4244
f 3970 3394 4244
f 3681 4247 3393
f 3681 3759 4247
f 3759 3183 4247
f 3967 4250 3391
f 3967 3968 4250
f 3968 3392 4250
f 3582 4253 3294
f 3582 3967 4253
f 3967 3391 4253
f 3678 4256 3390
f 3678 3799 4256
f 3799 3223 4256
f 3964 4259 3388
f 3964 3965 4259
f 3965 3389 4259
f 3569 4262 3281
f 3569 3964 4262
f 3964 3388 4262
f 3675 4265 3387
f 3675 3800 4265
f 3800 3224 4265
f 3961 4268 3385
f 3961 3962 4268
f 3962 3386 4268
f 3799 4271 3223
f 3799 3961 4271
f 3961 3385 4271
f 3672 4274 3384
f 3672 3559 4274
f 3559 3271 4274
f 3958 4277 3382
f 3958 3959 4277
f 3959 3383 4277
f 3585 4280 3297
f 3585 3958 4280
f 3958 3382 4280
f 3669 4283 3381
f 3669 3802 4283
f 3802 3226 4283
f 3955 4286 3379
f 3955 3956 4286
f 3956 3380 4286
f 3767 4289 3191
f 3767 3955 4289
f 3955 3379 4289
f 3666 4292 3378
f 3666 3803 4292
f 3803 3227 4292
f 3952 4295 3376
f 3952 3953 4295
f 3953 3377 4295
f 3802 4298 3226
f 3802 3952 4298
f 3952 3376 4298
f 3663 4301 3375
f 3663 3555 4301
f 3555 3267 4301
f 3949 4304 3373
f 3949 3950 4304
f 3950 3374 4304
f 3588 4307 3300
f 3588 3949 4307
f 3949 3373 4307
f 3660 4310 3372
f 3660 3805 4310
f 3805 3229 4310
f 3946 4313 3370
f 3946 3947 4313
f 3947 3371 4313
f 3756 4316 3180
f 3756 3946 4316
f 3946 3370 4316
f 3657 4319 3369
f 3657 3806 4319
f 3806 3230 4319
f 3943 4322 3367
f 3943 3944 4322
f 3944 3368 4322
f 3805 4325 3229
f 3805 3943 4325
f 3943 3367 4325
f 3654 4328 3366
f 3654 3557 4328
f 3557 3269 4328
f 3940 4331 3364
f 3940 3941 4331
f 3941 3365 4331
f 3591 4334 3303
f 3591 3940 4334
f 3940 3364 4334
f 3651 4337 3363
f 3651 3808 4337
f 3808 3232 4337
f 3937 4340 3361
f 3937 3938 4340
f 3938 3362 4340
f 3558 4343 3270
f 3558 3937 4343
f 3937 3361 4343
f 3648 4346 3360
f 3648 3809 4346
f 3809 3233 4346
f 3934 4349 3358
f 3934 3935 4349
f 3935 3359 4349
f 3808 4352 3232
f 3808 3934 4352
f 3934 3358 4352
f 3645 4355 3357
f 3645 3757 4355
f 3757 3181 4355
f 3931 4358 3355
f 3931 3932 4358
f 3932 3356 4358
f 3594 4361 3306
f 3594 3931 4361
f 3931 3355 4361
f 3642 4364 3354
f 3642 3811 4364
f 3811 3235 4364
f 3928 4367 3352
f 3928 3929 4367
f 3929 3353 4367
f 3754 4370 3178
f 3754 3928 4370
f 3928 3352 4370
f 3639 4373 3351
f 3639 3812 4373
f 3812 3236 4373
f 3925 4376 3349
f 3925 3926 4376
f 3926 3350 4376
f 3811 4379 3235
f 3811 3925 4379
f 3925 3349 4379
f 3636 4382 3348
f 3636 3553 4382
f 3553 3265 4382
f 3922 4385 3346
f 3922 3923 4385
f 3923 3347 4385
f 3597 4388 3309
f 3597 3922 4388
f 3922 3346 4388
f 3633 4391 3345
f 3633 3814 4391
f 3814 3238 4391
f 3919 4394 3343
f 3919 3920 4394
f 3920 3344 4394
f 3556 4397 3268
f 3556 3919 4397
f 3919 3343 4397
f 3630 4400 3342
f 3630 3815 4400
f 3815 3239 4400
f 3916 4403 3340
f 3916 3917 4403
f 3917 3341 4403
f 3814 4406 3238
f 3814 3916 4406
f 3916 3340 4406
f 3627 4409 3339
f 3627 3755 4409
f 3755 3179 4409
f 3913 4412 3337
f 3913 3914 4412
f 3914 3338 4412
f 3600 4415 3312
f 3600 3913 4415
f 3913 3337 4415
f 3624 4418 3336
f 3624 3817 4418
f 3817 3241 4418
f 3910 4421 3334
f 3910 3911 4421
f 3911 3335 4421
f 3554 4424 3266
f 3554 3910 4424
f 3910 3334 4424
f 3621 4427 3333
f 3621 3818 4427
f 3818 3242 4427
f 3907 4430 3331
f 3907 3908 4430
f 3908 3332 4430
f 3817 4433 3241
f 3817 3907 4433
f 3907 3331 4433
f 3618 4436 3330
f 3618 3753 4436
f 3753 3177 4436
f 3904 4439 3328
f 3904 3905 4439
f 3905 3329 4439
f 3603 4442 3315
f 3603 3904 4442
f 3904 3328 4442
f 3615 4445 3327
f 3615 3820 4445
f 3820 3244 4445
f 3901 4448 3325
f 3901 3902 4448
f 3902 3326 4448
f 3752 4451 3176
f 3752 3901 4451
f 3901 3325 4451
f 3612 4454 3324
f 3612 3821 4454
f 3821 3245 4454
f 3898 4457 3322
f 3898 3899 4457
f 3899 3323 4457
f 3820 4460 3244
f 3820 3898 4460
f 3898 3322 4460
f 3609 4463 3321
f 3609 3751 4463
f 3751 3175 4463
f 3895 4466 3319
f 3895 3896 4466
f 3896 3320 4466
f 3606 4469 3318
f 3606 3895 4469
f 3895 3319 4469
f 3534 4472 3246
f 3534 3823 4472
f 3823 3247 4472
f 3892 4475 3316
f 3892 3893 4475
f 3893 3317 4475
f 3824 4478 3248
f 3824 3892 4478
f 3892 3316 4478
f 3531 4481 3243
f 3531 3825 4481
f 3825 3249 4481
f 3889 4484 3313
f 3889 3890 4484
f 3890 3314 4484
f 3482 4487 3194
f 3482 3889 4487
f 3889 3313 4487
f 3528 4490 3240
f 3528 3827 4490
f 3827 3251 4490
f 3886 4493 3310
f 3886 3887 4493
f 3887 3311 4493
f 3484 4496 3196
f 3484 3886 4496
f 3886 3310 4496
f 3525 4499 3237
f 3525 3481 4499
f 3481 3193 4499
f 3883 4502 3307
f 3883 3884 4502
f 3884 3308 4502
f 3826 4505 3250
f 3826 3883 4505
f 3883 3307 4505
f 3522 4508 3234
f 3522 3829 4508
f 3829 3253 4508
f 3880 4511 3304
f 3880 3881 4511
f 3881 3305 4511
f 3486 4514 3198
f 3486 3880 4514
f 3880 3304 4514
f 3519 4517 3231
f 3519 3485 4517
f 3485 3197 4517
f 3877 4520 3301
f 3877 3878 4520
f 3878 3302 4520
f 3828 4523 3252
f 3828 3877 4523
f 3877 3301 4523
f 3516 4526 3228
f 3516 3483 4526
f 3483 3195 4526
f 3874 4529 3298
f 3874 3875 4529
f 3875 3299 4529
f 3839 4532 3263
f 3839 3874 4532
f 3874 3298 4532
f 3513 4535 3225
f 3513 3487 4535
f 3487 3199 4535
f 3871 4538 3295
f 3871 3872 4538
f 3872 3296 4538
f 3497 4541 3209
f 3497 3871 4541
f 3871 3295 4541
f 3510 4544 3222
f 3510 3831 4544
f 3831 3255 4544
f 3868 4547 3292
f 3868 3869 4547
f 3869 3293 4547
f 3834 4550 3258
f 3834 3868 4550
f 3868 3292 4550
f 3507 4553 3219
f 3507 3498 4553
f 3498 3210 4553
f 3865 4556 3289
f 3865 3866 4556
f 3866 3290 4556
f 3492 4559 3204
f 3492 3865 4559
f 3865 3289 4559
f 3504 4562 3216
f 3504 3490 4562
f 3490 3202 4562
f 3862 4565 3286
f 3862 3863 4565
f 3863 3287 4565
f 3836 4568 3260
f 3836 3862 4568
f 3862 3286 4568
f 3501 4571 3213
f 3501 3830 4571
f 3830 3254 4571
f 3859 4574 3283
f 3859 3860 4574
f 3860 3284 4574
f 3494 4577 3206
f 3494 3859 4577
f 3859 3283 4577
f 3476 4580 3188
f 3476 3848 4580
f 3848 3272 4580
f 3854 4583 3278
f 3854 3472 4583
f 3472 3184 4583
f 3474 4586 3186
f 3474 3480 4586
f 3480 3192 4586
f 3852 4589 3276
f 3852 3849 4589
f 3849 3273 4589
f 3479 4592 3191
f 3479 3469 4592
f 3469 3181 4592
f 3857 4595 3281
f 3857 3465 4595
f 3465 3177 4595
f 3846 4598 3270
f 3846 3467 4598
f 3467 3179 4598
f 3468 4601 3180
f 3468 3847 4601
f 3847 3271 4601
f 3844 4604 3268
f 3844 3463 4604
f 3463 3175 4604
f 3466 4607 3178
f 3466 3845 4607
f 3845 3269 4607
f 3464 4610 3176
f 3464 3843 4610
f 3843 3267 4610
f 3842 4613 3266
f 3842 3841 4613
f 3841 3265 4613
o wing_right.004
v -0.153000 0.047000 -0.045000
v -0.153000 0.050000 -0.045000
v -0.153000 0.050000 0.045000
v -0.153000 0.047000 0.045000
v -0.353000 0.047000 -0.035000
v -0.353000 0.050000 -0.035000
v -0.353000 0.047000 0.035000
v -0.353000 0.050000 0.035000
v -0.153000 0.048500 -0.045000
v -0.153000 0.048500 0.000000
v -0.153000 0.048500 0.045000
v -0.253000 0.048500 -0.040000
v -0.353000 0.048500 -0.035000
v -0.353000 0.048500 0.000000
v -0.353000 0.048500 0.035000
v -0.353000 0.050000 0.000000
v -0.153000 0.047000 0.000000
v -0.153000 0.050000 0.000000
v -0.253000 0.047000 -0.040000
v -0.253000 0.047000 -0.005000
v -0.253000 0.050000 -0.040000
v -0.253000 0.050000 0.005000
v -0.253000 0.050000 0.040000
v -0.253000 0.047000 0.040000
v -0.253000 0.048500 0.040000
v -0.353000 0.047000 0.000000
v -0.153000 0.049250 -0.045000
v -0.153000 0.049250 0.022500
v -0.153000 0.047750 0.045000
v -0.303000 0.047750 -0.037500
v -0.353000 0.049250 -0.035000
v -0.353000 0.047750 0.017500
v -0.353000 0.049250 0.035000
v -0.353000 0.050000 0.017500
v -0.153000 0.047000 0.022500
v -0.153000 0.050000 0.022500
v -0.303000 0.047000 -0.037500
v -0.303000 0.047000 0.015000
v -0.303000 0.050000 -0.037500
v -0.303000 0.050000 -0.015000
v -0.303000 0.050000 0.037500
v -0.303000 0.047000 0.037500
v -0.303000 0.049250 0.037500
v -0.353000 0.047000 0.017500
v -0.153000 0.047750 -0.045000
v -0.153000 0.047750 -0.022500
v -0.153000 0.049250 0.045000
v -0.203000 0.049250 -0.042500
v -0.353000 0.047750 -0.035000
v -0.353000 0.049250 -0.017500
v -0.353000 0.047750 0.035000
v -0.353000 0.050000 -0.017500
v -0.153000 0.047000 -0.022500
v -0.153000 0.050000 -0.022500
v -0.203000 0.047000 -0.042500
v -0.203000 0.047000 -0.025000
v -0.203000 0.050000 -0.042500
v -0.203000 0.050000 0.025000
v -0.203000 0.050000 0.042500
v -0.203000 0.047000 0.042500
v -0.203000 0.047750 0.042500
v -0.353000 0.047000 -0.017500
v -0.253000 0.050000 0.022500
v -0.303000 0.050000 0.002500
v -0.303000 0.050000 0.020000
v -0.253000 0.050000 -0.017500
v -0.203000 0.050000 0.002500
v -0.203000 0.050000 -0.020000
v -0.253000 0.047000 -0.022500
v -0.303000 0.047000 -0.002500
v -0.303000 0.047000 -0.020000
v -0.253000 0.047000 0.017500
v -0.203000 0.047000 -0.002500
v -0.203000 0.047000 0.020000
v -0.253000 0.047750 0.040000
v -0.303000 0.048500 0.037500
v -0.303000 0.047750 0.037500
v -0.253000 0.049250 0.040000
v -0.203000 0.048500 0.042500
v -0.203000 0.049250 0.042500
v -0.353000 0.047750 0.000000
v -0.353000 0.048500 -0.017500
v -0.353000 0.047750 -0.017500
v -0.353000 0.049250 0.000000
v -0.353000 0.048500 0.017500
v -0.353000 0.049250 0.017500
v -0.253000 0.047750 -0.040000
v -0.203000 0.048500 -0.042500
v -0.203000 0.047750 -0.042500
v -0.253000 0.049250 -0.040000
v -0.303000 0.048500 -0.037500
v -0.303000 0.049250 -0.037500
v -0.153000 0.047750 0.000000
v -0.153000 0.048500 0.022500
v -0.153000 0.047750 0.022500
v -0.153000 0.049250 0.000000
v -0.153000 0.048500 -0.022500
v -0.153000 0.049250 -0.022500
v -0.153000 0.049625 -0.045000
v -0.153000 0.049625 0.033750
v -0.153000 0.047375 0.045000
v -0.328000 0.047375 -0.036250
v -0.353000 0.049625 -0.035000
v -0.353000 0.047375 0.026250
v -0.353000 0.049625 0.035000
v -0.353000 0.050000 0.026250
v -0.153000 0.047000 0.033750
v -0.153000 0.050000 0.033750
v -0.328000 0.047000 -0.036250
v -0.328000 0.047000 0.025000
v -0.328000 0.050000 -0.036250
v -0.328000 0.050000 -0.025000
v -0.328000 0.050000 0.036250
v -0.328000 0.047000 0.036250
v -0.328000 0.049625 0.036250
v -0.353000 0.047000 0.026250
v -0.153000 0.048125 -0.045000
v -0.153000 0.048125 -0.011250
v -0.153000 0.048875 0.045000
v -0.228000 0.048875 -0.041250
v -0.353000 0.048125 -0.035000
v -0.353000 0.048875 -0.008750
v -0.353000 0.048125 0.035000
v -0.353000 0.050000 -0.008750
v -0.153000 0.047000 -0.011250
v -0.153000 0.050000 -0.011250
v -0.228000 0.047000 -0.041250
v -0.228000 0.047000 -0.015000
v -0.228000 0.050000 -0.041250
v -0.228000 0.050000 0.015000
v -0.228000 0.050000 0.041250
v -0.228000 0.047000 0.041250
v -0.228000 0.048125 0.041250
v -0.353000 0.047000 -0.008750
v -0.253000 0.050000 0.031250
v -0.328000 0.050000 0.001250
v -0.328000 0.050000 0.010000
v -0.253000 0.050000 -0.028750
v -0.178000 0.050000 0.001250
v -0.178000 0.050000 -0.010000
v -0.253000 0.047000 -0.031250
v -0.328000 0.047000 -0.001250
v -0.328000 0.047000 -0.010000
v -0.253000 0.047000 0.028750
v -0.178000 0.047000 -0.001250
v -0.178000 0.047000 0.010000
v -0.253000 0.047375 0.040000
v -0.328000 0.048500 0.036250
v -0.328000 0.048125 0.036250
v -0.253000 0.049625 0.040000
v -0.178000 0.048500 0.043750
v -0.178000 0.048875 0.043750
v -0.353000 0.047375 0.000000
v -0.353000 0.048500 -0.026250
v -0.353000 0.048125 -0.026250
v -0.353000 0.049625 0.000000
v -0.353000 0.048500 0.026250
v -0.353000 0.048875 0.026250
v -0.253000 0.047375 -0.040000
v -0.178000 0.048500 -0.043750
v -0.178000 0.048125 -0.043750
v -0.253000 0.049625 -0.040000
v -0.328000 0.048500 -0.036250
v -0.328000 0.048875 -0.036250
v -0.153000 0.047375 0.000000
v -0.153000 0.048500 0.033750
v -0.153000 0.048125 0.033750
v -0.153000 0.049625 0.000000
v -0.153000 0.048500 -0.033750
v -0.153000 0.048875 -0.033750
v -0.153000 0.048875 -0.045000
v -0.153000 0.048875 0.011250
v -0.153000 0.048125 0.045000
v -0.278000 0.048125 -0.038750
v -0.353000 0.048875 -0.035000
v -0.353000 0.048125 0.008750
v -0.353000 0.048875 0.035000
v -0.353000 0.050000 0.008750
v -0.153000 0.047000 0.011250
v -0.153000 0.050000 0.011250
v -0.278000 0.047000 -0.038750
v -0.278000 0.047000 0.005000
v -0.278000 0.050000 -0.038750
v -0.278000 0.050000 -0.005000
v -0.278000 0.050000 0.038750
v -0.278000 0.047000 0.038750
v -0.278000 0.048875 0.038750
v -0.353000 0.047000 0.008750
v -0.153000 0.047375 -0.045000
v -0.153000 0.047375 -0.033750
v -0.153000 0.049625 0.045000
v -0.178000 0.049625 -0.043750
v -0.353000 0.047375 -0.035000
v -0.353000 0.049625 -0.026250
v -0.353000 0.047375 0.035000
v -0.353000 0.050000 -0.026250
v -0.153000 0.047000 -0.033750
v -0.153000 0.050000 -0.033750
v -0.178000 0.047000 -0.043750
v -0.178000 0.047000 -0.035000
v -0.178000 0.050000 -0.043750
v -0.178000 0.050000 0.035000
v -0.178000 0.050000 0.043750
v -0.178000 0.047000 0.043750
v -0.178000 0.047375 0.043750
v -0.353000 0.047000 -0.026250
v -0.253000 0.050000 0.013750
v -0.278000 0.050000 0.003750
v -0.278000 0.050000 0.030000
v -0.253000 0.050000 -0.006250
v -0.228000 0.050000 0.003750
v -0.228000 0.050000 -0.030000
v -0.253000 0.047000 -0.013750
v -0.278000 0.047000 -0.003750
v -0.278000 0.047000 -0.030000
v -0.253000 0.047000 0.006250
v -0.228000 0.047000 -0.003750
v -0.228000 0.047000 0.030000
v -0.253000 0.048125 0.040000
v -0.278000 0.048500 0.038750
v -0.278000 0.047375 0.038750
v -0.253000 0.048875 0.040000
v -0.228000 0.048500 0.041250
v -0.228000 0.049625 0.041250
v -0.353000 0.048125 0.000000
v -0.353000 0.048500 -0.008750
v -0.353000 0.047375 -0.008750
v -0.353000 0.048875 0.000000
v -0.353000 0.048500 0.008750
v -0.353000 0.049625 0.008750
v -0.253000 0.048125 -0.040000
v -0.228000 0.048500 -0.041250
v -0.228000 0.047375 -0.041250
v -0.253000 0.048875 -0.040000
v -0.278000 0.048500 -0.038750
v -0.278000 0.049625 -0.038750
v -0.153000 0.048125 0.000000
v -0.153000 0.048500 0.011250
v -0.153000 0.047375 0.011250
v -0.153000 0.048875 0.000000
v -0.153000 0.048500 -0.011250
v -0.153000 0.049625 -0.011250
v -0.153000 0.049625 -0.022500
v -0.153000 0.049250 -0.033750
v -0.153000 0.049625 -0.033750
v -0.153000 0.049250 -0.011250
v -0.153000 0.048875 -0.011250
v -0.153000 0.048875 -0.022500
v -0.153000 0.049625 0.022500
v -0.153000 0.049250 0.011250
v -0.153000 0.049625 0.011250
v -0.153000 0.047375 0.022500
v -0.153000 0.047750 0.033750
v -0.153000 0.047375 0.033750
v -0.153000 0.047750 0.011250
v -0.153000 0.048125 0.011250
v -0.153000 0.048125 0.022500
v -0.153000 0.047375 -0.022500
v -0.153000 0.047750 -0.011250
v -0.153000 0.047375 -0.011250
v -0.303000 0.049625 -0.037500
v -0.328000 0.049250 -0.036250
v -0.328000 0.049625 -0.036250
v -0.278000 0.049250 -0.038750
v -0.278000 0.048875 -0.038750
v -0.303000 0.048875 -0.037500
v -0.203000 0.049625 -0.042500
v -0.228000 0.049250 -0.041250
v -0.228000 0.049625 -0.041250
v -0.203000 0.047375 -0.042500
v -0.178000 0.047750 -0.043750
v -0.178000 0.047375 -0.043750
v -0.228000 0.047750 -0.041250
v -0.228000 0.048125 -0.041250
v -0.203000 0.048125 -0.042500
v -0.303000 0.047375 -0.037500
v -0.278000 0.047750 -0.038750
v -0.278000 0.047375 -0.038750
v -0.353000 0.049625 0.017500
v -0.353000 0.049250 0.026250
v -0.353000 0.049625 0.026250
v -0.353000 0.049250 0.008750
v -0.353000 0.048875 0.008750
v -0.353000 0.048875 0.017500
v -0.353000 0.049625 -0.017500
v -0.353000 0.049250 -0.008750
v -0.353000 0.049625 -0.008750
v -0.353000 0.047375 -0.017500
v -0.353000 0.047750 -0.026250
v -0.353000 0.047375 -0.026250
v -0.353000 0.047750 -0.008750
v -0.353000 0.048125 -0.008750
v -0.353000 0.048125 -0.017500
v -0.353000 0.047375 0.017500
v -0.353000 0.047750 0.008750
v -0.353000 0.047375 0.008750
v -0.203000 0.049625 0.042500
v -0.178000 0.049250 0.043750
v -0.178000 0.049625 0.043750
v -0.228000 0.049250 0.041250
v -0.228000 0.048875 0.041250
v -0.203000 0.048875 0.042500
v -0.303000 0.049625 0.037500
v -0.278000 0.049250 0.038750
v -0.278000 0.049625 0.038750
v -0.303000 0.047375 0.037500
v -0.328000 0.047750 0.036250
v -0.328000 0.047375 0.036250
v -0.278000 0.047750 0.038750
v -0.278000 0.048125 0.038750
v -0.303000 0.048125 0.037500
v -0.203000 0.047375 0.042500
v -0.228000 0.047750 0.041250
v -0.228000 0.047375 0.041250
v -0.203000 0.047000 0.031250
v -0.178000 0.047000 0.021250
v -0.178000 0.047000 0.032500
v -0.228000 0.047000 0.018750
v -0.228000 0.047000 0.007500
v -0.203000 0.047000 0.008750
v -0.303000 0.047000 0.026250
v -0.278000 0.047000 0.016250
v -0.278000 0.047000 0.027500
v -0.303000 0.047000 -0.028750
v -0.328000 0.047000 -0.018750
v -0.328000 0.047000 -0.027500
v -0.278000 0.047000 -0.021250
v -0.278000 0.047000 -0.012500
v -0.303000 0.047000 -0.011250
v -0.203000 0.047000 -0.033750
v -0.228000 0.047000 -0.023750
v -0.228000 0.047000 -0.032500
v -0.203000 0.050000 -0.031250
v -0.178000 0.050000 -0.021250
v -0.178000 0.050000 -0.032500
v -0.228000 0.050000 -0.018750
v -0.228000 0.050000 -0.007500
v -0.203000 0.050000 -0.008750
v -0.303000 0.050000 -0.026250
v -0.278000 0.050000 -0.016250
v -0.278000 0.050000 -0.027500
v -0.303000 0.050000 0.028750
v -0.328000 0.050000 0.018750
v -0.328000 0.050000 0.027500
v -0.278000 0.050000 0.021250
v -0.278000 0.050000 0.012500
v -0.303000 0.050000 0.011250
v -0.203000 0.050000 0.033750
v -0.228000 0.050000 0.023750
v -0.228000 0.050000 0.032500
v -0.303000 0.050000 -0.006250
v -0.328000 0.050000 -0.016250
v -0.328000 0.050000 -0.007500
v -0.203000 0.050000 0.013750
v -0.178000 0.050000 0.023750
v -0.178000 0.050000 0.012500
v -0.303000 0.047000 0.006250
v -0.328000 0.047000 0.016250
v -0.328000 0.047000 0.007500
v -0.203000 0.047000 -0.013750
v -0.178000 0.047000 -0.023750
v -0.178000 0.047000 -0.012500
v -0.303000 0.048875 0.037500
v -0.328000 0.049250 0.036250
v -0.328000 0.048875 0.036250
v -0.203000 0.048125 0.042500
v -0.178000 0.047750 0.043750
v -0.178000 0.048125 0.043750
v -0.353000 0.048875 -0.017500
v -0.353000 0.049250 -0.026250
v -0.353000 0.048875 -0.026250
v -0.353000 0.048125 0.017500
v -0.353000 0.047750 0.026250
v -0.353000 0.048125 0.026250
v -0.203000 0.048875 -0.042500
v -0.178000 0.049250 -0.043750
v -0.178000 0.048875 -0.043750
v -0.303000 0.048125 -0.037500
v -0.328000 0.047750 -0.036250
v -0.328000 0.048125 -0.036250
v -0.153000 0.048875 0.022500
v -0.153000 0.049250 0.033750
v -0.153000 0.048875 0.033750
v -0.153000 0.048125 -0.022500
v -0.153000 0.047750 -0.033750
v -0.153000 0.048125 -0.033750
v -0.153000 0.049813 -0.045000
v -0.153000 0.049813 0.039375
v -0.153000 0.047187 0.045000
v -0.340500 0.047187 -0.035625
v -0.353000 0.049813 -0.035000
v -0.353000 0.047187 0.030625
v -0.353000 0.049813 0.035000
v -0.353000 0.050000 0.030625
v -0.153000 0.047000 0.039375
v -0.153000 0.050000 0.039375
v -0.340500 0.047000 -0.035625
v -0.340500 0.047000 0.030000
v -0.340500 0.050000 -0.035625
v -0.340500 0.050000 -0.030000
v -0.340500 0.050000 0.035625
v -0.340500 0.047000 0.035625
v -0.340500 0.049813 0.035625
v -0.353000 0.047000 0.030625
v -0.153000 0.048313 -0.045000
v -0.153000 0.048313 -0.005625
v -0.153000 0.048688 0.045000
v -0.240500 0.048688 -0.040625
v -0.353000 0.048313 -0.035000
v -0.353000 0.048688 -0.004375
v -0.353000 0.048313 0.035000
v -0.353000 0.050000 -0.004375
v -0.153000 0.047000 -0.005625
v -0.153000 0.050000 -0.005625
v -0.240500 0.047000 -0.040625
v -0.240500 0.047000 -0.010000
v -0.240500 0.050000 -0.040625
v -0.240500 0.050000 0.010000
v -0.240500 0.050000 0.040625
v -0.240500 0.047000 0.040625
v -0.240500 0.048313 0.040625
v -0.353000 0.047000 -0.004375
v -0.253000 0.050000 0.035625
v -0.340500 0.050000 0.000625
v -0.340500 0.050000 0.005000
v -0.253000 0.050000 -0.034375
v -0.165500 0.050000 0.000625
v -0.165500 0.050000 -0.005000
v -0.253000 0.047000 -0.035625
v -0.340500 0.047000 -0.000625
v -0.340500 0.047000 -0.005000
v -0.253000 0.047000 0.034375
v -0.165500 0.047000 -0.000625
v -0.165500 0.047000 0.005000
v -0.253000 0.047187 0.040000
v -0.340500 0.048500 0.035625
v -0.340500 0.048313 0.035625
v -0.253000 0.049813 0.040000
v -0.165500 0.048500 0.044375
v -0.165500 0.048688 0.044375
v -0.353000 0.047187 0.000000
v -0.353000 0.048500 -0.030625
v -0.353000 0.048313 -0.030625
v -0.353000 0.049813 0.000000
v -0.353000 0.048500 0.030625
v -0.353000 0.048688 0.030625
v -0.253000 0.047187 -0.040000
v -0.165500 0.048500 -0.044375
v -0.165500 0.048313 -0.044375
v -0.253000 0.049813 -0.040000
v -0.340500 0.048500 -0.035625
v -0.340500 0.048688 -0.035625
v -0.153000 0.047187 0.000000
v -0.153000 0.048500 0.039375
v -0.153000 0.048313 0.039375
v -0.153000 0.049813 0.000000
v -0.153000 0.048500 -0.039375
v -0.153000 0.048688 -0.039375
v -0.153000 0.049062 -0.045000
v -0.153000 0.049062 0.016875
v -0.153000 0.047937 0.045000
v -0.290500 0.047937 -0.038125
v -0.353000 0.049062 -0.035000
v -0.353000 0.047937 0.013125
v -0.353000 0.049062 0.035000
v -0.353000 0.050000 0.013125
v -0.153000 0.047000 0.016875
v -0.153000 0.050000 0.016875
v -0.290500 0.047000 -0.038125
v -0.290500 0.047000 0.010000
v -0.290500 0.050000 -0.038125
v -0.290500 0.050000 -0.010000
v -0.290500 0.050000 0.038125
v -0.290500 0.047000 0.038125
v -0.290500 0.049062 0.038125
v -0.353000 0.047000 0.013125
v -0.153000 0.047563 -0.045000
v -0.153000 0.047563 -0.028125
v -0.153000 0.049438 0.045000
v -0.190500 0.049438 -0.043125
v -0.353000 0.047563 -0.035000
v -0.353000 0.049438 -0.021875
v -0.353000 0.047563 0.035000
v -0.353000 0.050000 -0.021875
v -0.153000 0.047000 -0.028125
v -0.153000 0.050000 -0.028125
v -0.190500 0.047000 -0.043125
v -0.190500 0.047000 -0.030000
v -0.190500 0.050000 -0.043125
v -0.190500 0.050000 0.030000
v -0.190500 0.050000 0.043125
v -0.190500 0.047000 0.043125
v -0.190500 0.047563 0.043125
v -0.353000 0.047000 -0.021875
v -0.253000 0.050000 0.018125
v -0.290500 0.050000 0.003125
v -0.290500 0.050000 0.025000
v -0.253000 0.050000 -0.011875
v -0.215500 0.050000 0.003125
v -0.215500 0.050000 -0.025000
v -0.253000 0.047000 -0.018125
v -0.290500 0.047000 -0.003125
v -0.290500 0.047000 -0.025000
v -0.253000 0.047000 0.011875
v -0.215500 0.047000 -0.003125
v -0.215500 0.047000 0.025000
v -0.253000 0.047937 0.040000
v -0.290500 0.048500 0.038125
v -0.290500 0.047563 0.038125
v -0.253000 0.049062 0.040000
v -0.215500 0.048500 0.041875
v -0.215500 0.049438 0.041875
v -0.353000 0.047937 0.000000
v -0.353000 0.048500 -0.013125
v -0.353000 0.047563 -0.013125
v -0.353000 0.049062 0.000000
v -0.353000 0.048500 0.013125
v -0.353000 0.049438 0.013125
v -0.253000 0.047937 -0.040000
v -0.215500 0.048500 -0.041875
v -0.215500 0.047563 -0.041875
v -0.253000 0.049062 -0.040000
v -0.290500 0.048500 -0.038125
v -0.290500 0.049438 -0.038125
v -0.153000 0.047937 0.000000
v -0.153000 0.048500 0.016875
v -0.153000 0.047563 0.016875
v -0.153000 0.049062 0.000000
v -0.153000 0.048500 -0.016875
v -0.153000 0.049438 -0.016875
v -0.153000 0.049813 -0.022500
v -0.153000 0.049250 -0.039375
v -0.153000 0.049438 -0.039375
v -0.153000 0.049250 -0.016875
v -0.153000 0.048688 -0.016875
v -0.153000 0.048688 -0.022500
v -0.153000 0.049813 0.022500
v -0.153000 0.049250 0.005625
v -0.153000 0.049438 0.005625
v -0.153000 0.047187 0.022500
v -0.153000 0.047750 0.039375
v -0.153000 0.047563 0.039375
v -0.153000 0.047750 0.016875
v -0.153000 0.048313 0.016875
v -0.153000 0.048313 0.022500
v -0.153000 0.047187 -0.022500
v -0.153000 0.047750 -0.005625
v -0.153000 0.047563 -0.005625
v -0.303000 0.049813 -0.037500
v -0.340500 0.049250 -0.035625
v -0.340500 0.049438 -0.035625
v -0.290500 0.049250 -0.038125
v -0.290500 0.048688 -0.038125
v -0.303000 0.048688 -0.037500
v -0.203000 0.049813 -0.042500
v -0.240500 0.049250 -0.040625
v -0.240500 0.049438 -0.040625
v -0.203000 0.047187 -0.042500
v -0.165500 0.047750 -0.044375
v -0.165500 0.047563 -0.044375
v -0.215500 0.047750 -0.041875
v -0.215500 0.048313 -0.041875
v -0.203000 0.048313 -0.042500
v -0.303000 0.047187 -0.037500
v -0.265500 0.047750 -0.039375
v -0.265500 0.047563 -0.039375
v -0.353000 0.049813 0.017500
v -0.353000 0.049250 0.030625
v -0.353000 0.049438 0.030625
v -0.353000 0.049250 0.013125
v -0.353000 0.048688 0.013125
v -0.353000 0.048688 0.017500
v -0.353000 0.049813 -0.017500
v -0.353000 0.049250 -0.004375
v -0.353000 0.049438 -0.004375
v -0.353000 0.047187 -0.017500
v -0.353000 0.047750 -0.030625
v -0.353000 0.047563 -0.030625
v -0.353000 0.047750 -0.013125
v -0.353000 0.048313 -0.013125
v -0.353000 0.048313 -0.017500
v -0.353000 0.047187 0.017500
v -0.353000 0.047750 0.004375
v -0.353000 0.047563 0.004375
v -0.203000 0.049813 0.042500
v -0.165500 0.049250 0.044375
v -0.165500 0.049438 0.044375
v -0.215500 0.049250 0.041875
v -0.215500 0.048688 0.041875
v -0.203000 0.048688 0.042500
v -0.303000 0.049813 0.037500
v -0.265500 0.049250 0.039375
v -0.265500 0.049438 0.039375
v -0.303000 0.047187 0.037500
v -0.340500 0.047750 0.035625
v -0.340500 0.047563 0.035625
v -0.290500 0.047750 0.038125
v -0.290500 0.048313 0.038125
v -0.303000 0.048313 0.037500
v -0.203000 0.047187 0.042500
v -0.240500 0.047750 0.040625
v -0.240500 0.047563 0.040625
v -0.203000 0.047000 0.036875
v -0.165500 0.047000 0.021875
v -0.165500 0.047000 0.027500
v -0.215500 0.047000 0.019375
v -0.215500 0.047000 0.002500
v -0.203000 0.047000 0.003125
v -0.303000 0.047000 0.031875
v -0.265500 0.047000 0.016875
v -0.265500 0.047000 0.022500
v -0.303000 0.047000 -0.033125
v -0.340500 0.047000 -0.018125
v -0.340500 0.047000 -0.022500
v -0.290500 0.047000 -0.020625
v -0.290500 0.047000 -0.007500
v -0.303000 0.047000 -0.006875
v -0.203000 0.047000 -0.038125
v -0.240500 0.047000 -0.023125
v -0.240500 0.047000 -0.027500
v -0.203000 0.050000 -0.036875
v -0.165500 0.050000 -0.021875
v -0.165500 0.050000 -0.027500
v -0.215500 0.050000 -0.019375
v -0.215500 0.050000 -0.002500
v -0.203000 0.050000 -0.003125
v -0.303000 0.050000 -0.031875
v -0.265500 0.050000 -0.016875
v -0.265500 0.050000 -0.022500
v -0.303000 0.050000 0.033125
v -0.340500 0.050000 0.018125
v -0.340500 0.050000 0.022500
v -0.290500 0.050000 0.020625
v -0.290500 0.050000 0.007500
v -0.303000 0.050000 0.006875
v -0.203000 0.050000 0.038125
v -0.240500 0.050000 0.023125
v -0.240500 0.050000 0.027500
v -0.303000 0.050000 -0.001875
v -0.340500 0.050000 -0.016875
v -0.340500 0.050000 -0.012500
v -0.203000 0.050000 0.008125
v -0.165500 0.050000 0.023125
v -0.165500 0.050000 0.017500
v -0.303000 0.047000 0.001875
v -0.340500 0.047000 0.016875
v -0.340500 0.047000 0.012500
v -0.203000 0.047000 -0.008125
v -0.165500 0.047000 -0.023125
v -0.165500 0.047000 -0.017500
v -0.303000 0.048688 0.037500
v -0.340500 0.049250 0.035625
v -0.340500 0.049062 0.035625
v -0.203000 0.048313 0.042500
v -0.165500 0.047750 0.044375
v -0.165500 0.047937 0.044375
v -0.353000 0.048688 -0.017500
v -0.353000 0.049250 -0.030625
v -0.353000 0.049062 -0.030625
v -0.353000 0.048313 0.017500
v -0.353000 0.047750 0.030625
v -0.353000 0.047937 0.030625
v -0.203000 0.048688 -0.042500
v -0.165500 0.049250 -0.044375
v -0.165500 0.049062 -0.044375
v -0.303000 0.048313 -0.037500
v -0.340500 0.047750 -0.035625
v -0.340500 0.047937 -0.035625
v -0.153000 0.048688 0.022500
v -0.153000 0.049250 0.039375
v -0.153000 0.049062 0.039375
v -0.153000 0.048313 -0.022500
v -0.153000 0.047750 -0.039375
v -0.153000 0.047937 -0.039375
v -0.153000 0.049438 -0.045000
v -0.153000 0.049438 0.028125
v -0.153000 0.047563 0.045000
v -0.315500 0.047563 -0.036875
v -0.353000 0.049438 -0.035000
v -0.353000 0.047563 0.021875
v -0.353000 0.049438 0.035000
v -0.353000 0.050000 0.021875
v -0.153000 0.047000 0.028125
v -0.153000 0.050000 0.028125
v -0.315500 0.047000 -0.036875
v -0.315500 0.047000 0.020000
v -0.315500 0.050000 -0.036875
v -0.315500 0.050000 -0.020000
v -0.315500 0.050000 0.036875
v -0.315500 0.047000 0.036875
v -0.315500 0.049438 0.036875
v -0.353000 0.047000 0.021875
v -0.153000 0.047937 -0.045000
v -0.153000 0.047937 -0.016875
v -0.153000 0.049062 0.045000
v -0.215500 0.049062 -0.041875
v -0.353000 0.047937 -0.035000
v -0.353000 0.049062 -0.013125
v -0.353000 0.047937 0.035000
v -0.353000 0.050000 -0.013125
v -0.153000 0.047000 -0.016875
v -0.153000 0.050000 -0.016875
v -0.215500 0.047000 -0.041875
v -0.215500 0.047000 -0.020000
v -0.215500 0.050000 -0.041875
v -0.215500 0.050000 0.020000
v -0.215500 0.050000 0.041875
v -0.215500 0.047000 0.041875
v -0.215500 0.047937 0.041875
v -0.353000 0.047000 -0.013125
v -0.253000 0.050000 0.026875
v -0.315500 0.050000 0.001875
v -0.315500 0.050000 0.015000
v -0.253000 0.050000 -0.023125
v -0.190500 0.050000 0.001875
v -0.190500 0.050000 -0.015000
v -0.253000 0.047000 -0.026875
v -0.315500 0.047000 -0.001875
v -0.315500 0.047000 -0.015000
v -0.253000 0.047000 0.023125
v -0.190500 0.047000 -0.001875
v -0.190500 0.047000 0.015000
v -0.253000 0.047563 0.040000
v -0.315500 0.048500 0.036875
v -0.315500 0.047937 0.036875
v -0.253000 0.049438 0.040000
v -0.190500 0.048500 0.043125
v -0.190500 0.049062 0.043125
v -0.353000 0.047563 0.000000
v -0.353000 0.048500 -0.021875
v -0.353000 0.047937 -0.021875
v -0.353000 0.049438 0.000000
v -0.353000 0.048500 0.021875
v -0.353000 0.049062 0.021875
v -0.253000 0.047563 -0.040000
v -0.190500 0.048500 -0.043125
v -0.190500 0.047937 -0.043125
v -0.253000 0.049438 -0.040000
v -0.315500 0.048500 -0.036875
v -0.315500 0.049062 -0.036875
v -0.153000 0.047563 0.000000
v -0.153000 0.048500 0.028125
v -0.153000 0.047937 0.028125
v -0.153000 0.049438 0.000000
v -0.153000 0.048500 -0.028125
v -0.153000 0.049062 -0.028125
v -0.153000 0.048688 -0.045000
v -0.153000 0.048688 0.005625
v -0.153000 0.048313 0.045000
v -0.265500 0.048313 -0.039375
v -0.353000 0.048688 -0.035000
v -0.353000 0.048313 0.004375
v -0.353000 0.048688 0.035000
v -0.353000 0.050000 0.004375
v -0.153000 0.047000 0.005625
v -0.153000 0.050000 0.005625
v -0.265500 0.047000 -0.039375
v -0.265500 0.047000 -0.000000
v -0.265500 0.050000 -0.039375
v -0.265500 0.050000 0.000000
v -0.265500 0.050000 0.039375
v -0.265500 0.047000 0.039375
v -0.265500 0.048688 0.039375
v -0.353000 0.047000 0.004375
v -0.153000 0.047187 -0.045000
v -0.153000 0.047187 -0.039375
v -0.153000 0.049813 0.045000
v -0.165500 0.049813 -0.044375
v -0.353000 0.047187 -0.035000
v -0.353000 0.049813 -0.030625
v -0.353000 0.047187 0.035000
v -0.353000 0.050000 -0.030625
v -0.153000 0.047000 -0.039375
v -0.153000 0.050000 -0.039375
v -0.165500 0.047000 -0.044375
v -0.165500 0.047000 -0.040000
v -0.165500 0.050000 -0.044375
v -0.165500 0.050000 0.040000
v -0.165500 0.050000 0.044375
v -0.165500 0.047000 0.044375
v -0.165500 0.047187 0.044375
v -0.353000 0.047000 -0.030625
v -0.253000 0.050000 0.009375
v -0.265500 0.050000 0.004375
v -0.265500 0.050000 0.035000
v -0.253000 0.050000 -0.000625
v -0.240500 0.050000 0.004375
v -0.240500 0.050000 -0.035000
v -0.253000 0.047000 -0.009375
v -0.265500 0.047000 -0.004375
v -0.265500 0.047000 -0.035000
v -0.253000 0.047000 0.000625
v -0.240500 0.047000 -0.004375
v -0.240500 0.047000 0.035000
v -0.253000 0.048313 0.040000
v -0.265500 0.048500 0.039375
v -0.265500 0.047187 0.039375
v -0.253000 0.048688 0.040000
v -0.240500 0.048500 0.040625
v -0.240500 0.049813 0.040625
v -0.353000 0.048313 0.000000
v -0.353000 0.048500 -0.004375
v -0.353000 0.047187 -0.004375
v -0.353000 0.048688 0.000000
v -0.353000 0.048500 0.004375
v -0.353000 0.049813 0.004375
v -0.253000 0.048313 -0.040000
v -0.240500 0.048500 -0.040625
v -0.240500 0.047187 -0.040625
v -0.253000 0.048688 -0.040000
v -0.265500 0.048500 -0.039375
v -0.265500 0.049813 -0.039375
v -0.153000 0.048313 0.000000
v -0.153000 0.048500 0.005625
v -0.153000 0.047187 0.005625
v -0.153000 0.048688 0.000000
v -0.153000 0.048500 -0.005625
v -0.153000 0.049813 -0.005625
v -0.153000 0.049438 -0.022500
v -0.153000 0.049250 -0.028125
v -0.153000 0.049813 -0.028125
v -0.153000 0.049250 -0.005625
v -0.153000 0.049062 -0.005625
v -0.153000 0.049062 -0.022500
v -0.153000 0.049438 0.022500
v -0.153000 0.049250 0.016875
v -0.153000 0.049813 0.016875
v -0.153000 0.047563 0.022500
v -0.153000 0.047750 0.028125
v -0.153000 0.047187 0.028125
v -0.153000 0.047750 0.005625
v -0.153000 0.047937 0.005625
v -0.153000 0.047937 0.022500
v -0.153000 0.047563 -0.022500
v -0.153000 0.047750 -0.016875
v -0.153000 0.047187 -0.016875
v -0.303000 0.049438 -0.037500
v -0.315500 0.049250 -0.036875
v -0.315500 0.049813 -0.036875
v -0.265500 0.049250 -0.039375
v -0.265500 0.049062 -0.039375
v -0.303000 0.049062 -0.037500
v -0.203000 0.049438 -0.042500
v -0.215500 0.049250 -0.041875
v -0.215500 0.049813 -0.041875
v -0.203000 0.047563 -0.042500
v -0.190500 0.047750 -0.043125
v -0.190500 0.047187 -0.043125
v -0.240500 0.047750 -0.040625
v -0.240500 0.047937 -0.040625
v -0.203000 0.047937 -0.042500
v -0.303000 0.047563 -0.037500
v -0.290500 0.047750 -0.038125
v -0.290500 0.047187 -0.038125
v -0.353000 0.049438 0.017500
v -0.353000 0.049250 0.021875
v -0.353000 0.049813 0.021875
v -0.353000 0.049250 0.004375
v -0.353000 0.049062 0.004375
v -0.353000 0.049062 0.017500
v -0.353000 0.049438 -0.017500
v -0.353000 0.049250 -0.013125
v -0.353000 0.049813 -0.013125
v -0.353000 0.047563 -0.017500
v -0.353000 0.047750 -0.021875
v -0.353000 0.047187 -0.021875
v -0.353000 0.047750 -0.004375
v -0.353000 0.047937 -0.004375
v -0.353000 0.047937 -0.017500
v -0.353000 0.047563 0.017500
v -0.353000 0.047750 0.013125
v -0.353000 0.047187 0.013125
v -0.203000 0.049438 0.042500
v -0.190500 0.049250 0.043125
v -0.190500 0.049813 0.043125
v -0.240500 0.049250 0.040625
v -0.240500 0.049062 0.040625
v -0.203000 0.049062 0.042500
v -0.303000 0.049438 0.037500
v -0.290500 0.049250 0.038125
v -0.290500 0.049813 0.038125
v -0.303000 0.047563 0.037500
v -0.315500 0.047750 0.036875
v -0.315500 0.047187 0.036875
v -0.265500 0.047750 0.039375
v -0.265500 0.047937 0.039375
v -0.303000 0.047937 0.037500
v -0.203000 0.047563 0.042500
v -0.215500 0.047750 0.041875
v -0.215500 0.047187 0.041875
v -0.203000 0.047000 0.025625
v -0.190500 0.047000 0.020625
v -0.190500 0.047000 0.037500
v -0.240500 0.047000 0.018125
v -0.240500 0.047000 0.012500
v -0.203000 0.047000 0.014375
v -0.303000 0.047000 0.020625
v -0.290500 0.047000 0.015625
v -0.290500 0.047000 0.032500
v -0.303000 0.047000 -0.024375
v -0.315500 0.047000 -0.019375
v -0.315500 0.047000 -0.032500
v -0.265500 0.047000 -0.021875
v -0.265500 0.047000 -0.017500
v -0.303000 0.047000 -0.015625
v -0.203000 0.047000 -0.029375
v -0.215500 0.047000 -0.024375
v -0.215500 0.047000 -0.037500
v -0.203000 0.050000 -0.025625
v -0.190500 0.050000 -0.020625
v -0.190500 0.050000 -0.037500
v -0.240500 0.050000 -0.018125
v -0.240500 0.050000 -0.012500
v -0.203000 0.050000 -0.014375
v -0.303000 0.050000 -0.020625
v -0.290500 0.050000 -0.015625
v -0.290500 0.050000 -0.032500
v -0.303000 0.050000 0.024375
v -0.315500 0.050000 0.019375
v -0.315500 0.050000 0.032500
v -0.265500 0.050000 0.021875
v -0.265500 0.050000 0.017500
v -0.303000 0.050000 0.015625
v -0.203000 0.050000 0.029375
v -0.215500 0.050000 0.024375
v -0.215500 0.050000 0.037500
v -0.303000 0.050000 -0.010625
v -0.315500 0.050000 -0.015625
v -0.315500 0.050000 -0.002500
v -0.203000 0.050000 0.019375
v -0.190500 0.050000 0.024375
v -0.190500 0.050000 0.007500
v -0.303000 0.047000 0.010625
v -0.315500 0.047000 0.015625
v -0.315500 0.047000 0.002500
v -0.203000 0.047000 -0.019375
v -0.190500 0.047000 -0.024375
v -0.190500 0.047000 -0.007500
v -0.303000 0.049062 0.037500
v -0.315500 0.049250 0.036875
v -0.315500 0.048688 0.036875
v -0.203000 0.047937 0.042500
v -0.190500 0.047750 0.043125
v -0.190500 0.048313 0.043125
v -0.353000 0.049062 -0.017500
v -0.353000 0.049250 -0.021875
v -0.353000 0.048688 -0.021875
v -0.353000 0.047937 0.017500
v -0.353000 0.047750 0.021875
v -0.353000 0.048313 0.021875
v -0.203000 0.049062 -0.042500
v -0.190500 0.049250 -0.043125
v -0.190500 0.048688 -0.043125
v -0.303000 0.047937 -0.037500
v -0.315500 0.047750 -0.036875
v -0.315500 0.048313 -0.036875
v -0.153000 0.049062 0.022500
v -0.153000 0.049250 0.028125
v -0.153000 0.048688 0.028125
v -0.153000 0.047937 -0.022500
v -0.153000 0.047750 -0.028125
v -0.153000 0.048313 -0.028125
v -0.153000 0.048313 -0.033750
v -0.153000 0.048125 -0.039375
v -0.153000 0.048313 -0.039375
v -0.153000 0.048125 -0.028125
v -0.153000 0.047937 -0.028125
v -0.153000 0.047937 -0.033750
v -0.153000 0.048313 -0.011250
v -0.153000 0.048125 -0.016875
v -0.153000 0.048313 -0.016875
v -0.153000 0.048688 0.033750
v -0.153000 0.048875 0.039375
v -0.153000 0.048688 0.039375
v -0.153000 0.048875 0.028125
v -0.153000 0.049062 0.028125
v -0.153000 0.049062 0.033750
v -0.153000 0.048688 0.011250
v -0.153000 0.048875 0.016875
v -0.153000 0.048688 0.016875
v -0.328000 0.048313 -0.036250
v -0.340500 0.048125 -0.035625
v -0.340500 0.048313 -0.035625
v -0.315500 0.048125 -0.036875
v -0.315500 0.047937 -0.036875
v -0.328000 0.047937 -0.036250
v -0.278000 0.048313 -0.038750
v -0.290500 0.048125 -0.038125
v -0.290500 0.048313 -0.038125
v -0.178000 0.048688 -0.043750
v -0.165500 0.048875 -0.044375
v -0.165500 0.048688 -0.044375
v -0.190500 0.048875 -0.043125
v -0.190500 0.049062 -0.043125
v -0.178000 0.049062 -0.043750
v -0.228000 0.048688 -0.041250
v -0.215500 0.048875 -0.041875
v -0.215500 0.048688 -0.041875
v -0.353000 0.048313 0.026250
v -0.353000 0.048125 0.030625
v -0.353000 0.048313 0.030625
v -0.353000 0.048125 0.021875
v -0.353000 0.047937 0.021875
v -0.353000 0.047937 0.026250
v -0.353000 0.048313 0.008750
v -0.353000 0.048125 0.013125
v -0.353000 0.048313 0.013125
v -0.353000 0.048688 -0.026250
v -0.353000 0.048875 -0.030625
v -0.353000 0.048688 -0.030625
v -0.353000 0.048875 -0.021875
v -0.353000 0.049062 -0.021875
v -0.353000 0.049062 -0.026250
v -0.353000 0.048688 -0.008750
v -0.353000 0.048875 -0.013125
v -0.353000 0.048688 -0.013125
v -0.178000 0.048313 0.043750
v -0.165500 0.048125 0.044375
v -0.165500 0.048313 0.044375
v -0.190500 0.048125 0.043125
v -0.190500 0.047937 0.043125
v -0.178000 0.047937 0.043750
v -0.228000 0.048313 0.041250
v -0.215500 0.048125 0.041875
v -0.215500 0.048313 0.041875
v -0.328000 0.048688 0.036250
v -0.340500 0.048875 0.035625
v -0.340500 0.048688 0.035625
v -0.315500 0.048875 0.036875
v -0.315500 0.049062 0.036875
v -0.328000 0.049062 0.036250
v -0.278000 0.048688 0.038750
v -0.290500 0.048875 0.038125
v -0.290500 0.048688 0.038125
v -0.178000 0.047000 -0.006875
v -0.165500 0.047000 -0.011875
v -0.165500 0.047000 -0.006250
v -0.190500 0.047000 -0.013125
v -0.190500 0.047000 -0.018750
v -0.178000 0.047000 -0.018125
v -0.228000 0.047000 -0.009375
v -0.215500 0.047000 -0.014375
v -0.215500 0.047000 -0.008750
v -0.328000 0.047000 0.003125
v -0.340500 0.047000 0.008125
v -0.340500 0.047000 0.003750
v -0.315500 0.047000 0.006875
v -0.315500 0.047000 0.011250
v -0.328000 0.047000 0.011875
v -0.278000 0.047000 0.000625
v -0.290500 0.047000 0.005625
v -0.290500 0.047000 0.001250
v -0.178000 0.050000 0.006875
v -0.165500 0.050000 0.011875
v -0.165500 0.050000 0.006250
v -0.190500 0.050000 0.013125
v -0.190500 0.050000 0.018750
v -0.178000 0.050000 0.018125
v -0.228000 0.050000 0.009375
v -0.215500 0.050000 0.014375
v -0.215500 0.050000 0.008750
v -0.328000 0.050000 -0.003125
v -0.340500 0.050000 -0.008125
v -0.340500 0.050000 -0.003750
v -0.315500 0.050000 -0.006875
v -0.315500 0.050000 -0.011250
v -0.328000 0.050000 -0.011875
v -0.278000 0.050000 -0.000625
v -0.290500 0.050000 -0.005625
v -0.290500 0.050000 -0.001250
v -0.228000 0.050000 0.036875
v -0.240500 0.050000 0.031875
v -0.240500 0.050000 0.036250
v -0.215500 0.050000 0.033125
v -0.215500 0.050000 0.028750
v -0.228000 0.050000 0.028125
v -0.178000 0.050000 0.039375
v -0.190500 0.050000 0.034375
v -0.190500 0.050000 0.038750
v -0.315500 0.050000 0.010625
v -0.315500 0.050000 0.006250
v -0.328000 0.050000 0.005625
v -0.290500 0.050000 0.016250
v -0.278000 0.050000 0.016875
v -0.290500 0.050000 0.011875
v -0.265500 0.050000 0.030625
v -0.265500 0.050000 0.026250
v -0.278000 0.050000 0.025625
v -0.328000 0.050000 0.031875
v -0.340500 0.050000 0.026875
v -0.340500 0.050000 0.031250
v -0.315500 0.050000 0.028125
v -0.315500 0.050000 0.023750
v -0.328000 0.050000 0.023125
v -0.278000 0.050000 0.034375
v -0.290500 0.050000 0.029375
v -0.290500 0.050000 0.033750
v -0.278000 0.050000 -0.033125
v -0.265500 0.050000 -0.028125
v -0.265500 0.050000 -0.033750
v -0.290500 0.050000 -0.026875
v -0.290500 0.050000 -0.021250
v -0.278000 0.050000 -0.021875
v -0.328000 0.050000 -0.030625
v -0.315500 0.050000 -0.025625
v -0.315500 0.050000 -0.031250
v -0.190500 0.050000 -0.009375
v -0.190500 0.050000 -0.003750
v -0.178000 0.050000 -0.004375
v -0.215500 0.050000 -0.013750
v -0.228000 0.050000 -0.013125
v -0.215500 0.050000 -0.008125
v -0.240500 0.050000 -0.029375
v -0.240500 0.050000 -0.023750
v -0.228000 0.050000 -0.024375
v -0.178000 0.050000 -0.038125
v -0.165500 0.050000 -0.033125
v -0.165500 0.050000 -0.038750
v -0.190500 0.050000 -0.031875
v -0.190500 0.050000 -0.026250
v -0.178000 0.050000 -0.026875
v -0.228000 0.050000 -0.035625
v -0.215500 0.050000 -0.030625
v -0.215500 0.050000 -0.036250
v -0.228000 0.047000 -0.036875
v -0.240500 0.047000 -0.031875
v -0.240500 0.047000 -0.036250
v -0.215500 0.047000 -0.033125
v -0.215500 0.047000 -0.028750
v -0.228000 0.047000 -0.028125
v -0.178000 0.047000 -0.039375
v -0.190500 0.047000 -0.034375
v -0.190500 0.047000 -0.038750
v -0.315500 0.047000 -0.010625
v -0.315500 0.047000 -0.006250
v -0.328000 0.047000 -0.005625
v -0.290500 0.047000 -0.016250
v -0.278000 0.047000 -0.016875
v -0.290500 0.047000 -0.011875
v -0.265500 0.047000 -0.030625
v -0.265500 0.047000 -0.026250
v -0.278000 0.047000 -0.025625
v -0.328000 0.047000 -0.031875
v -0.340500 0.047000 -0.026875
v -0.340500 0.047000 -0.031250
v -0.315500 0.047000 -0.028125
v -0.315500 0.047000 -0.023750
v -0.328000 0.047000 -0.023125
v -0.278000 0.047000 -0.034375
v -0.290500 0.047000 -0.029375
v -0.290500 0.047000 -0.033750
v -0.278000 0.047000 0.033125
v -0.265500 0.047000 0.028125
v -0.265500 0.047000 0.033750
v -0.290500 0.047000 0.026875
v -0.290500 0.047000 0.021250
v -0.278000 0.047000 0.021875
v -0.328000 0.047000 0.030625
v -0.315500 0.047000 0.025625
v -0.315500 0.047000 0.031250
v -0.190500 0.047000 0.009375
v -0.190500 0.047000 0.003750
v -0.178000 0.047000 0.004375
v -0.215500 0.047000 0.013750
v -0.228000 0.047000 0.013125
v -0.215500 0.047000 0.008125
v -0.240500 0.047000 0.029375
v -0.240500 0.047000 0.023750
v -0.228000 0.047000 0.024375
v -0.178000 0.047000 0.038125
v -0.165500 0.047000 0.033125
v -0.165500 0.047000 0.038750
v -0.190500 0.047000 0.031875
v -0.190500 0.047000 0.026250
v -0.178000 0.047000 0.026875
v -0.228000 0.047000 0.035625
v -0.215500 0.047000 0.030625
v -0.215500 0.047000 0.036250
v -0.228000 0.047187 0.041250
v -0.240500 0.047375 0.040625
v -0.240500 0.047187 0.040625
v -0.215500 0.047375 0.041875
v -0.215500 0.047563 0.041875
v -0.228000 0.047563 0.041250
v -0.178000 0.047187 0.043750
v -0.190500 0.047375 0.043125
v -0.190500 0.047187 0.043125
v -0.315500 0.048125 0.036875
v -0.315500 0.048313 0.036875
v -0.328000 0.048313 0.036250
v -0.290500 0.047937 0.038125
v -0.278000 0.047937 0.038750
v -0.290500 0.048125 0.038125
v -0.265500 0.047375 0.039375
v -0.265500 0.047563 0.039375
v -0.278000 0.047563 0.038750
v -0.328000 0.047187 0.036250
v -0.340500 0.047375 0.035625
v -0.340500 0.047187 0.035625
v -0.315500 0.047375 0.036875
v -0.315500 0.047563 0.036875
v -0.328000 0.047563 0.036250
v -0.278000 0.047187 0.038750
v -0.290500 0.047375 0.038125
v -0.290500 0.047187 0.038125
v -0.278000 0.049813 0.038750
v -0.265500 0.049625 0.039375
v -0.265500 0.049813 0.039375
v -0.290500 0.049625 0.038125
v -0.290500 0.049438 0.038125
v -0.278000 0.049438 0.038750
v -0.328000 0.049813 0.036250
v -0.315500 0.049625 0.036875
v -0.315500 0.049813 0.036875
v -0.190500 0.048875 0.043125
v -0.190500 0.048688 0.043125
v -0.178000 0.048688 0.043750
v -0.215500 0.049062 0.041875
v -0.228000 0.049062 0.041250
v -0.215500 0.048875 0.041875
v -0.240500 0.049625 0.040625
v -0.240500 0.049438 0.040625
v -0.228000 0.049438 0.041250
v -0.178000 0.049813 0.043750
v -0.165500 0.049625 0.044375
v -0.165500 0.049813 0.044375
v -0.190500 0.049625 0.043125
v -0.190500 0.049438 0.043125
v -0.178000 0.049438 0.043750
v -0.228000 0.049813 0.041250
v -0.215500 0.049625 0.041875
v -0.215500 0.049813 0.041875
v -0.353000 0.047187 0.008750
v -0.353000 0.047375 0.004375
v -0.353000 0.047187 0.004375
v -0.353000 0.047375 0.013125
v -0.353000 0.047563 0.013125
v -0.353000 0.047563 0.008750
v -0.353000 0.047187 0.026250
v -0.353000 0.047375 0.021875
v -0.353000 0.047187 0.021875
v -0.353000 0.048125 -0.021875
v -0.353000 0.048313 -0.021875
v -0.353000 0.048313 -0.026250
v -0.353000 0.047937 -0.013125
v -0.353000 0.047937 -0.008750
v -0.353000 0.048125 -0.013125
v -0.353000 0.047375 -0.004375
v -0.353000 0.047563 -0.004375
v -0.353000 0.047563 -0.008750
v -0.353000 0.047187 -0.026250
v -0.353000 0.047375 -0.030625
v -0.353000 0.047187 -0.030625
v -0.353000 0.047375 -0.021875
v -0.353000 0.047563 -0.021875
v -0.353000 0.047563 -0.026250
v -0.353000 0.047187 -0.008750
v -0.353000 0.047375 -0.013125
v -0.353000 0.047187 -0.013125
v -0.353000 0.049813 -0.008750
v -0.353000 0.049625 -0.004375
v -0.353000 0.049813 -0.004375
v -0.353000 0.049625 -0.013125
v -0.353000 0.049438 -0.013125
v -0.353000 0.049438 -0.008750
v -0.353000 0.049813 -0.026250
v -0.353000 0.049625 -0.021875
v -0.353000 0.049813 -0.021875
v -0.353000 0.048875 0.021875
v -0.353000 0.048688 0.021875
v -0.353000 0.048688 0.026250
v -0.353000 0.049062 0.013125
v -0.353000 0.049062 0.008750
v -0.353000 0.048875 0.013125
v -0.353000 0.049625 0.004375
v -0.353000 0.049438 0.004375
v -0.353000 0.049438 0.008750
v -0.353000 0.049813 0.026250
v -0.353000 0.049625 0.030625
v -0.353000 0.049813 0.030625
v -0.353000 0.049625 0.021875
v -0.353000 0.049438 0.021875
v -0.353000 0.049438 0.026250
v -0.353000 0.049813 0.008750
v -0.353000 0.049625 0.013125
v -0.353000 0.049813 0.013125
v -0.278000 0.047187 -0.038750
v -0.265500 0.047375 -0.039375
v -0.265500 0.047187 -0.039375
v -0.290500 0.047375 -0.038125
v -0.290500 0.047563 -0.038125
v -0.278000 0.047563 -0.038750
v -0.328000 0.047187 -0.036250
v -0.315500 0.047375 -0.036875
v -0.315500 0.047187 -0.036875
v -0.190500 0.048125 -0.043125
v -0.190500 0.048313 -0.043125
v -0.178000 0.048313 -0.043750
v -0.215500 0.047937 -0.041875
v -0.228000 0.047937 -0.041250
v -0.215500 0.048125 -0.041875
v -0.240500 0.047375 -0.040625
v -0.240500 0.047563 -0.040625
v -0.228000 0.047563 -0.041250
v -0.178000 0.047187 -0.043750
v -0.165500 0.047375 -0.044375
v -0.165500 0.047187 -0.044375
v -0.190500 0.047375 -0.043125
v -0.190500 0.047563 -0.043125
v -0.178000 0.047563 -0.043750
v -0.228000 0.047187 -0.041250
v -0.215500 0.047375 -0.041875
v -0.215500 0.047187 -0.041875
v -0.228000 0.049813 -0.041250
v -0.240500 0.049625 -0.040625
v -0.240500 0.049813 -0.040625
v -0.215500 0.049625 -0.041875
v -0.215500 0.049438 -0.041875
v -0.228000 0.049438 -0.041250
v -0.178000 0.049813 -0.043750
v -0.190500 0.049625 -0.043125
v -0.190500 0.049813 -0.043125
v -0.315500 0.048875 -0.036875
v -0.315500 0.048688 -0.036875
v -0.328000 0.048688 -0.036250
v -0.290500 0.049062 -0.038125
v -0.278000 0.049062 -0.038750
v -0.290500 0.048875 -0.038125
v -0.265500 0.049625 -0.039375
v -0.265500 0.049438 -0.039375
v -0.278000 0.049438 -0.038750
v -0.328000 0.049813 -0.036250
v -0.340500 0.049625 -0.035625
v -0.340500 0.049813 -0.035625
v -0.315500 0.049625 -0.036875
v -0.315500 0.049438 -0.036875
v -0.328000 0.049438 -0.036250
v -0.278000 0.049813 -0.038750
v -0.290500 0.049625 -0.038125
v -0.290500 0.049813 -0.038125
v -0.153000 0.047187 -0.011250
v -0.153000 0.047375 -0.005625
v -0.153000 0.047187 -0.005625
v -0.153000 0.047375 -0.016875
v -0.153000 0.047563 -0.016875
v -0.153000 0.047563 -0.011250
v -0.153000 0.047187 -0.033750
v -0.153000 0.047375 -0.028125
v -0.153000 0.047187 -0.028125
v -0.153000 0.048125 0.028125
v -0.153000 0.048313 0.028125
v -0.153000 0.048313 0.033750
v -0.153000 0.047937 0.016875
v -0.153000 0.047937 0.011250
v -0.153000 0.048125 0.016875
v -0.153000 0.047375 0.005625
v -0.153000 0.047563 0.005625
v -0.153000 0.047563 0.011250
v -0.153000 0.047187 0.033750
v -0.153000 0.047375 0.039375
v -0.153000 0.047187 0.039375
v -0.153000 0.047375 0.028125
v -0.153000 0.047563 0.028125
v -0.153000 0.047563 0.033750
v -0.153000 0.047187 0.011250
v -0.153000 0.047375 0.016875
v -0.153000 0.047187 0.016875
v -0.153000 0.049813 0.011250
v -0.153000 0.049625 0.005625
v -0.153000 0.049813 0.005625
v -0.153000 0.049625 0.016875
v -0.153000 0.049438 0.016875
v -0.153000 0.049438 0.011250
v -0.153000 0.049813 0.033750
v -0.153000 0.049625 0.028125
v -0.153000 0.049813 0.028125
v -0.153000 0.048875 -0.028125
v -0.153000 0.048688 -0.028125
v -0.153000 0.048688 -0.033750
v -0.153000 0.049062 -0.016875
v -0.153000 0.049062 -0.011250
v -0.153000 0.048875 -0.016875
v -0.153000 0.049625 -0.005625
v -0.153000 0.049438 -0.005625
v -0.153000 0.049438 -0.011250
v -0.153000 0.049813 -0.033750
v -0.153000 0.049625 -0.039375
v -0.153000 0.049813 -0.039375
v -0.153000 0.049625 -0.028125
v -0.153000 0.049438 -0.028125
v -0.153000 0.049438 -0.033750
v -0.153000 0.049813 -0.011250
v -0.153000 0.049625 -0.016875
v -0.153000 0.049813 -0.016875
v -0.153000 0.049062 -0.033750
v -0.153000 0.048875 -0.039375
v -0.153000 0.049062 -0.039375
v -0.153000 0.048875 -0.005625
v -0.153000 0.048688 -0.005625
v -0.153000 0.048688 -0.011250
v -0.153000 0.049062 0.011250
v -0.153000 0.048875 0.005625
v -0.153000 0.049062 0.005625
v -0.153000 0.047937 0.033750
v -0.153000 0.048125 0.039375
v -0.153000 0.047937 0.039375
v -0.153000 0.048125 0.005625
v -0.153000 0.048313 0.005625
v -0.153000 0.048313 0.011250
v -0.153000 0.047937 -0.011250
v -0.153000 0.048125 -0.005625
v -0.153000 0.047937 -0.005625
v -0.328000 0.049062 -0.036250
v -0.340500 0.048875 -0.035625
v -0.340500 0.049062 -0.035625
v -0.265500 0.048875 -0.039375
v -0.265500 0.048688 -0.039375
v -0.278000 0.048688 -0.038750
v -0.228000 0.049062 -0.041250
v -0.240500 0.048875 -0.040625
v -0.240500 0.049062 -0.040625
v -0.178000 0.047937 -0.043750
v -0.165500 0.048125 -0.044375
v -0.165500 0.047937 -0.044375
v -0.240500 0.048125 -0.040625
v -0.240500 0.048313 -0.040625
v -0.228000 0.048313 -0.041250
v -0.278000 0.047937 -0.038750
v -0.265500 0.048125 -0.039375
v -0.265500 0.047937 -0.039375
v -0.353000 0.049062 0.026250
v -0.353000 0.048875 0.030625
v -0.353000 0.049062 0.030625
v -0.353000 0.048875 0.004375
v -0.353000 0.048688 0.004375
v -0.353000 0.048688 0.008750
v -0.353000 0.049062 -0.008750
v -0.353000 0.048875 -0.004375
v -0.353000 0.049062 -0.004375
v -0.353000 0.047937 -0.026250
v -0.353000 0.048125 -0.030625
v -0.353000 0.047937 -0.030625
v -0.353000 0.048125 -0.004375
v -0.353000 0.048313 -0.004375
v -0.353000 0.048313 -0.008750
v -0.353000 0.047937 0.008750
v -0.353000 0.048125 0.004375
v -0.353000 0.047937 0.004375
v -0.178000 0.049062 0.043750
v -0.165500 0.048875 0.044375
v -0.165500 0.049062 0.044375
v -0.240500 0.048875 0.040625
v -0.240500 0.048688 0.040625
v -0.228000 0.048688 0.041250
v -0.278000 0.049062 0.038750
v -0.265500 0.048875 0.039375
v -0.265500 0.049062 0.039375
v -0.328000 0.047937 0.036250
v -0.340500 0.048125 0.035625
v -0.340500 0.047937 0.035625
v -0.265500 0.048125 0.039375
v -0.265500 0.048313 0.039375
v -0.278000 0.048313 0.038750
v -0.228000 0.047937 0.041250
v -0.240500 0.048125 0.040625
v -0.240500 0.047937 0.040625
v -0.178000 0.047000 0.015625
v -0.165500 0.047000 0.010625
v -0.165500 0.047000 0.016250
v -0.240500 0.047000 0.006875
v -0.240500 0.047000 0.001250
v -0.228000 0.047000 0.001875
v -0.278000 0.047000 0.010625
v -0.265500 0.047000 0.005625
v -0.265500 0.047000 0.011250
v -0.328000 0.047000 -0.014375
v -0.340500 0.047000 -0.009375
v -0.340500 0.047000 -0.013750
v -0.265500 0.047000 -0.013125
v -0.265500 0.047000 -0.008750
v -0.278000 0.047000 -0.008125
v -0.228000 0.047000 -0.019375
v -0.240500 0.047000 -0.014375
v -0.240500 0.047000 -0.018750
v -0.178000 0.050000 -0.015625
v -0.165500 0.050000 -0.010625
v -0.165500 0.050000 -0.016250
v -0.240500 0.050000 -0.006875
v -0.240500 0.050000 -0.001250
v -0.228000 0.050000 -0.001875
v -0.278000 0.050000 -0.010625
v -0.265500 0.050000 -0.005625
v -0.265500 0.050000 -0.011250
v -0.328000 0.050000 0.014375
v -0.340500 0.050000 0.009375
v -0.340500 0.050000 0.013750
v -0.265500 0.050000 0.013125
v -0.265500 0.050000 0.008750
v -0.278000 0.050000 0.008125
v -0.228000 0.050000 0.019375
v -0.240500 0.050000 0.014375
v -0.240500 0.050000 0.018750
v -0.328000 0.050000 -0.020625
v -0.340500 0.050000 -0.025625
v -0.340500 0.050000 -0.021250
v -0.178000 0.050000 0.029375
v -0.165500 0.050000 0.034375
v -0.165500 0.050000 0.028750
v -0.328000 0.047000 0.020625
v -0.340500 0.047000 0.025625
v -0.340500 0.047000 0.021250
v -0.178000 0.047000 -0.029375
v -0.165500 0.047000 -0.034375
v -0.165500 0.047000 -0.028750
v -0.328000 0.049438 0.036250
v -0.340500 0.049625 0.035625
v -0.340500 0.049438 0.035625
v -0.178000 0.047563 0.043750
v -0.165500 0.047375 0.044375
v -0.165500 0.047563 0.044375
v -0.353000 0.049438 -0.026250
v -0.353000 0.049625 -0.030625
v -0.353000 0.049438 -0.030625
v -0.353000 0.047563 0.026250
v -0.353000 0.047375 0.030625
v -0.353000 0.047563 0.030625
v -0.178000 0.049438 -0.043750
v -0.165500 0.049625 -0.044375
v -0.165500 0.049438 -0.044375
v -0.328000 0.047563 -0.036250
v -0.340500 0.047375 -0.035625
v -0.340500 0.047563 -0.035625
v -0.153000 0.049438 0.033750
v -0.153000 0.049625 0.039375
v -0.153000 0.049438 0.039375
v -0.153000 0.047563 -0.033750
v -0.153000 0.047375 -0.039375
v -0.153000 0.047563 -0.039375
s 0
f 4615 5379 5380
f 4617 5381 5002
f 4619 5383 5004
f 4616 5001 5382
f 4621 5385 5006
f 4620 5005 5384
f 4618 5003 5395
f 4622 5007 5017
f 4615 5387 5390
f 4621 5018 5012
f 4617 5010 5392
f 4620 5386 5014
f 4636 5397 5032
f 4636 5398 5397
f 4630 5368 5039
f 4636 5400 5374
f 4636 5401 5400
f 4632 5028 5042
f 4634 5403 5030
f 4634 5404 5403
f 4640 5036 5045
f 4634 5406 5372
f 4634 5407 5406
f 4631 5369 5048
f 4639 5409 5035
f 4639 5410 5409
f 4629 5025 5051
f 4639 5412 5377
f 4639 5413 5412
f 4625 5021 5054
f 4628 5415 5366
f 4628 5416 5415
f 4627 5023 5057
f 4628 5418 5024
f 4628 5419 5418
f 4629 5367 5060
f 4626 5421 5364
f 4626 5422 5421
f 4623 5019 5063
f 4626 5424 5022
f 4626 5425 5424
f 4627 5365 5066
f 4624 5427 5020
f 4624 5428 5427
f 4625 5363 5069
f 4624 5430 5362
f 4624 5431 5430
f 4623 5361 5072
f 4712 5433 5144
f 4712 5434 5433
f 4641 5289 5147
f 4710 5436 5358
f 4710 5437 5436
f 4711 5359 5150
f 4642 5439 5290
f 4642 5440 5439
f 4710 5358 5153
f 4709 5442 5141
f 4709 5443 5442
f 4643 5291 5156
f 4707 5445 5355
f 4707 5446 5445
f 4708 5356 5159
f 4660 5448 5092
f 4660 5449 5448
f 4707 5355 5162
f 4706 5451 5138
f 4706 5452 5451
f 4645 5293 5165
f 4704 5454 5352
f 4704 5455 5454
f 4705 5353 5168
f 4662 5457 5094
f 4662 5458 5457
f 4704 5352 5171
f 4703 5460 5135
f 4703 5461 5460
f 4659 5091 5174
f 4701 5463 5349
f 4701 5464 5463
f 4702 5350 5177
f 4644 5466 5292
f 4644 5467 5466
f 4701 5349 5180
f 4700 5469 5132
f 4700 5470 5469
f 4647 5295 5183
f 4698 5472 5346
f 4698 5473 5472
f 4699 5347 5186
f 4664 5475 5096
f 4664 5476 5475
f 4698 5346 5189
f 4697 5478 5129
f 4697 5479 5478
f 4663 5095 5192
f 4695 5481 5343
f 4695 5482 5481
f 4696 5344 5195
f 4646 5484 5294
f 4646 5485 5484
f 4695 5343 5198
f 4694 5487 5126
f 4694 5488 5487
f 4661 5093 5201
f 4692 5490 5340
f 4692 5491 5490
f 4693 5341 5204
f 4657 5493 5305
f 4657 5494 5493
f 4692 5340 5207
f 4691 5496 5123
f 4691 5497 5496
f 4665 5097 5210
f 4689 5499 5337
f 4689 5500 5499
f 4690 5338 5213
f 4675 5502 5107
f 4675 5503 5502
f 4689 5337 5216
f 4688 5505 5120
f 4688 5506 5505
f 4649 5297 5219
f 4686 5508 5334
f 4686 5509 5508
f 4687 5335 5222
f 4652 5511 5300
f 4652 5512 5511
f 4686 5334 5225
f 4685 5514 5117
f 4685 5515 5514
f 4676 5108 5228
f 4683 5517 5331
f 4683 5518 5517
f 4684 5332 5231
f 4670 5520 5102
f 4670 5521 5520
f 4683 5331 5234
f 4682 5523 5114
f 4682 5524 5523
f 4668 5100 5237
f 4680 5526 5328
f 4680 5527 5526
f 4681 5329 5240
f 4654 5529 5302
f 4654 5530 5529
f 4680 5328 5243
f 4679 5532 5111
f 4679 5533 5532
f 4648 5296 5246
f 4677 5535 5325
f 4677 5536 5535
f 4678 5326 5249
f 4672 5538 5104
f 4672 5539 5538
f 4677 5325 5252
f 4654 5541 5086
f 4654 5542 5541
f 4666 5314 5255
f 4672 5544 5320
f 4672 5545 5544
f 4650 5082 5258
f 4652 5547 5084
f 4652 5548 5547
f 4658 5090 5261
f 4670 5550 5318
f 4670 5551 5550
f 4667 5315 5264
f 4657 5553 5089
f 4657 5554 5553
f 4647 5079 5267
f 4675 5556 5323
f 4675 5557 5556
f 4643 5075 5270
f 4664 5559 5312
f 4664 5560 5559
f 4645 5077 5273
f 4646 5562 5078
f 4646 5563 5562
f 4665 5313 5276
f 4662 5565 5310
f 4662 5566 5565
f 4641 5073 5279
f 4644 5568 5076
f 4644 5569 5568
f 4663 5311 5282
f 4642 5571 5074
f 4642 5572 5571
f 4661 5309 5285
f 4660 5574 5308
f 4660 5575 5574
f 4659 5307 5288
f 5000 5577 5576
f 5000 5578 5577
f 4731 5019 5579
f 4998 5580 5286
f 4998 5581 5580
f 4999 5287 5582
f 4732 5583 5020
f 4732 5584 5583
f 4998 5286 5585
f 4997 5586 5573
f 4997 5587 5586
f 4733 5021 5588
f 4995 5589 5283
f 4995 5590 5589
f 4996 5284 5591
f 4786 5592 5362
f 4786 5593 5592
f 4995 5283 5594
f 4994 5595 5570
f 4994 5596 5595
f 4735 5023 5597
f 4992 5598 5280
f 4992 5599 5598
f 4993 5281 5600
f 4788 5601 5364
f 4788 5602 5601
f 4992 5280 5603
f 4991 5604 5567
f 4991 5605 5604
f 4785 5361 5606
f 4989 5607 5277
f 4989 5608 5607
f 4990 5278 5609
f 4734 5610 5022
f 4734 5611 5610
f 4989 5277 5612
f 4988 5613 5564
f 4988 5614 5613
f 4737 5025 5615
f 4986 5616 5274
f 4986 5617 5616
f 4987 5275 5618
f 4790 5619 5366
f 4790 5620 5619
f 4986 5274 5621
f 4985 5622 5561
f 4985 5623 5622
f 4789 5365 5624
f 4983 5625 5271
f 4983 5626 5625
f 4984 5272 5627
f 4736 5628 5024
f 4736 5629 5628
f 4983 5271 5630
f 4982 5631 5558
f 4982 5632 5631
f 4787 5363 5633
f 4980 5634 5268
f 4980 5635 5634
f 4981 5269 5636
f 4747 5637 5035
f 4747 5638 5637
f 4980 5268 5639
f 4979 5640 5555
f 4979 5641 5640
f 4791 5367 5642
f 4977 5643 5265
f 4977 5644 5643
f 4978 5266 5645
f 4801 5646 5377
f 4801 5647 5646
f 4977 5265 5648
f 4976 5649 5552
f 4976 5650 5649
f 4739 5027 5651
f 4974 5652 5262
f 4974 5653 5652
f 4975 5263 5654
f 4742 5655 5030
f 4742 5656 5655
f 4974 5262 5657
f 4973 5658 5549
f 4973 5659 5658
f 4802 5378 5660
f 4971 5661 5259
f 4971 5662 5661
f 4972 5260 5663
f 4796 5664 5372
f 4796 5665 5664
f 4971 5259 5666
f 4970 5667 5546
f 4970 5668 5667
f 4794 5370 5669
f 4968 5670 5256
f 4968 5671 5670
f 4969 5257 5672
f 4744 5673 5032
f 4744 5674 5673
f 4968 5256 5675
f 4967 5676 5543
f 4967 5677 5676
f 4738 5026 5678
f 4965 5679 5253
f 4965 5680 5679
f 4966 5254 5681
f 4798 5682 5374
f 4798 5683 5682
f 4965 5253 5684
f 4964 5685 5540
f 4964 5686 5685
f 4749 5037 5687
f 4962 5688 5250
f 4962 5689 5688
f 4963 5251 5690
f 4816 5691 5392
f 4816 5692 5691
f 4962 5250 5693
f 4961 5694 5537
f 4961 5695 5694
f 4750 5038 5696
f 4959 5697 5247
f 4959 5698 5697
f 4960 5248 5699
f 4749 5700 5037
f 4749 5701 5700
f 4959 5247 5702
f 4958 5703 5534
f 4958 5704 5703
f 4720 5008 5705
f 4956 5706 5244
f 4956 5707 5706
f 4957 5245 5708
f 4823 5709 5399
f 4823 5710 5709
f 4956 5244 5711
f 4955 5712 5531
f 4955 5713 5712
f 4752 5040 5714
f 4953 5715 5241
f 4953 5716 5715
f 4954 5242 5717
f 4726 5718 5014
f 4726 5719 5718
f 4953 5241 5720
f 4952 5721 5528
f 4952 5722 5721
f 4753 5041 5723
f 4950 5724 5238
f 4950 5725 5724
f 4951 5239 5726
f 4752 5727 5040
f 4752 5728 5727
f 4950 5238 5729
f 4949 5730 5525
f 4949 5731 5730
f 4812 5388 5732
f 4947 5733 5235
f 4947 5734 5733
f 4948 5236 5735
f 4826 5736 5402
f 4826 5737 5736
f 4947 5235 5738
f 4946 5739 5522
f 4946 5740 5739
f 4755 5043 5741
f 4944 5742 5232
f 4944 5743 5742
f 4945 5233 5744
f 4814 5745 5390
f 4814 5746 5745
f 4944 5232 5747
f 4943 5748 5519
f 4943 5749 5748
f 4756 5044 5750
f 4941 5751 5229
f 4941 5752 5751
f 4942 5230 5753
f 4755 5754 5043
f 4755 5755 5754
f 4941 5229 5756
f 4940 5757 5516
f 4940 5758 5757
f 4820 5396 5759
f 4938 5760 5226
f 4938 5761 5760
f 4939 5227 5762
f 4829 5763 5405
f 4829 5764 5763
f 4938 5226 5765
f 4937 5766 5513
f 4937 5767 5766
f 4758 5046 5768
f 4935 5769 5223
f 4935 5770 5769
f 4936 5224 5771
f 4724 5772 5012
f 4724 5773 5772
f 4935 5223 5774
f 4934 5775 5510
f 4934 5776 5775
f 4759 5047 5777
f 4932 5778 5220
f 4932 5779 5778
f 4933 5221 5780
f 4758 5781 5046
f 4758 5782 5781
f 4932 5220 5783
f 4931 5784 5507
f 4931 5785 5784
f 4721 5009 5786
f 4929 5787 5217
f 4929 5788 5787
f 4930 5218 5789
f 4832 5790 5408
f 4832 5791 5790
f 4929 5217 5792
f 4928 5793 5504
f 4928 5794 5793
f 4761 5049 5795
f 4926 5796 5214
f 4926 5797 5796
f 4927 5215 5798
f 4819 5799 5395
f 4819 5800 5799
f 4926 5214 5801
f 4925 5802 5501
f 4925 5803 5802
f 4762 5050 5804
f 4923 5805 5211
f 4923 5806 5805
f 4924 5212 5807
f 4761 5808 5049
f 4761 5809 5808
f 4923 5211 5810
f 4922 5811 5498
f 4922 5812 5811
f 4809 5385 5813
f 4920 5814 5208
f 4920 5815 5814
f 4921 5209 5816
f 4835 5817 5411
f 4835 5818 5817
f 4920 5208 5819
f 4919 5820 5495
f 4919 5821 5820
f 4764 5052 5822
f 4917 5823 5205
f 4917 5824 5823
f 4918 5206 5825
f 4729 5826 5017
f 4729 5827 5826
f 4917 5205 5828
f 4916 5829 5492
f 4916 5830 5829
f 4765 5053 5831
f 4914 5832 5202
f 4914 5833 5832
f 4915 5203 5834
f 4764 5835 5052
f 4764 5836 5835
f 4914 5202 5837
f 4913 5838 5489
f 4913 5839 5838
f 4805 5381 5840
f 4911 5841 5199
f 4911 5842 5841
f 4912 5200 5843
f 4838 5844 5414
f 4838 5845 5844
f 4911 5199 5846
f 4910 5847 5486
f 4910 5848 5847
f 4767 5055 5849
f 4908 5850 5196
f 4908 5851 5850
f 4909 5197 5852
f 4718 5853 5006
f 4718 5854 5853
f 4908 5196 5855
f 4907 5856 5483
f 4907 5857 5856
f 4768 5056 5858
f 4905 5859 5193
f 4905 5860 5859
f 4906 5194 5861
f 4767 5862 5055
f 4767 5863 5862
f 4905 5193 5864
f 4904 5865 5480
f 4904 5866 5865
f 4807 5383 5867
f 4902 5868 5190
f 4902 5869 5868
f 4903 5191 5870
f 4841 5871 5417
f 4841 5872 5871
f 4902 5190 5873
f 4901 5874 5477
f 4901 5875 5874
f 4770 5058 5876
f 4899 5877 5187
f 4899 5878 5877
f 4900 5188 5879
f 4808 5880 5384
f 4808 5881 5880
f 4899 5187 5882
f 4898 5883 5474
f 4898 5884 5883
f 4771 5059 5885
f 4896 5886 5184
f 4896 5887 5886
f 4897 5185 5888
f 4770 5889 5058
f 4770 5890 5889
f 4896 5184 5891
f 4895 5892 5471
f 4895 5893 5892
f 4719 5007 5894
f 4893 5895 5181
f 4893 5896 5895
f 4894 5182 5897
f 4844 5898 5420
f 4844 5899 5898
f 4893 5181 5900
f 4892 5901 5468
f 4892 5902 5901
f 4773 5061 5903
f 4890 5904 5178
f 4890 5905 5904
f 4891 5179 5906
f 4716 5907 5004
f 4716 5908 5907
f 4890 5178 5909
f 4889 5910 5465
f 4889 5911 5910
f 4774 5062 5912
f 4887 5913 5175
f 4887 5914 5913
f 4888 5176 5915
f 4773 5916 5061
f 4773 5917 5916
f 4887 5175 5918
f 4886 5919 5462
f 4886 5920 5919
f 4803 5379 5921
f 4884 5922 5172
f 4884 5923 5922
f 4885 5173 5924
f 4847 5925 5423
f 4847 5926 5925
f 4884 5172 5927
f 4883 5928 5459
f 4883 5929 5928
f 4776 5064 5930
f 4881 5931 5169
f 4881 5932 5931
f 4882 5170 5933
f 4806 5934 5382
f 4806 5935 5934
f 4881 5169 5936
f 4880 5937 5456
f 4880 5938 5937
f 4777 5065 5939
f 4878 5940 5166
f 4878 5941 5940
f 4879 5167 5942
f 4776 5943 5064
f 4776 5944 5943
f 4878 5166 5945
f 4877 5946 5453
f 4877 5947 5946
f 4717 5005 5948
f 4875 5949 5163
f 4875 5950 5949
f 4876 5164 5951
f 4850 5952 5426
f 4850 5953 5952
f 4875 5163 5954
f 4874 5955 5450
f 4874 5956 5955
f 4779 5067 5957
f 4872 5958 5160
f 4872 5959 5958
f 4873 5161 5960
f 4804 5961 5380
f 4804 5962 5961
f 4872 5160 5963
f 4871 5964 5447
f 4871 5965 5964
f 4780 5068 5966
f 4869 5967 5157
f 4869 5968 5967
f 4870 5158 5969
f 4779 5970 5067
f 4779 5971 5970
f 4869 5157 5972
f 4868 5973 5444
f 4868 5974 5973
f 4715 5003 5975
f 4866 5976 5154
f 4866 5977 5976
f 4867 5155 5978
f 4853 5979 5429
f 4853 5980 5979
f 4866 5154 5981
f 4865 5982 5441
f 4865 5983 5982
f 4782 5070 5984
f 4863 5985 5151
f 4863 5986 5985
f 4864 5152 5987
f 4714 5988 5002
f 4714 5989 5988
f 4863 5151 5990
f 4862 5991 5438
f 4862 5992 5991
f 4783 5071 5993
f 4860 5994 5148
f 4860 5995 5994
f 4861 5149 5996
f 4782 5997 5070
f 4782 5998 5997
f 4860 5148 5999
f 4859 6000 5435
f 4859 6001 6000
f 4713 5001 6002
f 4857 6003 5145
f 4857 6004 6003
f 4858 5146 6005
f 4856 6006 5432
f 4856 6007 6006
f 4857 5145 6008
f 4784 6009 5360
f 4784 6010 6009
f 4785 5073 6011
f 4854 6012 5142
f 4854 6013 6012
f 4855 5143 6014
f 4786 6015 5074
f 4786 6016 6015
f 4854 5142 6017
f 4781 6018 5357
f 4781 6019 6018
f 4787 5075 6020
f 4851 6021 5139
f 4851 6022 6021
f 4852 5140 6023
f 4732 6024 5308
f 4732 6025 6024
f 4851 5139 6026
f 4778 6027 5354
f 4778 6028 6027
f 4789 5077 6029
f 4848 6030 5136
f 4848 6031 6030
f 4849 5137 6032
f 4734 6033 5310
f 4734 6034 6033
f 4848 5136 6035
f 4775 6036 5351
f 4775 6037 6036
f 4731 5307 6038
f 4845 6039 5133
f 4845 6040 6039
f 4846 5134 6041
f 4788 6042 5076
f 4788 6043 6042
f 4845 5133 6044
f 4772 6045 5348
f 4772 6046 6045
f 4791 5079 6047
f 4842 6048 5130
f 4842 6049 6048
f 4843 5131 6050
f 4736 6051 5312
f 4736 6052 6051
f 4842 5130 6053
f 4769 6054 5345
f 4769 6055 6054
f 4735 5311 6056
f 4839 6057 5127
f 4839 6058 6057
f 4840 5128 6059
f 4790 6060 5078
f 4790 6061 6060
f 4839 5127 6062
f 4766 6063 5342
f 4766 6064 6063
f 4733 5309 6065
f 4836 6066 5124
f 4836 6067 6066
f 4837 5125 6068
f 4801 6069 5089
f 4801 6070 6069
f 4836 5124 6071
f 4763 6072 5339
f 4763 6073 6072
f 4737 5313 6074
f 4833 6075 5121
f 4833 6076 6075
f 4834 5122 6077
f 4747 6078 5323
f 4747 6079 6078
f 4833 5121 6080
f 4760 6081 5336
f 4760 6082 6081
f 4793 5081 6083
f 4830 6084 5118
f 4830 6085 6084
f 4831 5119 6086
f 4796 6087 5084
f 4796 6088 6087
f 4830 5118 6089
f 4757 6090 5333
f 4757 6091 6090
f 4748 5324 6092
f 4827 6093 5115
f 4827 6094 6093
f 4828 5116 6095
f 4742 6096 5318
f 4742 6097 6096
f 4827 5115 6098
f 4754 6099 5330
f 4754 6100 6099
f 4740 5316 6101
f 4824 6102 5112
f 4824 6103 6102
f 4825 5113 6104
f 4798 6105 5086
f 4798 6106 6105
f 4824 5112 6107
f 4751 6108 5327
f 4751 6109 6108
f 4792 5080 6110
f 4821 6111 5109
f 4821 6112 6111
f 4822 5110 6113
f 4744 6114 5320
f 4744 6115 6114
f 4821 5109 6116
f 4726 6117 5302
f 4726 6118 6117
f 4810 5098 6119
f 4816 6120 5104
f 4816 6121 6120
f 4722 5298 6122
f 4724 6123 5300
f 4724 6124 6123
f 4730 5306 6125
f 4814 6126 5102
f 4814 6127 6126
f 4811 5099 6128
f 4729 6129 5305
f 4729 6130 6129
f 4719 5295 6131
f 4819 6132 5107
f 4819 6133 6132
f 4715 5291 6134
f 4808 6135 5096
f 4808 6136 6135
f 4717 5293 6137
f 4718 6138 5294
f 4718 6139 6138
f 4809 5097 6140
f 4806 6141 5094
f 4806 6142 6141
f 4713 5289 6143
f 4716 6144 5292
f 4716 6145 6144
f 4807 5095 6146
f 4714 6147 5290
f 4714 6148 6147
f 4805 5093 6149
f 4804 6150 5092
f 4804 6151 6150
f 4803 5091 6152
f 6152 5287 4999
f 6152 5091 5287
f 5091 4659 5287
f 6150 6152 4999
f 6150 6151 6152
f 6151 4803 6152
f 5092 5575 4660
f 5092 6150 5575
f 6150 4999 5575
f 6149 5284 4996
f 6149 5093 5284
f 5093 4661 5284
f 6147 6149 4996
f 6147 6148 6149
f 6148 4805 6149
f 5290 5572 4642
f 5290 6147 5572
f 6147 4996 5572
f 6146 5281 4993
f 6146 5095 5281
f 5095 4663 5281
f 6144 6146 4993
f 6144 6145 6146
f 6145 4807 6146
f 5292 5569 4644
f 5292 6144 5569
f 6144 4993 5569
f 6143 5278 4990
f 6143 5289 5278
f 5289 4641 5278
f 6141 6143 4990
f 6141 6142 6143
f 6142 4713 6143
f 5094 5566 4662
f 5094 6141 5566
f 6141 4990 5566
f 6140 5275 4987
f 6140 5097 5275
f 5097 4665 5275
f 6138 6140 4987
f 6138 6139 6140
f 6139 4809 6140
f 5294 5563 4646
f 5294 6138 5563
f 6138 4987 5563
f 6137 5272 4984
f 6137 5293 5272
f 5293 4645 5272
f 6135 6137 4984
f 6135 6136 6137
f 6136 4717 6137
f 5096 5560 4664
f 5096 6135 5560
f 6135 4984 5560
f 6134 5269 4981
f 6134 5291 5269
f 5291 4643 5269
f 6132 6134 4981
f 6132 6133 6134
f 6133 4715 6134
f 5107 5557 4675
f 5107 6132 5557
f 6132 4981 5557
f 6131 5266 4978
f 6131 5295 5266
f 5295 4647 5266
f 6129 6131 4978
f 6129 6130 6131
f 6130 4719 6131
f 5305 5554 4657
f 5305 6129 5554
f 6129 4978 5554
f 6128 5263 4975
f 6128 5099 5263
f 5099 4667 5263
f 6126 6128 4975
f 6126 6127 6128
f 6127 4811 6128
f 5102 5551 4670
f 5102 6126 5551
f 6126 4975 5551
f 6125 5260 4972
f 6125 5306 5260
f 5306 4658 5260
f 6123 6125 4972
f 6123 6124 6125
f 6124 4730 6125
f 5300 5548 4652
f 5300 6123 5548
f 6123 4972 5548
f 6122 5257 4969
f 6122 5298 5257
f 5298 4650 5257
f 6120 6122 4969
f 6120 6121 6122
f 6121 4722 6122
f 5104 5545 4672
f 5104 6120 5545
f 6120 4969 5545
f 6119 5254 4966
f 6119 5098 5254
f 5098 4666 5254
f 6117 6119 4966
f 6117 6118 6119
f 6118 4810 6119
f 5302 5542 4654
f 5302 6117 5542
f 6117 4966 5542
f 6116 5251 4963
f 6116 5109 5251
f 5109 4677 5251
f 6114 6116 4963
f 6114 6115 6116
f 6115 4821 6116
f 5320 5539 4672
f 5320 6114 5539
f 6114 4963 5539
f 6113 5248 4960
f 6113 5110 5248
f 5110 4678 5248
f 6111 6113 4960
f 6111 6112 6113
f 6112 4822 6113
f 5109 5536 4677
f 5109 6111 5536
f 6111 4960 5536
f 6110 5245 4957
f 6110 5080 5245
f 5080 4648 5245
f 6108 6110 4957
f 6108 6109 6110
f 6109 4792 6110
f 5327 5533 4679
f 5327 6108 5533
f 6108 4957 5533
f 6107 5242 4954
f 6107 5112 5242
f 5112 4680 5242
f 6105 6107 4954
f 6105 6106 6107
f 6106 4824 6107
f 5086 5530 4654
f 5086 6105 5530
f 6105 4954 5530
f 6104 5239 4951
f 6104 5113 5239
f 5113 4681 5239
f 6102 6104 4951
f 6102 6103 6104
f 6103 4825 6104
f 5112 5527 4680
f 5112 6102 5527
f 6102 4951 5527
f 6101 5236 4948
f 6101 5316 5236
f 5316 4668 5236
f 6099 6101 4948
f 6099 6100 6101
f 6100 4740 6101
f 5330 5524 4682
f 5330 6099 5524
f 6099 4948 5524
f 6098 5233 4945
f 6098 5115 5233
f 5115 4683 5233
f 6096 6098 4945
f 6096 6097 6098
f 6097 4827 6098
f 5318 5521 4670
f 5318 6096 5521
f 6096 4945 5521
f 6095 5230 4942
f 6095 5116 5230
f 5116 4684 5230
f 6093 6095 4942
f 6093 6094 6095
f 6094 4828 6095
f 5115 5518 4683
f 5115 6093 5518
f 6093 4942 5518
f 6092 5227 4939
f 6092 5324 5227
f 5324 4676 5227
f 6090 6092 4939
f 6090 6091 6092
f 6091 4748 6092
f 5333 5515 4685
f 5333 6090 5515
f 6090 4939 5515
f 6089 5224 4936
f 6089 5118 5224
f 5118 4686 5224
f 6087 6089 4936
f 6087 6088 6089
f 6088 4830 6089
f 5084 5512 4652
f 5084 6087 5512
f 6087 4936 5512
f 6086 5221 4933
f 6086 5119 5221
f 5119 4687 5221
f 6084 6086 4933
f 6084 6085 6086
f 6085 4831 6086
f 5118 5509 4686
f 5118 6084 5509
f 6084 4933 5509
f 6083 5218 4930
f 6083 5081 5218
f 5081 4649 5218
f 6081 6083 4930
f 6081 6082 6083
f 6082 4793 6083
f 5336 5506 4688
f 5336 6081 5506
f 6081 4930 5506
f 6080 5215 4927
f 6080 5121 5215
f 5121 4689 5215
f 6078 6080 4927
f 6078 6079 6080
f 6079 4833 6080
f 5323 5503 4675
f 5323 6078 5503
f 6078 4927 5503
f 6077 5212 4924
f 6077 5122 5212
f 5122 4690 5212
f 6075 6077 4924
f 6075 6076 6077
f 6076 4834 6077
f 5121 5500 4689
f 5121 6075 5500
f 6075 4924 5500
f 6074 5209 4921
f 6074 5313 5209
f 5313 4665 5209
f 6072 6074 4921
f 6072 6073 6074
f 6073 4737 6074
f 5339 5497 4691
f 5339 6072 5497
f 6072 4921 5497
f 6071 5206 4918
f 6071 5124 5206
f 5124 4692 5206
f 6069 6071 4918
f 6069 6070 6071
f 6070 4836 6071
f 5089 5494 4657
f 5089 6069 5494
f 6069 4918 5494
f 6068 5203 4915
f 6068 5125 5203
f 5125 4693 5203
f 6066 6068 4915
f 6066 6067 6068
f 6067 4837 6068
f 5124 5491 4692
f 5124 6066 5491
f 6066 4915 5491
f 6065 5200 4912
f 6065 5309 5200
f 5309 4661 5200
f 6063 6065 4912
f 6063 6064 6065
f 6064 4733 6065
f 5342 5488 4694
f 5342 6063 5488
f 6063 4912 5488
f 6062 5197 4909
f 6062 5127 5197
f 5127 4695 5197
f 6060 6062 4909
f 6060 6061 6062
f 6061 4839 6062
f 5078 5485 4646
f 5078 6060 5485
f 6060 4909 5485
f 6059 5194 4906
f 6059 5128 5194
f 5128 4696 5194
f 6057 6059 4906
f 6057 6058 6059
f 6058 4840 6059
f 5127 5482 4695
f 5127 6057 5482
f 6057 4906 5482
f 6056 5191 4903
f 6056 5311 5191
f 5311 4663 5191
f 6054 6056 4903
f 6054 6055 6056
f 6055 4735 6056
f 5345 5479 4697
f 5345 6054 5479
f 6054 4903 5479
f 6053 5188 4900
f 6053 5130 5188
f 5130 4698 5188
f 6051 6053 4900
f 6051 6052 6053
f 6052 4842 6053
f 5312 5476 4664
f 5312 6051 5476
f 6051 4900 5476
f 6050 5185 4897
f 6050 5131 5185
f 5131 4699 5185
f 6048 6050 4897
f 6048 6049 6050
f 6049 4843 6050
f 5130 5473 4698
f 5130 6048 5473
f 6048 4897 5473
f 6047 5182 4894
f 6047 5079 5182
f 5079 4647 5182
f 6045 6047 4894
f 6045 6046 6047
f 6046 4791 6047
f 5348 5470 4700
f 5348 6045 5470
f 6045 4894 5470
f 6044 5179 4891
f 6044 5133 5179
f 5133 4701 5179
f 6042 6044 4891
f 6042 6043 6044
f 6043 4845 6044
f 5076 5467 4644
f 5076 6042 5467
f 6042 4891 5467
f 6041 5176 4888
f 6041 5134 5176
f 5134 4702 5176
f 6039 6041 4888
f 6039 6040 6041
f 6040 4846 6041
f 5133 5464 4701
f 5133 6039 5464
f 6039 4888 5464
f 6038 5173 4885
f 6038 5307 5173
f 5307 4659 5173
f 6036 6038 4885
f 6036 6037 6038
f 6037 4731 6038
f 5351 5461 4703
f 5351 6036 5461
f 6036 4885 5461
f 6035 5170 4882
f 6035 5136 5170
f 5136 4704 5170
f 6033 6035 4882
f 6033 6034 6035
f 6034 4848 6035
f 5310 5458 4662
f 5310 6033 5458
f 6033 4882 5458
f 6032 5167 4879
f 6032 5137 5167
f 5137 4705 5167
f 6030 6032 4879
f 6030 6031 6032
f 6031 4849 6032
f 5136 5455 4704
f 5136 6030 5455
f 6030 4879 5455
f 6029 5164 4876
f 6029 5077 5164
f 5077 4645 5164
f 6027 6029 4876
f 6027 6028 6029
f 6028 4789 6029
f 5354 5452 4706
f 5354 6027 5452
f 6027 4876 5452
f 6026 5161 4873
f 6026 5139 5161
f 5139 4707 5161
f 6024 6026 4873
f 6024 6025 6026
f 6025 4851 6026
f 5308 5449 4660
f 5308 6024 5449
f 6024 4873 5449
f 6023 5158 4870
f 6023 5140 5158
f 5140 4708 5158
f 6021 6023 4870
f 6021 6022 6023
f 6022 4852 6023
f 5139 5446 4707
f 5139 6021 5446
f 6021 4870 5446
f 6020 5155 4867
f 6020 5075 5155
f 5075 4643 5155
f 6018 6020 4867
f 6018 6019 6020
f 6019 4787 6020
f 5357 5443 4709
f 5357 6018 5443
f 6018 4867 5443
f 6017 5152 4864
f 6017 5142 5152
f 5142 4710 5152
f 6015 6017 4864
f 6015 6016 6017
f 6016 4854 6017
f 5074 5440 4642
f 5074 6015 5440
f 6015 4864 5440
f 6014 5149 4861
f 6014 5143 5149
f 5143 4711 5149
f 6012 6014 4861
f 6012 6013 6014
f 6013 4855 6014
f 5142 5437 4710
f 5142 6012 5437
f 6012 4861 5437
f 6011 5146 4858
f 6011 5073 5146
f 5073 4641 5146
f 6009 6011 4858
f 6009 6010 6011
f 6010 4785 6011
f 5360 5434 4712
f 5360 6009 5434
f 6009 4858 5434
f 6008 5316 4740
f 6008 5145 5316
f 5145 4668 5316
f 6006 6008 4740
f 6006 6007 6008
f 6007 4857 6008
f 5432 5028 4632
f 5432 6006 5028
f 6006 4740 5028
f 6005 5147 4859
f 6005 5146 5147
f 5146 4641 5147
f 6003 6005 4859
f 6003 6004 6005
f 6004 4858 6005
f 5145 5435 4668
f 5145 6003 5435
f 6003 4859 5435
f 6002 5388 4812
f 6002 5001 5388
f 5001 4616 5388
f 6000 6002 4812
f 6000 6001 6002
f 6001 4713 6002
f 5435 5100 4668
f 5435 6000 5100
f 6000 4812 5100
f 5999 5144 4856
f 5999 5148 5144
f 5148 4712 5144
f 5997 5999 4856
f 5997 5998 5999
f 5998 4860 5999
f 5070 5432 4632
f 5070 5997 5432
f 5997 4856 5432
f 5996 5150 4862
f 5996 5149 5150
f 5149 4711 5150
f 5994 5996 4862
f 5994 5995 5996
f 5995 4861 5996
f 5148 5438 4712
f 5148 5994 5438
f 5994 4862 5438
f 5993 5072 4784
f 5993 5071 5072
f 5071 4623 5072
f 5991 5993 4784
f 5991 5992 5993
f 5992 4783 5993
f 5438 5360 4712
f 5438 5991 5360
f 5991 4784 5360
f 5990 5298 4722
f 5990 5151 5298
f 5151 4650 5298
f 5988 5990 4722
f 5988 5989 5990
f 5989 4863 5990
f 5002 5010 4617
f 5002 5988 5010
f 5988 4722 5010
f 5987 5153 4865
f 5987 5152 5153
f 5152 4710 5153
f 5985 5987 4865
f 5985 5986 5987
f 5986 4864 5987
f 5151 5441 4650
f 5151 5985 5441
f 5985 4865 5441
f 5984 5370 4794
f 5984 5070 5370
f 5070 4632 5370
f 5982 5984 4794
f 5982 5983 5984
f 5983 4782 5984
f 5441 5082 4650
f 5441 5982 5082
f 5982 4794 5082
f 5981 5081 4793
f 5981 5154 5081
f 5154 4649 5081
f 5979 5981 4793
f 5979 5980 5981
f 5980 4866 5981
f 5429 5369 4631
f 5429 5979 5369
f 5979 4793 5369
f 5978 5156 4868
f 5978 5155 5156
f 5155 4643 5156
f 5976 5978 4868
f 5976 5977 5978
f 5977 4867 5978
f 5154 5444 4649
f 5154 5976 5444
f 5976 4868 5444
f 5975 5009 4721
f 5975 5003 5009
f 5003 4618 5009
f 5973 5975 4721
f 5973 5974 5975
f 5974 4715 5975
f 5444 5297 4649
f 5444 5973 5297
f 5973 4721 5297
f 5972 5141 4853
f 5972 5157 5141
f 5157 4709 5141
f 5970 5972 4853
f 5970 5971 5972
f 5971 4869 5972
f 5067 5429 4631
f 5067 5970 5429
f 5970 4853 5429
f 5969 5159 4871
f 5969 5158 5159
f 5158 4708 5159
f 5967 5969 4871
f 5967 5968 5969
f 5968 4870 5969
f 5157 5447 4709
f 5157 5967 5447
f 5967 4871 5447
f 5966 5069 4781
f 5966 5068 5069
f 5068 4625 5069
f 5964 5966 4781
f 5964 5965 5966
f 5965 4780 5966
f 5447 5357 4709
f 5447 5964 5357
f 5964 4781 5357
f 5963 5099 4811
f 5963 5160 5099
f 5160 4667 5099
f 5961 5963 4811
f 5961 5962 5963
f 5962 4872 5963
f 5380 5387 4615
f 5380 5961 5387
f 5961 4811 5387
f 5960 5162 4874
f 5960 5161 5162
f 5161 4707 5162
f 5958 5960 4874
f 5958 5959 5960
f 5959 4873 5960
f 5160 5450 4667
f 5160 5958 5450
f 5958 4874 5450
f 5957 5027 4739
f 5957 5067 5027
f 5067 4631 5027
f 5955 5957 4739
f 5955 5956 5957
f 5956 4779 5957
f 5450 5315 4667
f 5450 5955 5315
f 5955 4739 5315
f 5954 5085 4797
f 5954 5163 5085
f 5163 4653 5085
f 5952 5954 4797
f 5952 5953 5954
f 5953 4875 5954
f 5426 5373 4635
f 5426 5952 5373
f 5952 4797 5373
f 5951 5165 4877
f 5951 5164 5165
f 5164 4645 5165
f 5949 5951 4877
f 5949 5950 5951
f 5950 4876 5951
f 5163 5453 4653
f 5163 5949 5453
f 5949 4877 5453
f 5948 5013 4725
f 5948 5005 5013
f 5005 4620 5013
f 5946 5948 4725
f 5946 5947 5948
f 5947 4717 5948
f 5453 5301 4653
f 5453 5946 5301
f 5946 4725 5301
f 5945 5138 4850
f 5945 5166 5138
f 5166 4706 5138
f 5943 5945 4850
f 5943 5944 5945
f 5944 4878 5945
f 5064 5426 4635
f 5064 5943 5426
f 5943 4850 5426
f 5942 5168 4880
f 5942 5167 5168
f 5167 4705 5168
f 5940 5942 4880
f 5940 5941 5942
f 5941 4879 5942
f 5166 5456 4706
f 5166 5940 5456
f 5940 4880 5456
f 5939 5066 4778
f 5939 5065 5066
f 5065 4627 5066
f 5937 5939 4778
f 5937 5938 5939
f 5938 4777 5939
f 5456 5354 4706
f 5456 5937 5354
f 5937 4778 5354
f 5936 5103 4815
f 5936 5169 5103
f 5169 4671 5103
f 5934 5936 4815
f 5934 5935 5936
f 5935 4881 5936
f 5382 5391 4616
f 5382 5934 5391
f 5934 4815 5391
f 5933 5171 4883
f 5933 5170 5171
f 5170 4704 5171
f 5931 5933 4883
f 5931 5932 5933
f 5932 4882 5933
f 5169 5459 4671
f 5169 5931 5459
f 5931 4883 5459
f 5930 5031 4743
f 5930 5064 5031
f 5064 4635 5031
f 5928 5930 4743
f 5928 5929 5930
f 5929 4776 5930
f 5459 5319 4671
f 5459 5928 5319
f 5928 4743 5319
f 5927 5317 4741
f 5927 5172 5317
f 5172 4669 5317
f 5925 5927 4741
f 5925 5926 5927
f 5926 4884 5927
f 5423 5029 4633
f 5423 5925 5029
f 5925 4741 5029
f 5924 5174 4886
f 5924 5173 5174
f 5173 4659 5174
f 5922 5924 4886
f 5922 5923 5924
f 5923 4885 5924
f 5172 5462 4669
f 5172 5922 5462
f 5922 4886 5462
f 5921 5389 4813
f 5921 5379 5389
f 5379 4615 5389
f 5919 5921 4813
f 5919 5920 5921
f 5920 4803 5921
f 5462 5101 4669
f 5462 5919 5101
f 5919 4813 5101
f 5918 5135 4847
f 5918 5175 5135
f 5175 4703 5135
f 5916 5918 4847
f 5916 5917 5918
f 5917 4887 5918
f 5061 5423 4633
f 5061 5916 5423
f 5916 4847 5423
f 5915 5177 4889
f 5915 5176 5177
f 5176 4702 5177
f 5913 5915 4889
f 5913 5914 5915
f 5914 4888 5915
f 5175 5465 4703
f 5175 5913 5465
f 5913 4889 5465
f 5912 5063 4775
f 5912 5062 5063
f 5062 4623 5063
f 5910 5912 4775
f 5910 5911 5912
f 5911 4774 5912
f 5465 5351 4703
f 5465 5910 5351
f 5910 4775 5351
f 5909 5299 4723
f 5909 5178 5299
f 5178 4651 5299
f 5907 5909 4723
f 5907 5908 5909
f 5908 4890 5909
f 5004 5011 4619
f 5004 5907 5011
f 5907 4723 5011
f 5906 5180 4892
f 5906 5179 5180
f 5179 4701 5180
f 5904 5906 4892
f 5904 5905 5906
f 5905 4891 5906
f 5178 5468 4651
f 5178 5904 5468
f 5904 4892 5468
f 5903 5371 4795
f 5903 5061 5371
f 5061 4633 5371
f 5901 5903 4795
f 5901 5902 5903
f 5902 4773 5903
f 5468 5083 4651
f 5468 5901 5083
f 5901 4795 5083
f 5900 5080 4792
f 5900 5181 5080
f 5181 4648 5080
f 5898 5900 4792
f 5898 5899 5900
f 5899 4893 5900
f 5420 5368 4630
f 5420 5898 5368
f 5898 4792 5368
f 5897 5183 4895
f 5897 5182 5183
f 5182 4647 5183
f 5895 5897 4895
f 5895 5896 5897
f 5896 4894 5897
f 5181 5471 4648
f 5181 5895 5471
f 5895 4895 5471
f 5894 5008 4720
f 5894 5007 5008
f 5007 4622 5008
f 5892 5894 4720
f 5892 5893 5894
f 5893 4719 5894
f 5471 5296 4648
f 5471 5892 5296
f 5892 4720 5296
f 5891 5132 4844
f 5891 5184 5132
f 5184 4700 5132
f 5889 5891 4844
f 5889 5890 5891
f 5890 4896 5891
f 5058 5420 4630
f 5058 5889 5420
f 5889 4844 5420
f 5888 5186 4898
f 5888 5185 5186
f 5185 4699 5186
f 5886 5888 4898
f 5886 5887 5888
f 5887 4897 5888
f 5184 5474 4700
f 5184 5886 5474
f 5886 4898 5474
f 5885 5060 4772
f 5885 5059 5060
f 5059 4629 5060
f 5883 5885 4772
f 5883 5884 5885
f 5884 4771 5885
f 5474 5348 4700
f 5474 5883 5348
f 5883 4772 5348
f 5882 5098 4810
f 5882 5187 5098
f 5187 4666 5098
f 5880 5882 4810
f 5880 5881 5882
f 5881 4899 5882
f 5384 5386 4620
f 5384 5880 5386
f 5880 4810 5386
f 5879 5189 4901
f 5879 5188 5189
f 5188 4698 5189
f 5877 5879 4901
f 5877 5878 5879
f 5878 4900 5879
f 5187 5477 4666
f 5187 5877 5477
f 5877 4901 5477
f 5876 5026 4738
f 5876 5058 5026
f 5058 4630 5026
f 5874 5876 4738
f 5874 5875 5876
f 5875 4770 5876
f 5477 5314 4666
f 5477 5874 5314
f 5874 4738 5314
f 5873 5324 4748
f 5873 5190 5324
f 5190 4676 5324
f 5871 5873 4748
f 5871 5872 5873
f 5872 4902 5873
f 5417 5036 4640
f 5417 5871 5036
f 5871 4748 5036
f 5870 5192 4904
f 5870 5191 5192
f 5191 4663 5192
f 5868 5870 4904
f 5868 5869 5870
f 5869 4903 5870
f 5190 5480 4676
f 5190 5868 5480
f 5868 4904 5480
f 5867 5396 4820
f 5867 5383 5396
f 5383 4619 5396
f 5865 5867 4820
f 5865 5866 5867
f 5866 4807 5867
f 5480 5108 4676
f 5480 5865 5108
f 5865 4820 5108
f 5864 5129 4841
f 5864 5193 5129
f 5193 4697 5129
f 5862 5864 4841
f 5862 5863 5864
f 5863 4905 5864
f 5055 5417 4640
f 5055 5862 5417
f 5862 4841 5417
f 5861 5195 4907
f 5861 5194 5195
f 5194 4696 5195
f 5859 5861 4907
f 5859 5860 5861
f 5860 4906 5861
f 5193 5483 4697
f 5193 5859 5483
f 5859 4907 5483
f 5858 5057 4769
f 5858 5056 5057
f 5056 4627 5057
f 5856 5858 4769
f 5856 5857 5858
f 5857 4768 5858
f 5483 5345 4697
f 5483 5856 5345
f 5856 4769 5345
f 5855 5306 4730
f 5855 5196 5306
f 5196 4658 5306
f 5853 5855 4730
f 5853 5854 5855
f 5854 4908 5855
f 5006 5018 4621
f 5006 5853 5018
f 5853 4730 5018
f 5852 5198 4910
f 5852 5197 5198
f 5197 4695 5198
f 5850 5852 4910
f 5850 5851 5852
f 5851 4909 5852
f 5196 5486 4658
f 5196 5850 5486
f 5850 4910 5486
f 5849 5378 4802
f 5849 5055 5378
f 5055 4640 5378
f 5847 5849 4802
f 5847 5848 5849
f 5848 4767 5849
f 5486 5090 4658
f 5486 5847 5090
f 5847 4802 5090
f 5846 5321 4745
f 5846 5199 5321
f 5199 4673 5321
f 5844 5846 4745
f 5844 5845 5846
f 5845 4911 5846
f 5414 5033 4637
f 5414 5844 5033
f 5844 4745 5033
f 5843 5201 4913
f 5843 5200 5201
f 5200 4661 5201
f 5841 5843 4913
f 5841 5842 5843
f 5842 4912 5843
f 5199 5489 4673
f 5199 5841 5489
f 5841 4913 5489
f 5840 5393 4817
f 5840 5381 5393
f 5381 4617 5393
f 5838 5840 4817
f 5838 5839 5840
f 5839 4805 5840
f 5489 5105 4673
f 5489 5838 5105
f 5838 4817 5105
f 5837 5126 4838
f 5837 5202 5126
f 5202 4694 5126
f 5835 5837 4838
f 5835 5836 5837
f 5836 4914 5837
f 5052 5414 4637
f 5052 5835 5414
f 5835 4838 5414
f 5834 5204 4916
f 5834 5203 5204
f 5203 4693 5204
f 5832 5834 4916
f 5832 5833 5834
f 5833 4915 5834
f 5202 5492 4694
f 5202 5832 5492
f 5832 4916 5492
f 5831 5054 4766
f 5831 5053 5054
f 5053 4625 5054
f 5829 5831 4766
f 5829 5830 5831
f 5830 4765 5831
f 5492 5342 4694
f 5492 5829 5342
f 5829 4766 5342
f 5828 5303 4727
f 5828 5205 5303
f 5205 4655 5303
f 5826 5828 4727
f 5826 5827 5828
f 5827 4917 5828
f 5017 5015 4622
f 5017 5826 5015
f 5826 4727 5015
f 5825 5207 4919
f 5825 5206 5207
f 5206 4692 5207
f 5823 5825 4919
f 5823 5824 5825
f 5824 4918 5825
f 5205 5495 4655
f 5205 5823 5495
f 5823 4919 5495
f 5822 5375 4799
f 5822 5052 5375
f 5052 4637 5375
f 5820 5822 4799
f 5820 5821 5822
f 5821 4764 5822
f 5495 5087 4655
f 5495 5820 5087
f 5820 4799 5087
f 5819 5088 4800
f 5819 5208 5088
f 5208 4656 5088
f 5817 5819 4800
f 5817 5818 5819
f 5818 4920 5819
f 5411 5376 4638
f 5411 5817 5376
f 5817 4800 5376
f 5816 5210 4922
f 5816 5209 5210
f 5209 4665 5210
f 5814 5816 4922
f 5814 5815 5816
f 5815 4921 5816
f 5208 5498 4656
f 5208 5814 5498
f 5814 4922 5498
f 5813 5016 4728
f 5813 5385 5016
f 5385 4621 5016
f 5811 5813 4728
f 5811 5812 5813
f 5812 4809 5813
f 5498 5304 4656
f 5498 5811 5304
f 5811 4728 5304
f 5810 5123 4835
f 5810 5211 5123
f 5211 4691 5123
f 5808 5810 4835
f 5808 5809 5810
f 5809 4923 5810
f 5049 5411 4638
f 5049 5808 5411
f 5808 4835 5411
f 5807 5213 4925
f 5807 5212 5213
f 5212 4690 5213
f 5805 5807 4925
f 5805 5806 5807
f 5806 4924 5807
f 5211 5501 4691
f 5211 5805 5501
f 5805 4925 5501
f 5804 5051 4763
f 5804 5050 5051
f 5050 4629 5051
f 5802 5804 4763
f 5802 5803 5804
f 5803 4762 5804
f 5501 5339 4691
f 5501 5802 5339
f 5802 4763 5339
f 5801 5106 4818
f 5801 5214 5106
f 5214 4674 5106
f 5799 5801 4818
f 5799 5800 5801
f 5800 4926 5801
f 5395 5394 4618
f 5395 5799 5394
f 5799 4818 5394
f 5798 5216 4928
f 5798 5215 5216
f 5215 4689 5216
f 5796 5798 4928
f 5796 5797 5798
f 5797 4927 5798
f 5214 5504 4674
f 5214 5796 5504
f 5796 4928 5504
f 5795 5034 4746
f 5795 5049 5034
f 5049 4638 5034
f 5793 5795 4746
f 5793 5794 5795
f 5794 4761 5795
f 5504 5322 4674
f 5504 5793 5322
f 5793 4746 5322
f 5792 5322 4746
f 5792 5217 5322
f 5217 4674 5322
f 5790 5792 4746
f 5790 5791 5792
f 5791 4929 5792
f 5408 5034 4638
f 5408 5790 5034
f 5790 4746 5034
f 5789 5219 4931
f 5789 5218 5219
f 5218 4649 5219
f 5787 5789 4931
f 5787 5788 5789
f 5788 4930 5789
f 5217 5507 4674
f 5217 5787 5507
f 5787 4931 5507
f 5786 5394 4818
f 5786 5009 5394
f 5009 4618 5394
f 5784 5786 4818
f 5784 5785 5786
f 5785 4721 5786
f 5507 5106 4674
f 5507 5784 5106
f 5784 4818 5106
f 5783 5120 4832
f 5783 5220 5120
f 5220 4688 5120
f 5781 5783 4832
f 5781 5782 5783
f 5782 4932 5783
f 5046 5408 4638
f 5046 5781 5408
f 5781 4832 5408
f 5780 5222 4934
f 5780 5221 5222
f 5221 4687 5222
f 5778 5780 4934
f 5778 5779 5780
f 5779 4933 5780
f 5220 5510 4688
f 5220 5778 5510
f 5778 4934 5510
f 5777 5048 4760
f 5777 5047 5048
f 5047 4631 5048
f 5775 5777 4760
f 5775 5776 5777
f 5776 4759 5777
f 5510 5336 4688
f 5510 5775 5336
f 5775 4760 5336
f 5774 5304 4728
f 5774 5223 5304
f 5223 4656 5304
f 5772 5774 4728
f 5772 5773 5774
f 5773 4935 5774
f 5012 5016 4621
f 5012 5772 5016
f 5772 4728 5016
f 5771 5225 4937
f 5771 5224 5225
f 5224 4686 5225
f 5769 5771 4937
f 5769 5770 5771
f 5770 4936 5771
f 5223 5513 4656
f 5223 5769 5513
f 5769 4937 5513
f 5768 5376 4800
f 5768 5046 5376
f 5046 4638 5376
f 5766 5768 4800
f 5766 5767 5768
f 5767 4758 5768
f 5513 5088 4656
f 5513 5766 5088
f 5766 4800 5088
f 5765 5083 4795
f 5765 5226 5083
f 5226 4651 5083
f 5763 5765 4795
f 5763 5764 5765
f 5764 4938 5765
f 5405 5371 4633
f 5405 5763 5371
f 5763 4795 5371
f 5762 5228 4940
f 5762 5227 5228
f 5227 4676 5228
f 5760 5762 4940
f 5760 5761 5762
f 5761 4939 5762
f 5226 5516 4651
f 5226 5760 5516
f 5760 4940 5516
f 5759 5011 4723
f 5759 5396 5011
f 5396 4619 5011
f 5757 5759 4723
f 5757 5758 5759
f 5758 4820 5759
f 5516 5299 4651
f 5516 5757 5299
f 5757 4723 5299
f 5756 5117 4829
f 5756 5229 5117
f 5229 4685 5117
f 5754 5756 4829
f 5754 5755 5756
f 5755 4941 5756
f 5043 5405 4633
f 5043 5754 5405
f 5754 4829 5405
f 5753 5231 4943
f 5753 5230 5231
f 5230 4684 5231
f 5751 5753 4943
f 5751 5752 5753
f 5752 4942 5753
f 5229 5519 4685
f 5229 5751 5519
f 5751 4943 5519
f 5750 5045 4757
f 5750 5044 5045
f 5044 4640 5045
f 5748 5750 4757
f 5748 5749 5750
f 5749 4756 5750
f 5519 5333 4685
f 5519 5748 5333
f 5748 4757 5333
f 5747 5101 4813
f 5747 5232 5101
f 5232 4669 5101
f 5745 5747 4813
f 5745 5746 5747
f 5746 4944 5747
f 5390 5389 4615
f 5390 5745 5389
f 5745 4813 5389
f 5744 5234 4946
f 5744 5233 5234
f 5233 4683 5234
f 5742 5744 4946
f 5742 5743 5744
f 5743 4945 5744
f 5232 5522 4669
f 5232 5742 5522
f 5742 4946 5522
f 5741 5029 4741
f 5741 5043 5029
f 5043 4633 5029
f 5739 5741 4741
f 5739 5740 5741
f 5740 4755 5741
f 5522 5317 4669
f 5522 5739 5317
f 5739 4741 5317
f 5738 5319 4743
f 5738 5235 5319
f 5235 4671 5319
f 5736 5738 4743
f 5736 5737 5738
f 5737 4947 5738
f 5402 5031 4635
f 5402 5736 5031
f 5736 4743 5031
f 5735 5237 4949
f 5735 5236 5237
f 5236 4668 5237
f 5733 5735 4949
f 5733 5734 5735
f 5734 4948 5735
f 5235 5525 4671
f 5235 5733 5525
f 5733 4949 5525
f 5732 5391 4815
f 5732 5388 5391
f 5388 4616 5391
f 5730 5732 4815
f 5730 5731 5732
f 5731 4812 5732
f 5525 5103 4671
f 5525 5730 5103
f 5730 4815 5103
f 5729 5114 4826
f 5729 5238 5114
f 5238 4682 5114
f 5727 5729 4826
f 5727 5728 5729
f 5728 4950 5729
f 5040 5402 4635
f 5040 5727 5402
f 5727 4826 5402
f 5726 5240 4952
f 5726 5239 5240
f 5239 4681 5240
f 5724 5726 4952
f 5724 5725 5726
f 5725 4951 5726
f 5238 5528 4682
f 5238 5724 5528
f 5724 4952 5528
f 5723 5042 4754
f 5723 5041 5042
f 5041 4632 5042
f 5721 5723 4754
f 5721 5722 5723
f 5722 4753 5723
f 5528 5330 4682
f 5528 5721 5330
f 5721 4754 5330
f 5720 5301 4725
f 5720 5241 5301
f 5241 4653 5301
f 5718 5720 4725
f 5718 5719 5720
f 5719 4953 5720
f 5014 5013 4620
f 5014 5718 5013
f 5718 4725 5013
f 5717 5243 4955
f 5717 5242 5243
f 5242 4680 5243
f 5715 5717 4955
f 5715 5716 5717
f 5716 4954 5717
f 5241 5531 4653
f 5241 5715 5531
f 5715 4955 5531
f 5714 5373 4797
f 5714 5040 5373
f 5040 4635 5373
f 5712 5714 4797
f 5712 5713 5714
f 5713 4752 5714
f 5531 5085 4653
f 5531 5712 5085
f 5712 4797 5085
f 5711 5087 4799
f 5711 5244 5087
f 5244 4655 5087
f 5709 5711 4799
f 5709 5710 5711
f 5710 4956 5711
f 5399 5375 4637
f 5399 5709 5375
f 5709 4799 5375
f 5708 5246 4958
f 5708 5245 5246
f 5245 4648 5246
f 5706 5708 4958
f 5706 5707 5708
f 5707 4957 5708
f 5244 5534 4655
f 5244 5706 5534
f 5706 4958 5534
f 5705 5015 4727
f 5705 5008 5015
f 5008 4622 5015
f 5703 5705 4727
f 5703 5704 5705
f 5704 4720 5705
f 5534 5303 4655
f 5534 5703 5303
f 5703 4727 5303
f 5702 5111 4823
f 5702 5247 5111
f 5247 4679 5111
f 5700 5702 4823
f 5700 5701 5702
f 5701 4959 5702
f 5037 5399 4637
f 5037 5700 5399
f 5700 4823 5399
f 5699 5249 4961
f 5699 5248 5249
f 5248 4678 5249
f 5697 5699 4961
f 5697 5698 5699
f 5698 4960 5699
f 5247 5537 4679
f 5247 5697 5537
f 5697 4961 5537
f 5696 5039 4751
f 5696 5038 5039
f 5038 4630 5039
f 5694 5696 4751
f 5694 5695 5696
f 5695 4750 5696
f 5537 5327 4679
f 5537 5694 5327
f 5694 4751 5327
f 5693 5105 4817
f 5693 5250 5105
f 5250 4673 5105
f 5691 5693 4817
f 5691 5692 5693
f 5692 4962 5693
f 5392 5393 4617
f 5392 5691 5393
f 5691 4817 5393
f 5690 5252 4964
f 5690 5251 5252
f 5251 4677 5252
f 5688 5690 4964
f 5688 5689 5690
f 5689 4963 5690
f 5250 5540 4673
f 5250 5688 5540
f 5688 4964 5540
f 5687 5033 4745
f 5687 5037 5033
f 5037 4637 5033
f 5685 5687 4745
f 5685 5686 5687
f 5686 4749 5687
f 5540 5321 4673
f 5540 5685 5321
f 5685 4745 5321
f 5684 5110 4822
f 5684 5253 5110
f 5253 4678 5110
f 5682 5684 4822
f 5682 5683 5684
f 5683 4965 5684
f 5374 5398 4636
f 5374 5682 5398
f 5682 4822 5398
f 5681 5255 4967
f 5681 5254 5255
f 5254 4666 5255
f 5679 5681 4967
f 5679 5680 5681
f 5680 4966 5681
f 5253 5543 4678
f 5253 5679 5543
f 5679 4967 5543
f 5678 5038 4750
f 5678 5026 5038
f 5026 4630 5038
f 5676 5678 4750
f 5676 5677 5678
f 5677 4738 5678
f 5543 5326 4678
f 5543 5676 5326
f 5676 4750 5326
f 5675 5113 4825
f 5675 5256 5113
f 5256 4681 5113
f 5673 5675 4825
f 5673 5674 5675
f 5674 4968 5675
f 5032 5401 4636
f 5032 5673 5401
f 5673 4825 5401
f 5672 5258 4970
f 5672 5257 5258
f 5257 4650 5258
f 5670 5672 4970
f 5670 5671 5672
f 5671 4969 5672
f 5256 5546 4681
f 5256 5670 5546
f 5670 4970 5546
f 5669 5041 4753
f 5669 5370 5041
f 5370 4632 5041
f 5667 5669 4753
f 5667 5668 5669
f 5668 4794 5669
f 5546 5329 4681
f 5546 5667 5329
f 5667 4753 5329
f 5666 5116 4828
f 5666 5259 5116
f 5259 4684 5116
f 5664 5666 4828
f 5664 5665 5666
f 5665 4971 5666
f 5372 5404 4634
f 5372 5664 5404
f 5664 4828 5404
f 5663 5261 4973
f 5663 5260 5261
f 5260 4658 5261
f 5661 5663 4973
f 5661 5662 5663
f 5662 4972 5663
f 5259 5549 4684
f 5259 5661 5549
f 5661 4973 5549
f 5660 5044 4756
f 5660 5378 5044
f 5378 4640 5044
f 5658 5660 4756
f 5658 5659 5660
f 5659 4802 5660
f 5549 5332 4684
f 5549 5658 5332
f 5658 4756 5332
f 5657 5119 4831
f 5657 5262 5119
f 5262 4687 5119
f 5655 5657 4831
f 5655 5656 5657
f 5656 4974 5657
f 5030 5407 4634
f 5030 5655 5407
f 5655 4831 5407
f 5654 5264 4976
f 5654 5263 5264
f 5263 4667 5264
f 5652 5654 4976
f 5652 5653 5654
f 5653 4975 5654
f 5262 5552 4687
f 5262 5652 5552
f 5652 4976 5552
f 5651 5047 4759
f 5651 5027 5047
f 5027 4631 5047
f 5649 5651 4759
f 5649 5650 5651
f 5650 4739 5651
f 5552 5335 4687
f 5552 5649 5335
f 5649 4759 5335
f 5648 5122 4834
f 5648 5265 5122
f 5265 4690 5122
f 5646 5648 4834
f 5646 5647 5648
f 5647 4977 5648
f 5377 5410 4639
f 5377 5646 5410
f 5646 4834 5410
f 5645 5267 4979
f 5645 5266 5267
f 5266 4647 5267
f 5643 5645 4979
f 5643 5644 5645
f 5644 4978 5645
f 5265 5555 4690
f 5265 5643 5555
f 5643 4979 5555
f 5642 5050 4762
f 5642 5367 5050
f 5367 4629 5050
f 5640 5642 4762
f 5640 5641 5642
f 5641 4791 5642
f 5555 5338 4690
f 5555 5640 5338
f 5640 4762 5338
f 5639 5125 4837
f 5639 5268 5125
f 5268 4693 5125
f 5637 5639 4837
f 5637 5638 5639
f 5638 4980 5639
f 5035 5413 4639
f 5035 5637 5413
f 5637 4837 5413
f 5636 5270 4982
f 5636 5269 5270
f 5269 4643 5270
f 5634 5636 4982
f 5634 5635 5636
f 5635 4981 5636
f 5268 5558 4693
f 5268 5634 5558
f 5634 4982 5558
f 5633 5053 4765
f 5633 5363 5053
f 5363 4625 5053
f 5631 5633 4765
f 5631 5632 5633
f 5632 4787 5633
f 5558 5341 4693
f 5558 5631 5341
f 5631 4765 5341
f 5630 5128 4840
f 5630 5271 5128
f 5271 4696 5128
f 5628 5630 4840
f 5628 5629 5630
f 5629 4983 5630
f 5024 5416 4628
f 5024 5628 5416
f 5628 4840 5416
f 5627 5273 4985
f 5627 5272 5273
f 5272 4645 5273
f 5625 5627 4985
f 5625 5626 5627
f 5626 4984 5627
f 5271 5561 4696
f 5271 5625 5561
f 5625 4985 5561
f 5624 5056 4768
f 5624 5365 5056
f 5365 4627 5056
f 5622 5624 4768
f 5622 5623 5624
f 5623 4789 5624
f 5561 5344 4696
f 5561 5622 5344
f 5622 4768 5344
f 5621 5131 4843
f 5621 5274 5131
f 5274 4699 5131
f 5619 5621 4843
f 5619 5620 5621
f 5620 4986 5621
f 5366 5419 4628
f 5366 5619 5419
f 5619 4843 5419
f 5618 5276 4988
f 5618 5275 5276
f 5275 4665 5276
f 5616 5618 4988
f 5616 5617 5618
f 5617 4987 5618
f 5274 5564 4699
f 5274 5616 5564
f 5616 4988 5564
f 5615 5059 4771
f 5615 5025 5059
f 5025 4629 5059
f 5613 5615 4771
f 5613 5614 5615
f 5614 4737 5615
f 5564 5347 4699
f 5564 5613 5347
f 5613 4771 5347
f 5612 5134 4846
f 5612 5277 5134
f 5277 4702 5134
f 5610 5612 4846
f 5610 5611 5612
f 5611 4989 5612
f 5022 5422 4626
f 5022 5610 5422
f 5610 4846 5422
f 5609 5279 4991
f 5609 5278 5279
f 5278 4641 5279
f 5607 5609 4991
f 5607 5608 5609
f 5608 4990 5609
f 5277 5567 4702
f 5277 5607 5567
f 5607 4991 5567
f 5606 5062 4774
f 5606 5361 5062
f 5361 4623 5062
f 5604 5606 4774
f 5604 5605 5606
f 5605 4785 5606
f 5567 5350 4702
f 5567 5604 5350
f 5604 4774 5350
f 5603 5137 4849
f 5603 5280 5137
f 5280 4705 5137
f 5601 5603 4849
f 5601 5602 5603
f 5602 4992 5603
f 5364 5425 4626
f 5364 5601 5425
f 5601 4849 5425
f 5600 5282 4994
f 5600 5281 5282
f 5281 4663 5282
f 5598 5600 4994
f 5598 5599 5600
f 5599 4993 5600
f 5280 5570 4705
f 5280 5598 5570
f 5598 4994 5570
f 5597 5065 4777
f 5597 5023 5065
f 5023 4627 5065
f 5595 5597 4777
f 5595 5596 5597
f 5596 4735 5597
f 5570 5353 4705
f 5570 5595 5353
f 5595 4777 5353
f 5594 5140 4852
f 5594 5283 5140
f 5283 4708 5140
f 5592 5594 4852
f 5592 5593 5594
f 5593 4995 5594
f 5362 5428 4624
f 5362 5592 5428
f 5592 4852 5428
f 5591 5285 4997
f 5591 5284 5285
f 5284 4661 5285
f 5589 5591 4997
f 5589 5590 5591
f 5590 4996 5591
f 5283 5573 4708
f 5283 5589 5573
f 5589 4997 5573
f 5588 5068 4780
f 5588 5021 5068
f 5021 4625 5068
f 5586 5588 4780
f 5586 5587 5588
f 5587 4733 5588
f 5573 5356 4708
f 5573 5586 5356
f 5586 4780 5356
f 5585 5143 4855
f 5585 5286 5143
f 5286 4711 5143
f 5583 5585 4855
f 5583 5584 5585
f 5584 4998 5585
f 5020 5431 4624
f 5020 5583 5431
f 5583 4855 5431
f 5582 5288 5000
f 5582 5287 5288
f 5287 4659 5288
f 5580 5582 5000
f 5580 5581 5582
f 5581 4999 5582
f 5286 5576 4711
f 5286 5580 5576
f 5580 5000 5576
f 5579 5071 4783
f 5579 5019 5071
f 5019 4623 5071
f 5577 5579 4783
f 5577 5578 5579
f 5578 4731 5579
f 5576 5359 4711
f 5576 5577 5359
f 5577 4783 5359
f 5288 5578 5000
f 5288 5307 5578
f 5307 4731 5578
f 5574 5581 4998
f 5574 5575 5581
f 5575 4999 5581
f 5308 5584 4732
f 5308 5574 5584
f 5574 4998 5584
f 5285 5587 4997
f 5285 5309 5587
f 5309 4733 5587
f 5571 5590 4995
f 5571 5572 5590
f 5572 4996 5590
f 5074 5593 4786
f 5074 5571 5593
f 5571 4995 5593
f 5282 5596 4994
f 5282 5311 5596
f 5311 4735 5596
f 5568 5599 4992
f 5568 5569 5599
f 5569 4993 5599
f 5076 5602 4788
f 5076 5568 5602
f 5568 4992 5602
f 5279 5605 4991
f 5279 5073 5605
f 5073 4785 5605
f 5565 5608 4989
f 5565 5566 5608
f 5566 4990 5608
f 5310 5611 4734
f 5310 5565 5611
f 5565 4989 5611
f 5276 5614 4988
f 5276 5313 5614
f 5313 4737 5614
f 5562 5617 4986
f 5562 5563 5617
f 5563 4987 5617
f 5078 5620 4790
f 5078 5562 5620
f 5562 4986 5620
f 5273 5623 4985
f 5273 5077 5623
f 5077 4789 5623
f 5559 5626 4983
f 5559 5560 5626
f 5560 4984 5626
f 5312 5629 4736
f 5312 5559 5629
f 5559 4983 5629
f 5270 5632 4982
f 5270 5075 5632
f 5075 4787 5632
f 5556 5635 4980
f 5556 5557 5635
f 5557 4981 5635
f 5323 5638 4747
f 5323 5556 5638
f 5556 4980 5638
f 5267 5641 4979
f 5267 5079 5641
f 5079 4791 5641
f 5553 5644 4977
f 5553 5554 5644
f 5554 4978 5644
f 5089 5647 4801
f 5089 5553 5647
f 5553 4977 5647
f 5264 5650 4976
f 5264 5315 5650
f 5315 4739 5650
f 5550 5653 4974
f 5550 5551 5653
f 5551 4975 5653
f 5318 5656 4742
f 5318 5550 5656
f 5550 4974 5656
f 5261 5659 4973
f 5261 5090 5659
f 5090 4802 5659
f 5547 5662 4971
f 5547 5548 5662
f 5548 4972 5662
f 5084 5665 4796
f 5084 5547 5665
f 5547 4971 5665
f 5258 5668 4970
f 5258 5082 5668
f 5082 4794 5668
f 5544 5671 4968
f 5544 5545 5671
f 5545 4969 5671
f 5320 5674 4744
f 5320 5544 5674
f 5544 4968 5674
f 5255 5677 4967
f 5255 5314 5677
f 5314 4738 5677
f 5541 5680 4965
f 5541 5542 5680
f 5542 4966 5680
f 5086 5683 4798
f 5086 5541 5683
f 5541 4965 5683
f 5252 5686 4964
f 5252 5325 5686
f 5325 4749 5686
f 5538 5689 4962
f 5538 5539 5689
f 5539 4963 5689
f 5104 5692 4816
f 5104 5538 5692
f 5538 4962 5692
f 5249 5695 4961
f 5249 5326 5695
f 5326 4750 5695
f 5535 5698 4959
f 5535 5536 5698
f 5536 4960 5698
f 5325 5701 4749
f 5325 5535 5701
f 5535 4959 5701
f 5246 5704 4958
f 5246 5296 5704
f 5296 4720 5704
f 5532 5707 4956
f 5532 5533 5707
f 5533 4957 5707
f 5111 5710 4823
f 5111 5532 5710
f 5532 4956 5710
f 5243 5713 4955
f 5243 5328 5713
f 5328 4752 5713
f 5529 5716 4953
f 5529 5530 5716
f 5530 4954 5716
f 5302 5719 4726
f 5302 5529 5719
f 5529 4953 5719
f 5240 5722 4952
f 5240 5329 5722
f 5329 4753 5722
f 5526 5725 4950
f 5526 5527 5725
f 5527 4951 5725
f 5328 5728 4752
f 5328 5526 5728
f 5526 4950 5728
f 5237 5731 4949
f 5237 5100 5731
f 5100 4812 5731
f 5523 5734 4947
f 5523 5524 5734
f 5524 4948 5734
f 5114 5737 4826
f 5114 5523 5737
f 5523 4947 5737
f 5234 5740 4946
f 5234 5331 5740
f 5331 4755 5740
f 5520 5743 4944
f 5520 5521 5743
f 5521 4945 5743
f 5102 5746 4814
f 5102 5520 5746
f 5520 4944 5746
f 5231 5749 4943
f 5231 5332 5749
f 5332 4756 5749
f 5517 5752 4941
f 5517 5518 5752
f 5518 4942 5752
f 5331 5755 4755
f 5331 5517 5755
f 5517 4941 5755
f 5228 5758 4940
f 5228 5108 5758
f 5108 4820 5758
f 5514 5761 4938
f 5514 5515 5761
f 5515 4939 5761
f 5117 5764 4829
f 5117 5514 5764
f 5514 4938 5764
f 5225 5767 4937
f 5225 5334 5767
f 5334 4758 5767
f 5511 5770 4935
f 5511 5512 5770
f 5512 4936 5770
f 5300 5773 4724
f 5300 5511 5773
f 5511 4935 5773
f 5222 5776 4934
f 5222 5335 5776
f 5335 4759 5776
f 5508 5779 4932
f 5508 5509 5779
f 5509 4933 5779
f 5334 5782 4758
f 5334 5508 5782
f 5508 4932 5782
f 5219 5785 4931
f 5219 5297 5785
f 5297 4721 5785
f 5505 5788 4929
f 5505 5506 5788
f 5506 4930 5788
f 5120 5791 4832
f 5120 5505 5791
f 5505 4929 5791
f 5216 5794 4928
f 5216 5337 5794
f 5337 4761 5794
f 5502 5797 4926
f 5502 5503 5797
f 5503 4927 5797
f 5107 5800 4819
f 5107 5502 5800
f 5502 4926 5800
f 5213 5803 4925
f 5213 5338 5803
f 5338 4762 5803
f 5499 5806 4923
f 5499 5500 5806
f 5500 4924 5806
f 5337 5809 4761
f 5337 5499 5809
f 5499 4923 5809
f 5210 5812 4922
f 5210 5097 5812
f 5097 4809 5812
f 5496 5815 4920
f 5496 5497 5815
f 5497 4921 5815
f 5123 5818 4835
f 5123 5496 5818
f 5496 4920 5818
f 5207 5821 4919
f 5207 5340 5821
f 5340 4764 5821
f 5493 5824 4917
f 5493 5494 5824
f 5494 4918 5824
f 5305 5827 4729
f 5305 5493 5827
f 5493 4917 5827
f 5204 5830 4916
f 5204 5341 5830
f 5341 4765 5830
f 5490 5833 4914
f 5490 5491 5833
f 5491 4915 5833
f 5340 5836 4764
f 5340 5490 5836
f 5490 4914 5836
f 5201 5839 4913
f 5201 5093 5839
f 5093 4805 5839
f 5487 5842 4911
f 5487 5488 5842
f 5488 4912 5842
f 5126 5845 4838
f 5126 5487 5845
f 5487 4911 5845
f 5198 5848 4910
f 5198 5343 5848
f 5343 4767 5848
f 5484 5851 4908
f 5484 5485 5851
f 5485 4909 5851
f 5294 5854 4718
f 5294 5484 5854
f 5484 4908 5854
f 5195 5857 4907
f 5195 5344 5857
f 5344 4768 5857
f 5481 5860 4905
f 5481 5482 5860
f 5482 4906 5860
f 5343 5863 4767
f 5343 5481 5863
f 5481 4905 5863
f 5192 5866 4904
f 5192 5095 5866
f 5095 4807 5866
f 5478 5869 4902
f 5478 5479 5869
f 5479 4903 5869
f 5129 5872 4841
f 5129 5478 5872
f 5478 4902 5872
f 5189 5875 4901
f 5189 5346 5875
f 5346 4770 5875
f 5475 5878 4899
f 5475 5476 5878
f 5476 4900 5878
f 5096 5881 4808
f 5096 5475 5881
f 5475 4899 5881
f 5186 5884 4898
f 5186 5347 5884
f 5347 4771 5884
f 5472 5887 4896
f 5472 5473 5887
f 5473 4897 5887
f 5346 5890 4770
f 5346 5472 5890
f 5472 4896 5890
f 5183 5893 4895
f 5183 5295 5893
f 5295 4719 5893
f 5469 5896 4893
f 5469 5470 5896
f 5470 4894 5896
f 5132 5899 4844
f 5132 5469 5899
f 5469 4893 5899
f 5180 5902 4892
f 5180 5349 5902
f 5349 4773 5902
f 5466 5905 4890
f 5466 5467 5905
f 5467 4891 5905
f 5292 5908 4716
f 5292 5466 5908
f 5466 4890 5908
f 5177 5911 4889
f 5177 5350 5911
f 5350 4774 5911
f 5463 5914 4887
f 5463 5464 5914
f 5464 4888 5914
f 5349 5917 4773
f 5349 5463 5917
f 5463 4887 5917
f 5174 5920 4886
f 5174 5091 5920
f 5091 4803 5920
f 5460 5923 4884
f 5460 5461 5923
f 5461 4885 5923
f 5135 5926 4847
f 5135 5460 5926
f 5460 4884 5926
f 5171 5929 4883
f 5171 5352 5929
f 5352 4776 5929
f 5457 5932 4881
f 5457 5458 5932
f 5458 4882 5932
f 5094 5935 4806
f 5094 5457 5935
f 5457 4881 5935
f 5168 5938 4880
f 5168 5353 5938
f 5353 4777 5938
f 5454 5941 4878
f 5454 5455 5941
f 5455 4879 5941
f 5352 5944 4776
f 5352 5454 5944
f 5454 4878 5944
f 5165 5947 4877
f 5165 5293 5947
f 5293 4717 5947
f 5451 5950 4875
f 5451 5452 5950
f 5452 4876 5950
f 5138 5953 4850
f 5138 5451 5953
f 5451 4875 5953
f 5162 5956 4874
f 5162 5355 5956
f 5355 4779 5956
f 5448 5959 4872
f 5448 5449 5959
f 5449 4873 5959
f 5092 5962 4804
f 5092 5448 5962
f 5448 4872 5962
f 5159 5965 4871
f 5159 5356 5965
f 5356 4780 5965
f 5445 5968 4869
f 5445 5446 5968
f 5446 4870 5968
f 5355 5971 4779
f 5355 5445 5971
f 5445 4869 5971
f 5156 5974 4868
f 5156 5291 5974
f 5291 4715 5974
f 5442 5977 4866
f 5442 5443 5977
f 5443 4867 5977
f 5141 5980 4853
f 5141 5442 5980
f 5442 4866 5980
f 5153 5983 4865
f 5153 5358 5983
f 5358 4782 5983
f 5439 5986 4863
f 5439 5440 5986
f 5440 4864 5986
f 5290 5989 4714
f 5290 5439 5989
f 5439 4863 5989
f 5150 5992 4862
f 5150 5359 5992
f 5359 4783 5992
f 5436 5995 4860
f 5436 5437 5995
f 5437 4861 5995
f 5358 5998 4782
f 5358 5436 5998
f 5436 4860 5998
f 5147 6001 4859
f 5147 5289 6001
f 5289 4713 6001
f 5433 6004 4857
f 5433 5434 6004
f 5434 4858 6004
f 5144 6007 4856
f 5144 5433 6007
f 5433 4857 6007
f 5072 6010 4784
f 5072 5361 6010
f 5361 4785 6010
f 5430 6013 4854
f 5430 5431 6013
f 5431 4855 6013
f 5362 6016 4786
f 5362 5430 6016
f 5430 4854 6016
f 5069 6019 4781
f 5069 5363 6019
f 5363 4787 6019
f 5427 6022 4851
f 5427 5428 6022
f 5428 4852 6022
f 5020 6025 4732
f 5020 5427 6025
f 5427 4851 6025
f 5066 6028 4778
f 5066 5365 6028
f 5365 4789 6028
f 5424 6031 4848
f 5424 5425 6031
f 5425 4849 6031
f 5022 6034 4734
f 5022 5424 6034
f 5424 4848 6034
f 5063 6037 4775
f 5063 5019 6037
f 5019 4731 6037
f 5421 6040 4845
f 5421 5422 6040
f 5422 4846 6040
f 5364 6043 4788
f 5364 5421 6043
f 5421 4845 6043
f 5060 6046 4772
f 5060 5367 6046
f 5367 4791 6046
f 5418 6049 4842
f 5418 5419 6049
f 5419 4843 6049
f 5024 6052 4736
f 5024 5418 6052
f 5418 4842 6052
f 5057 6055 4769
f 5057 5023 6055
f 5023 4735 6055
f 5415 6058 4839
f 5415 5416 6058
f 5416 4840 6058
f 5366 6061 4790
f 5366 5415 6061
f 5415 4839 6061
f 5054 6064 4766
f 5054 5021 6064
f 5021 4733 6064
f 5412 6067 4836
f 5412 5413 6067
f 5413 4837 6067
f 5377 6070 4801
f 5377 5412 6070
f 5412 4836 6070
f 5051 6073 4763
f 5051 5025 6073
f 5025 4737 6073
f 5409 6076 4833
f 5409 5410 6076
f 5410 4834 6076
f 5035 6079 4747
f 5035 5409 6079
f 5409 4833 6079
f 5048 6082 4760
f 5048 5369 6082
f 5369 4793 6082
f 5406 6085 4830
f 5406 5407 6085
f 5407 4831 6085
f 5372 6088 4796
f 5372 5406 6088
f 5406 4830 6088
f 5045 6091 4757
f 5045 5036 6091
f 5036 4748 6091
f 5403 6094 4827
f 5403 5404 6094
f 5404 4828 6094
f 5030 6097 4742
f 5030 5403 6097
f 5403 4827 6097
f 5042 6100 4754
f 5042 5028 6100
f 5028 4740 6100
f 5400 6103 4824
f 5400 5401 6103
f 5401 4825 6103
f 5374 6106 4798
f 5374 5400 6106
f 5400 4824 6106
f 5039 6109 4751
f 5039 5368 6109
f 5368 4792 6109
f 5397 6112 4821
f 5397 5398 6112
f 5398 4822 6112
f 5032 6115 4744
f 5032 5397 6115
f 5397 4821 6115
f 5014 6118 4726
f 5014 5386 6118
f 5386 4810 6118
f 5392 6121 4816
f 5392 5010 6121
f 5010 4722 6121
f 5012 6124 4724
f 5012 5018 6124
f 5018 4730 6124
f 5390 6127 4814
f 5390 5387 6127
f 5387 4811 6127
f 5017 6130 4729
f 5017 5007 6130
f 5007 4719 6130
f 5395 6133 4819
f 5395 5003 6133
f 5003 4715 6133
f 5384 6136 4808
f 5384 5005 6136
f 5005 4717 6136
f 5006 6139 4718
f 5006 5385 6139
f 5385 4809 6139
f 5382 6142 4806
f 5382 5001 6142
f 5001 4713 6142
f 5004 6145 4716
f 5004 5383 6145
f 5383 4807 6145
f 5002 6148 4714
f 5002 5381 6148
f 5381 4805 6148
f 5380 6151 4804
f 5380 5379 6151
f 5379 4803 6151
o wing_up.004
v -0.153000 -0.045000 -0.047000
v -0.153000 -0.045000 -0.050000
v -0.153000 0.045000 -0.050000
v -0.153000 0.045000 -0.047000
v -0.353000 -0.035000 -0.047000
v -0.353000 -0.035000 -0.050000
v -0.353000 0.035000 -0.047000
v -0.353000 0.035000 -0.050000
v -0.153000 -0.045000 -0.048500
v -0.153000 0.000000 -0.048500
v -0.153000 0.045000 -0.048500
v -0.253000 -0.040000 -0.048500
v -0.353000 -0.035000 -0.048500
v -0.353000 0.000000 -0.048500
v -0.353000 0.035000 -0.048500
v -0.353000 0.000000 -0.050000
v -0.153000 0.000000 -0.047000
v -0.153000 0.000000 -0.050000
v -0.253000 -0.040000 -0.047000
v -0.253000 -0.005000 -0.047000
v -0.253000 -0.040000 -0.050000
v -0.253000 0.005000 -0.050000
v -0.253000 0.040000 -0.050000
v -0.253000 0.040000 -0.047000
v -0.253000 0.040000 -0.048500
v -0.353000 0.000000 -0.047000
v -0.153000 -0.045000 -0.049250
v -0.153000 0.022500 -0.049250
v -0.153000 0.045000 -0.047750
v -0.303000 -0.037500 -0.047750
v -0.353000 -0.035000 -0.049250
v -0.353000 0.017500 -0.047750
v -0.353000 0.035000 -0.049250
v -0.353000 0.017500 -0.050000
v -0.153000 0.022500 -0.047000
v -0.153000 0.022500 -0.050000
v -0.303000 -0.037500 -0.047000
v -0.303000 0.015000 -0.047000
v -0.303000 -0.037500 -0.050000
v -0.303000 -0.015000 -0.050000
v -0.303000 0.037500 -0.050000
v -0.303000 0.037500 -0.047000
v -0.303000 0.037500 -0.049250
v -0.353000 0.017500 -0.047000
v -0.153000 -0.045000 -0.047750
v -0.153000 -0.022500 -0.047750
v -0.153000 0.045000 -0.049250
v -0.203000 -0.042500 -0.049250
v -0.353000 -0.035000 -0.047750
v -0.353000 -0.017500 -0.049250
v -0.353000 0.035000 -0.047750
v -0.353000 -0.017500 -0.050000
v -0.153000 -0.022500 -0.047000
v -0.153000 -0.022500 -0.050000
v -0.203000 -0.042500 -0.047000
v -0.203000 -0.025000 -0.047000
v -0.203000 -0.042500 -0.050000
v -0.203000 0.025000 -0.050000
v -0.203000 0.042500 -0.050000
v -0.203000 0.042500 -0.047000
v -0.203000 0.042500 -0.047750
v -0.353000 -0.017500 -0.047000
v -0.253000 0.022500 -0.050000
v -0.303000 0.002500 -0.050000
v -0.303000 0.020000 -0.050000
v -0.253000 -0.017500 -0.050000
v -0.203000 0.002500 -0.050000
v -0.203000 -0.020000 -0.050000
v -0.253000 -0.022500 -0.047000
v -0.303000 -0.002500 -0.047000
v -0.303000 -0.020000 -0.047000
v -0.253000 0.017500 -0.047000
v -0.203000 -0.002500 -0.047000
v -0.203000 0.020000 -0.047000
v -0.253000 0.040000 -0.047750
v -0.303000 0.037500 -0.048500
v -0.303000 0.037500 -0.047750
v -0.253000 0.040000 -0.049250
v -0.203000 0.042500 -0.048500
v -0.203000 0.042500 -0.049250
v -0.353000 0.000000 -0.047750
v -0.353000 -0.017500 -0.048500
v -0.353000 -0.017500 -0.047750
v -0.353000 0.000000 -0.049250
v -0.353000 0.017500 -0.048500
v -0.353000 0.017500 -0.049250
v -0.253000 -0.040000 -0.047750
v -0.203000 -0.042500 -0.048500
v -0.203000 -0.042500 -0.047750
v -0.253000 -0.040000 -0.049250
v -0.303000 -0.037500 -0.048500
v -0.303000 -0.037500 -0.049250
v -0.153000 0.000000 -0.047750
v -0.153000 0.022500 -0.048500
v -0.153000 0.022500 -0.047750
v -0.153000 0.000000 -0.049250
v -0.153000 -0.022500 -0.048500
v -0.153000 -0.022500 -0.049250
v -0.153000 -0.045000 -0.049625
v -0.153000 0.033750 -0.049625
v -0.153000 0.045000 -0.047375
v -0.328000 -0.036250 -0.047375
v -0.353000 -0.035000 -0.049625
v -0.353000 0.026250 -0.047375
v -0.353000 0.035000 -0.049625
v -0.353000 0.026250 -0.050000
v -0.153000 0.033750 -0.047000
v -0.153000 0.033750 -0.050000
v -0.328000 -0.036250 -0.047000
v -0.328000 0.025000 -0.047000
v -0.328000 -0.036250 -0.050000
v -0.328000 -0.025000 -0.050000
v -0.328000 0.036250 -0.050000
v -0.328000 0.036250 -0.047000
v -0.328000 0.036250 -0.049625
v -0.353000 0.026250 -0.047000
v -0.153000 -0.045000 -0.048125
v -0.153000 -0.011250 -0.048125
v -0.153000 0.045000 -0.048875
v -0.228000 -0.041250 -0.048875
v -0.353000 -0.035000 -0.048125
v -0.353000 -0.008750 -0.048875
v -0.353000 0.035000 -0.048125
v -0.353000 -0.008750 -0.050000
v -0.153000 -0.011250 -0.047000
v -0.153000 -0.011250 -0.050000
v -0.228000 -0.041250 -0.047000
v -0.228000 -0.015000 -0.047000
v -0.228000 -0.041250 -0.050000
v -0.228000 0.015000 -0.050000
v -0.228000 0.041250 -0.050000
v -0.228000 0.041250 -0.047000
v -0.228000 0.041250 -0.048125
v -0.353000 -0.008750 -0.047000
v -0.253000 0.031250 -0.050000
v -0.328000 0.001250 -0.050000
v -0.328000 0.010000 -0.050000
v -0.253000 -0.028750 -0.050000
v -0.178000 0.001250 -0.050000
v -0.178000 -0.010000 -0.050000
v -0.253000 -0.031250 -0.047000
v -0.328000 -0.001250 -0.047000
v -0.328000 -0.010000 -0.047000
v -0.253000 0.028750 -0.047000
v -0.178000 -0.001250 -0.047000
v -0.178000 0.010000 -0.047000
v -0.253000 0.040000 -0.047375
v -0.328000 0.036250 -0.048500
v -0.328000 0.036250 -0.048125
v -0.253000 0.040000 -0.049625
v -0.178000 0.043750 -0.048500
v -0.178000 0.043750 -0.048875
v -0.353000 0.000000 -0.047375
v -0.353000 -0.026250 -0.048500
v -0.353000 -0.026250 -0.048125
v -0.353000 0.000000 -0.049625
v -0.353000 0.026250 -0.048500
v -0.353000 0.026250 -0.048875
v -0.253000 -0.040000 -0.047375
v -0.178000 -0.043750 -0.048500
v -0.178000 -0.043750 -0.048125
v -0.253000 -0.040000 -0.049625
v -0.328000 -0.036250 -0.048500
v -0.328000 -0.036250 -0.048875
v -0.153000 0.000000 -0.047375
v -0.153000 0.033750 -0.048500
v -0.153000 0.033750 -0.048125
v -0.153000 0.000000 -0.049625
v -0.153000 -0.033750 -0.048500
v -0.153000 -0.033750 -0.048875
v -0.153000 -0.045000 -0.048875
v -0.153000 0.011250 -0.048875
v -0.153000 0.045000 -0.048125
v -0.278000 -0.038750 -0.048125
v -0.353000 -0.035000 -0.048875
v -0.353000 0.008750 -0.048125
v -0.353000 0.035000 -0.048875
v -0.353000 0.008750 -0.050000
v -0.153000 0.011250 -0.047000
v -0.153000 0.011250 -0.050000
v -0.278000 -0.038750 -0.047000
v -0.278000 0.005000 -0.047000
v -0.278000 -0.038750 -0.050000
v -0.278000 -0.005000 -0.050000
v -0.278000 0.038750 -0.050000
v -0.278000 0.038750 -0.047000
v -0.278000 0.038750 -0.048875
v -0.353000 0.008750 -0.047000
v -0.153000 -0.045000 -0.047375
v -0.153000 -0.033750 -0.047375
v -0.153000 0.045000 -0.049625
v -0.178000 -0.043750 -0.049625
v -0.353000 -0.035000 -0.047375
v -0.353000 -0.026250 -0.049625
v -0.353000 0.035000 -0.047375
v -0.353000 -0.026250 -0.050000
v -0.153000 -0.033750 -0.047000
v -0.153000 -0.033750 -0.050000
v -0.178000 -0.043750 -0.047000
v -0.178000 -0.035000 -0.047000
v -0.178000 -0.043750 -0.050000
v -0.178000 0.035000 -0.050000
v -0.178000 0.043750 -0.050000
v -0.178000 0.043750 -0.047000
v -0.178000 0.043750 -0.047375
v -0.353000 -0.026250 -0.047000
v -0.253000 0.013750 -0.050000
v -0.278000 0.003750 -0.050000
v -0.278000 0.030000 -0.050000
v -0.253000 -0.006250 -0.050000
v -0.228000 0.003750 -0.050000
v -0.228000 -0.030000 -0.050000
v -0.253000 -0.013750 -0.047000
v -0.278000 -0.003750 -0.047000
v -0.278000 -0.030000 -0.047000
v -0.253000 0.006250 -0.047000
v -0.228000 -0.003750 -0.047000
v -0.228000 0.030000 -0.047000
v -0.253000 0.040000 -0.048125
v -0.278000 0.038750 -0.048500
v -0.278000 0.038750 -0.047375
v -0.253000 0.040000 -0.048875
v -0.228000 0.041250 -0.048500
v -0.228000 0.041250 -0.049625
v -0.353000 0.000000 -0.048125
v -0.353000 -0.008750 -0.048500
v -0.353000 -0.008750 -0.047375
v -0.353000 0.000000 -0.048875
v -0.353000 0.008750 -0.048500
v -0.353000 0.008750 -0.049625
v -0.253000 -0.040000 -0.048125
v -0.228000 -0.041250 -0.048500
v -0.228000 -0.041250 -0.047375
v -0.253000 -0.040000 -0.048875
v -0.278000 -0.038750 -0.048500
v -0.278000 -0.038750 -0.049625
v -0.153000 0.000000 -0.048125
v -0.153000 0.011250 -0.048500
v -0.153000 0.011250 -0.047375
v -0.153000 0.000000 -0.048875
v -0.153000 -0.011250 -0.048500
v -0.153000 -0.011250 -0.049625
v -0.153000 -0.022500 -0.049625
v -0.153000 -0.033750 -0.049250
v -0.153000 -0.033750 -0.049625
v -0.153000 -0.011250 -0.049250
v -0.153000 -0.011250 -0.048875
v -0.153000 -0.022500 -0.048875
v -0.153000 0.022500 -0.049625
v -0.153000 0.011250 -0.049250
v -0.153000 0.011250 -0.049625
v -0.153000 0.022500 -0.047375
v -0.153000 0.033750 -0.047750
v -0.153000 0.033750 -0.047375
v -0.153000 0.011250 -0.047750
v -0.153000 0.011250 -0.048125
v -0.153000 0.022500 -0.048125
v -0.153000 -0.022500 -0.047375
v -0.153000 -0.011250 -0.047750
v -0.153000 -0.011250 -0.047375
v -0.303000 -0.037500 -0.049625
v -0.328000 -0.036250 -0.049250
v -0.328000 -0.036250 -0.049625
v -0.278000 -0.038750 -0.049250
v -0.278000 -0.038750 -0.048875
v -0.303000 -0.037500 -0.048875
v -0.203000 -0.042500 -0.049625
v -0.228000 -0.041250 -0.049250
v -0.228000 -0.041250 -0.049625
v -0.203000 -0.042500 -0.047375
v -0.178000 -0.043750 -0.047750
v -0.178000 -0.043750 -0.047375
v -0.228000 -0.041250 -0.047750
v -0.228000 -0.041250 -0.048125
v -0.203000 -0.042500 -0.048125
v -0.303000 -0.037500 -0.047375
v -0.278000 -0.038750 -0.047750
v -0.278000 -0.038750 -0.047375
v -0.353000 0.017500 -0.049625
v -0.353000 0.026250 -0.049250
v -0.353000 0.026250 -0.049625
v -0.353000 0.008750 -0.049250
v -0.353000 0.008750 -0.048875
v -0.353000 0.017500 -0.048875
v -0.353000 -0.017500 -0.049625
v -0.353000 -0.008750 -0.049250
v -0.353000 -0.008750 -0.049625
v -0.353000 -0.017500 -0.047375
v -0.353000 -0.026250 -0.047750
v -0.353000 -0.026250 -0.047375
v -0.353000 -0.008750 -0.047750
v -0.353000 -0.008750 -0.048125
v -0.353000 -0.017500 -0.048125
v -0.353000 0.017500 -0.047375
v -0.353000 0.008750 -0.047750
v -0.353000 0.008750 -0.047375
v -0.203000 0.042500 -0.049625
v -0.178000 0.043750 -0.049250
v -0.178000 0.043750 -0.049625
v -0.228000 0.041250 -0.049250
v -0.228000 0.041250 -0.048875
v -0.203000 0.042500 -0.048875
v -0.303000 0.037500 -0.049625
v -0.278000 0.038750 -0.049250
v -0.278000 0.038750 -0.049625
v -0.303000 0.037500 -0.047375
v -0.328000 0.036250 -0.047750
v -0.328000 0.036250 -0.047375
v -0.278000 0.038750 -0.047750
v -0.278000 0.038750 -0.048125
v -0.303000 0.037500 -0.048125
v -0.203000 0.042500 -0.047375
v -0.228000 0.041250 -0.047750
v -0.228000 0.041250 -0.047375
v -0.203000 0.031250 -0.047000
v -0.178000 0.021250 -0.047000
v -0.178000 0.032500 -0.047000
v -0.228000 0.018750 -0.047000
v -0.228000 0.007500 -0.047000
v -0.203000 0.008750 -0.047000
v -0.303000 0.026250 -0.047000
v -0.278000 0.016250 -0.047000
v -0.278000 0.027500 -0.047000
v -0.303000 -0.028750 -0.047000
v -0.328000 -0.018750 -0.047000
v -0.328000 -0.027500 -0.047000
v -0.278000 -0.021250 -0.047000
v -0.278000 -0.012500 -0.047000
v -0.303000 -0.011250 -0.047000
v -0.203000 -0.033750 -0.047000
v -0.228000 -0.023750 -0.047000
v -0.228000 -0.032500 -0.047000
v -0.203000 -0.031250 -0.050000
v -0.178000 -0.021250 -0.050000
v -0.178000 -0.032500 -0.050000
v -0.228000 -0.018750 -0.050000
v -0.228000 -0.007500 -0.050000
v -0.203000 -0.008750 -0.050000
v -0.303000 -0.026250 -0.050000
v -0.278000 -0.016250 -0.050000
v -0.278000 -0.027500 -0.050000
v -0.303000 0.028750 -0.050000
v -0.328000 0.018750 -0.050000
v -0.328000 0.027500 -0.050000
v -0.278000 0.021250 -0.050000
v -0.278000 0.012500 -0.050000
v -0.303000 0.011250 -0.050000
v -0.203000 0.033750 -0.050000
v -0.228000 0.023750 -0.050000
v -0.228000 0.032500 -0.050000
v -0.303000 -0.006250 -0.050000
v -0.328000 -0.016250 -0.050000
v -0.328000 -0.007500 -0.050000
v -0.203000 0.013750 -0.050000
v -0.178000 0.023750 -0.050000
v -0.178000 0.012500 -0.050000
v -0.303000 0.006250 -0.047000
v -0.328000 0.016250 -0.047000
v -0.328000 0.007500 -0.047000
v -0.203000 -0.013750 -0.047000
v -0.178000 -0.023750 -0.047000
v -0.178000 -0.012500 -0.047000
v -0.303000 0.037500 -0.048875
v -0.328000 0.036250 -0.049250
v -0.328000 0.036250 -0.048875
v -0.203000 0.042500 -0.048125
v -0.178000 0.043750 -0.047750
v -0.178000 0.043750 -0.048125
v -0.353000 -0.017500 -0.048875
v -0.353000 -0.026250 -0.049250
v -0.353000 -0.026250 -0.048875
v -0.353000 0.017500 -0.048125
v -0.353000 0.026250 -0.047750
v -0.353000 0.026250 -0.048125
v -0.203000 -0.042500 -0.048875
v -0.178000 -0.043750 -0.049250
v -0.178000 -0.043750 -0.048875
v -0.303000 -0.037500 -0.048125
v -0.328000 -0.036250 -0.047750
v -0.328000 -0.036250 -0.048125
v -0.153000 0.022500 -0.048875
v -0.153000 0.033750 -0.049250
v -0.153000 0.033750 -0.048875
v -0.153000 -0.022500 -0.048125
v -0.153000 -0.033750 -0.047750
v -0.153000 -0.033750 -0.048125
v -0.153000 -0.045000 -0.049813
v -0.153000 0.039375 -0.049813
v -0.153000 0.045000 -0.047187
v -0.340500 -0.035625 -0.047187
v -0.353000 -0.035000 -0.049813
v -0.353000 0.030625 -0.047187
v -0.353000 0.035000 -0.049813
v -0.353000 0.030625 -0.050000
v -0.153000 0.039375 -0.047000
v -0.153000 0.039375 -0.050000
v -0.340500 -0.035625 -0.047000
v -0.340500 0.030000 -0.047000
v -0.340500 -0.035625 -0.050000
v -0.340500 -0.030000 -0.050000
v -0.340500 0.035625 -0.050000
v -0.340500 0.035625 -0.047000
v -0.340500 0.035625 -0.049813
v -0.353000 0.030625 -0.047000
v -0.153000 -0.045000 -0.048313
v -0.153000 -0.005625 -0.048313
v -0.153000 0.045000 -0.048688
v -0.240500 -0.040625 -0.048688
v -0.353000 -0.035000 -0.048313
v -0.353000 -0.004375 -0.048688
v -0.353000 0.035000 -0.048313
v -0.353000 -0.004375 -0.050000
v -0.153000 -0.005625 -0.047000
v -0.153000 -0.005625 -0.050000
v -0.240500 -0.040625 -0.047000
v -0.240500 -0.010000 -0.047000
v -0.240500 -0.040625 -0.050000
v -0.240500 0.010000 -0.050000
v -0.240500 0.040625 -0.050000
v -0.240500 0.040625 -0.047000
v -0.240500 0.040625 -0.048313
v -0.353000 -0.004375 -0.047000
v -0.253000 0.035625 -0.050000
v -0.340500 0.000625 -0.050000
v -0.340500 0.005000 -0.050000
v -0.253000 -0.034375 -0.050000
v -0.165500 0.000625 -0.050000
v -0.165500 -0.005000 -0.050000
v -0.253000 -0.035625 -0.047000
v -0.340500 -0.000625 -0.047000
v -0.340500 -0.005000 -0.047000
v -0.253000 0.034375 -0.047000
v -0.165500 -0.000625 -0.047000
v -0.165500 0.005000 -0.047000
v -0.253000 0.040000 -0.047187
v -0.340500 0.035625 -0.048500
v -0.340500 0.035625 -0.048313
v -0.253000 0.040000 -0.049813
v -0.165500 0.044375 -0.048500
v -0.165500 0.044375 -0.048688
v -0.353000 0.000000 -0.047187
v -0.353000 -0.030625 -0.048500
v -0.353000 -0.030625 -0.048313
v -0.353000 0.000000 -0.049813
v -0.353000 0.030625 -0.048500
v -0.353000 0.030625 -0.048688
v -0.253000 -0.040000 -0.047187
v -0.165500 -0.044375 -0.048500
v -0.165500 -0.044375 -0.048313
v -0.253000 -0.040000 -0.049813
v -0.340500 -0.035625 -0.048500
v -0.340500 -0.035625 -0.048688
v -0.153000 0.000000 -0.047187
v -0.153000 0.039375 -0.048500
v -0.153000 0.039375 -0.048313
v -0.153000 0.000000 -0.049813
v -0.153000 -0.039375 -0.048500
v -0.153000 -0.039375 -0.048688
v -0.153000 -0.045000 -0.049062
v -0.153000 0.016875 -0.049062
v -0.153000 0.045000 -0.047937
v -0.290500 -0.038125 -0.047937
v -0.353000 -0.035000 -0.049062
v -0.353000 0.013125 -0.047937
v -0.353000 0.035000 -0.049062
v -0.353000 0.013125 -0.050000
v -0.153000 0.016875 -0.047000
v -0.153000 0.016875 -0.050000
v -0.290500 -0.038125 -0.047000
v -0.290500 0.010000 -0.047000
v -0.290500 -0.038125 -0.050000
v -0.290500 -0.010000 -0.050000
v -0.290500 0.038125 -0.050000
v -0.290500 0.038125 -0.047000
v -0.290500 0.038125 -0.049062
v -0.353000 0.013125 -0.047000
v -0.153000 -0.045000 -0.047563
v -0.153000 -0.028125 -0.047563
v -0.153000 0.045000 -0.049438
v -0.190500 -0.043125 -0.049438
v -0.353000 -0.035000 -0.047563
v -0.353000 -0.021875 -0.049438
v -0.353000 0.035000 -0.047563
v -0.353000 -0.021875 -0.050000
v -0.153000 -0.028125 -0.047000
v -0.153000 -0.028125 -0.050000
v -0.190500 -0.043125 -0.047000
v -0.190500 -0.030000 -0.047000
v -0.190500 -0.043125 -0.050000
v -0.190500 0.030000 -0.050000
v -0.190500 0.043125 -0.050000
v -0.190500 0.043125 -0.047000
v -0.190500 0.043125 -0.047563
v -0.353000 -0.021875 -0.047000
v -0.253000 0.018125 -0.050000
v -0.290500 0.003125 -0.050000
v -0.290500 0.025000 -0.050000
v -0.253000 -0.011875 -0.050000
v -0.215500 0.003125 -0.050000
v -0.215500 -0.025000 -0.050000
v -0.253000 -0.018125 -0.047000
v -0.290500 -0.003125 -0.047000
v -0.290500 -0.025000 -0.047000
v -0.253000 0.011875 -0.047000
v -0.215500 -0.003125 -0.047000
v -0.215500 0.025000 -0.047000
v -0.253000 0.040000 -0.047937
v -0.290500 0.038125 -0.048500
v -0.290500 0.038125 -0.047563
v -0.253000 0.040000 -0.049062
v -0.215500 0.041875 -0.048500
v -0.215500 0.041875 -0.049438
v -0.353000 0.000000 -0.047937
v -0.353000 -0.013125 -0.048500
v -0.353000 -0.013125 -0.047563
v -0.353000 0.000000 -0.049062
v -0.353000 0.013125 -0.048500
v -0.353000 0.013125 -0.049438
v -0.253000 -0.040000 -0.047937
v -0.215500 -0.041875 -0.048500
v -0.215500 -0.041875 -0.047563
v -0.253000 -0.040000 -0.049062
v -0.290500 -0.038125 -0.048500
v -0.290500 -0.038125 -0.049438
v -0.153000 0.000000 -0.047937
v -0.153000 0.016875 -0.048500
v -0.153000 0.016875 -0.047563
v -0.153000 0.000000 -0.049062
v -0.153000 -0.016875 -0.048500
v -0.153000 -0.016875 -0.049438
v -0.153000 -0.022500 -0.049813
v -0.153000 -0.039375 -0.049250
v -0.153000 -0.039375 -0.049438
v -0.153000 -0.016875 -0.049250
v -0.153000 -0.016875 -0.048688
v -0.153000 -0.022500 -0.048688
v -0.153000 0.022500 -0.049813
v -0.153000 0.005625 -0.049250
v -0.153000 0.005625 -0.049438
v -0.153000 0.022500 -0.047187
v -0.153000 0.039375 -0.047750
v -0.153000 0.039375 -0.047563
v -0.153000 0.016875 -0.047750
v -0.153000 0.016875 -0.048313
v -0.153000 0.022500 -0.048313
v -0.153000 -0.022500 -0.047187
v -0.153000 -0.005625 -0.047750
v -0.153000 -0.005625 -0.047563
v -0.303000 -0.037500 -0.049813
v -0.340500 -0.035625 -0.049250
v -0.340500 -0.035625 -0.049438
v -0.290500 -0.038125 -0.049250
v -0.290500 -0.038125 -0.048688
v -0.303000 -0.037500 -0.048688
v -0.203000 -0.042500 -0.049813
v -0.240500 -0.040625 -0.049250
v -0.240500 -0.040625 -0.049438
v -0.203000 -0.042500 -0.047187
v -0.165500 -0.044375 -0.047750
v -0.165500 -0.044375 -0.047563
v -0.215500 -0.041875 -0.047750
v -0.215500 -0.041875 -0.048313
v -0.203000 -0.042500 -0.048313
v -0.303000 -0.037500 -0.047187
v -0.265500 -0.039375 -0.047750
v -0.265500 -0.039375 -0.047563
v -0.353000 0.017500 -0.049813
v -0.353000 0.030625 -0.049250
v -0.353000 0.030625 -0.049438
v -0.353000 0.013125 -0.049250
v -0.353000 0.013125 -0.048688
v -0.353000 0.017500 -0.048688
v -0.353000 -0.017500 -0.049813
v -0.353000 -0.004375 -0.049250
v -0.353000 -0.004375 -0.049438
v -0.353000 -0.017500 -0.047187
v -0.353000 -0.030625 -0.047750
v -0.353000 -0.030625 -0.047563
v -0.353000 -0.013125 -0.047750
v -0.353000 -0.013125 -0.048313
v -0.353000 -0.017500 -0.048313
v -0.353000 0.017500 -0.047187
v -0.353000 0.004375 -0.047750
v -0.353000 0.004375 -0.047563
v -0.203000 0.042500 -0.049813
v -0.165500 0.044375 -0.049250
v -0.165500 0.044375 -0.049438
v -0.215500 0.041875 -0.049250
v -0.215500 0.041875 -0.048688
v -0.203000 0.042500 -0.048688
v -0.303000 0.037500 -0.049813
v -0.265500 0.039375 -0.049250
v -0.265500 0.039375 -0.049438
v -0.303000 0.037500 -0.047187
v -0.340500 0.035625 -0.047750
v -0.340500 0.035625 -0.047563
v -0.290500 0.038125 -0.047750
v -0.290500 0.038125 -0.048313
v -0.303000 0.037500 -0.048313
v -0.203000 0.042500 -0.047187
v -0.240500 0.040625 -0.047750
v -0.240500 0.040625 -0.047563
v -0.203000 0.036875 -0.047000
v -0.165500 0.021875 -0.047000
v -0.165500 0.027500 -0.047000
v -0.215500 0.019375 -0.047000
v -0.215500 0.002500 -0.047000
v -0.203000 0.003125 -0.047000
v -0.303000 0.031875 -0.047000
v -0.265500 0.016875 -0.047000
v -0.265500 0.022500 -0.047000
v -0.303000 -0.033125 -0.047000
v -0.340500 -0.018125 -0.047000
v -0.340500 -0.022500 -0.047000
v -0.290500 -0.020625 -0.047000
v -0.290500 -0.007500 -0.047000
v -0.303000 -0.006875 -0.047000
v -0.203000 -0.038125 -0.047000
v -0.240500 -0.023125 -0.047000
v -0.240500 -0.027500 -0.047000
v -0.203000 -0.036875 -0.050000
v -0.165500 -0.021875 -0.050000
v -0.165500 -0.027500 -0.050000
v -0.215500 -0.019375 -0.050000
v -0.215500 -0.002500 -0.050000
v -0.203000 -0.003125 -0.050000
v -0.303000 -0.031875 -0.050000
v -0.265500 -0.016875 -0.050000
v -0.265500 -0.022500 -0.050000
v -0.303000 0.033125 -0.050000
v -0.340500 0.018125 -0.050000
v -0.340500 0.022500 -0.050000
v -0.290500 0.020625 -0.050000
v -0.290500 0.007500 -0.050000
v -0.303000 0.006875 -0.050000
v -0.203000 0.038125 -0.050000
v -0.240500 0.023125 -0.050000
v -0.240500 0.027500 -0.050000
v -0.303000 -0.001875 -0.050000
v -0.340500 -0.016875 -0.050000
v -0.340500 -0.012500 -0.050000
v -0.203000 0.008125 -0.050000
v -0.165500 0.023125 -0.050000
v -0.165500 0.017500 -0.050000
v -0.303000 0.001875 -0.047000
v -0.340500 0.016875 -0.047000
v -0.340500 0.012500 -0.047000
v -0.203000 -0.008125 -0.047000
v -0.165500 -0.023125 -0.047000
v -0.165500 -0.017500 -0.047000
v -0.303000 0.037500 -0.048688
v -0.340500 0.035625 -0.049250
v -0.340500 0.035625 -0.049062
v -0.203000 0.042500 -0.048313
v -0.165500 0.044375 -0.047750
v -0.165500 0.044375 -0.047937
v -0.353000 -0.017500 -0.048688
v -0.353000 -0.030625 -0.049250
v -0.353000 -0.030625 -0.049062
v -0.353000 0.017500 -0.048313
v -0.353000 0.030625 -0.047750
v -0.353000 0.030625 -0.047937
v -0.203000 -0.042500 -0.048688
v -0.165500 -0.044375 -0.049250
v -0.165500 -0.044375 -0.049062
v -0.303000 -0.037500 -0.048313
v -0.340500 -0.035625 -0.047750
v -0.340500 -0.035625 -0.047937
v -0.153000 0.022500 -0.048688
v -0.153000 0.039375 -0.049250
v -0.153000 0.039375 -0.049062
v -0.153000 -0.022500 -0.048313
v -0.153000 -0.039375 -0.047750
v -0.153000 -0.039375 -0.047937
v -0.153000 -0.045000 -0.049438
v -0.153000 0.028125 -0.049438
v -0.153000 0.045000 -0.047563
v -0.315500 -0.036875 -0.047563
v -0.353000 -0.035000 -0.049438
v -0.353000 0.021875 -0.047563
v -0.353000 0.035000 -0.049438
v -0.353000 0.021875 -0.050000
v -0.153000 0.028125 -0.047000
v -0.153000 0.028125 -0.050000
v -0.315500 -0.036875 -0.047000
v -0.315500 0.020000 -0.047000
v -0.315500 -0.036875 -0.050000
v -0.315500 -0.020000 -0.050000
v -0.315500 0.036875 -0.050000
v -0.315500 0.036875 -0.047000
v -0.315500 0.036875 -0.049438
v -0.353000 0.021875 -0.047000
v -0.153000 -0.045000 -0.047937
v -0.153000 -0.016875 -0.047937
v -0.153000 0.045000 -0.049062
v -0.215500 -0.041875 -0.049062
v -0.353000 -0.035000 -0.047937
v -0.353000 -0.013125 -0.049062
v -0.353000 0.035000 -0.047937
v -0.353000 -0.013125 -0.050000
v -0.153000 -0.016875 -0.047000
v -0.153000 -0.016875 -0.050000
v -0.215500 -0.041875 -0.047000
v -0.215500 -0.020000 -0.047000
v -0.215500 -0.041875 -0.050000
v -0.215500 0.020000 -0.050000
v -0.215500 0.041875 -0.050000
v -0.215500 0.041875 -0.047000
v -0.215500 0.041875 -0.047937
v -0.353000 -0.013125 -0.047000
v -0.253000 0.026875 -0.050000
v -0.315500 0.001875 -0.050000
v -0.315500 0.015000 -0.050000
v -0.253000 -0.023125 -0.050000
v -0.190500 0.001875 -0.050000
v -0.190500 -0.015000 -0.050000
v -0.253000 -0.026875 -0.047000
v -0.315500 -0.001875 -0.047000
v -0.315500 -0.015000 -0.047000
v -0.253000 0.023125 -0.047000
v -0.190500 -0.001875 -0.047000
v -0.190500 0.015000 -0.047000
v -0.253000 0.040000 -0.047563
v -0.315500 0.036875 -0.048500
v -0.315500 0.036875 -0.047937
v -0.253000 0.040000 -0.049438
v -0.190500 0.043125 -0.048500
v -0.190500 0.043125 -0.049062
v -0.353000 0.000000 -0.047563
v -0.353000 -0.021875 -0.048500
v -0.353000 -0.021875 -0.047937
v -0.353000 0.000000 -0.049438
v -0.353000 0.021875 -0.048500
v -0.353000 0.021875 -0.049062
v -0.253000 -0.040000 -0.047563
v -0.190500 -0.043125 -0.048500
v -0.190500 -0.043125 -0.047937
v -0.253000 -0.040000 -0.049438
v -0.315500 -0.036875 -0.048500
v -0.315500 -0.036875 -0.049062
v -0.153000 0.000000 -0.047563
v -0.153000 0.028125 -0.048500
v -0.153000 0.028125 -0.047937
v -0.153000 0.000000 -0.049438
v -0.153000 -0.028125 -0.048500
v -0.153000 -0.028125 -0.049062
v -0.153000 -0.045000 -0.048688
v -0.153000 0.005625 -0.048688
v -0.153000 0.045000 -0.048313
v -0.265500 -0.039375 -0.048313
v -0.353000 -0.035000 -0.048688
v -0.353000 0.004375 -0.048313
v -0.353000 0.035000 -0.048688
v -0.353000 0.004375 -0.050000
v -0.153000 0.005625 -0.047000
v -0.153000 0.005625 -0.050000
v -0.265500 -0.039375 -0.047000
v -0.265500 -0.000000 -0.047000
v -0.265500 -0.039375 -0.050000
v -0.265500 0.000000 -0.050000
v -0.265500 0.039375 -0.050000
v -0.265500 0.039375 -0.047000
v -0.265500 0.039375 -0.048688
v -0.353000 0.004375 -0.047000
v -0.153000 -0.045000 -0.047187
v -0.153000 -0.039375 -0.047187
v -0.153000 0.045000 -0.049813
v -0.165500 -0.044375 -0.049813
v -0.353000 -0.035000 -0.047187
v -0.353000 -0.030625 -0.049813
v -0.353000 0.035000 -0.047187
v -0.353000 -0.030625 -0.050000
v -0.153000 -0.039375 -0.047000
v -0.153000 -0.039375 -0.050000
v -0.165500 -0.044375 -0.047000
v -0.165500 -0.040000 -0.047000
v -0.165500 -0.044375 -0.050000
v -0.165500 0.040000 -0.050000
v -0.165500 0.044375 -0.050000
v -0.165500 0.044375 -0.047000
v -0.165500 0.044375 -0.047187
v -0.353000 -0.030625 -0.047000
v -0.253000 0.009375 -0.050000
v -0.265500 0.004375 -0.050000
v -0.265500 0.035000 -0.050000
v -0.253000 -0.000625 -0.050000
v -0.240500 0.004375 -0.050000
v -0.240500 -0.035000 -0.050000
v -0.253000 -0.009375 -0.047000
v -0.265500 -0.004375 -0.047000
v -0.265500 -0.035000 -0.047000
v -0.253000 0.000625 -0.047000
v -0.240500 -0.004375 -0.047000
v -0.240500 0.035000 -0.047000
v -0.253000 0.040000 -0.048313
v -0.265500 0.039375 -0.048500
v -0.265500 0.039375 -0.047187
v -0.253000 0.040000 -0.048688
v -0.240500 0.040625 -0.048500
v -0.240500 0.040625 -0.049813
v -0.353000 0.000000 -0.048313
v -0.353000 -0.004375 -0.048500
v -0.353000 -0.004375 -0.047187
v -0.353000 0.000000 -0.048688
v -0.353000 0.004375 -0.048500
v -0.353000 0.004375 -0.049813
v -0.253000 -0.040000 -0.048313
v -0.240500 -0.040625 -0.048500
v -0.240500 -0.040625 -0.047187
v -0.253000 -0.040000 -0.048688
v -0.265500 -0.039375 -0.048500
v -0.265500 -0.039375 -0.049813
v -0.153000 0.000000 -0.048313
v -0.153000 0.005625 -0.048500
v -0.153000 0.005625 -0.047187
v -0.153000 0.000000 -0.048688
v -0.153000 -0.005625 -0.048500
v -0.153000 -0.005625 -0.049813
v -0.153000 -0.022500 -0.049438
v -0.153000 -0.028125 -0.049250
v -0.153000 -0.028125 -0.049813
v -0.153000 -0.005625 -0.049250
v -0.153000 -0.005625 -0.049062
v -0.153000 -0.022500 -0.049062
v -0.153000 0.022500 -0.049438
v -0.153000 0.016875 -0.049250
v -0.153000 0.016875 -0.049813
v -0.153000 0.022500 -0.047563
v -0.153000 0.028125 -0.047750
v -0.153000 0.028125 -0.047187
v -0.153000 0.005625 -0.047750
v -0.153000 0.005625 -0.047937
v -0.153000 0.022500 -0.047937
v -0.153000 -0.022500 -0.047563
v -0.153000 -0.016875 -0.047750
v -0.153000 -0.016875 -0.047187
v -0.303000 -0.037500 -0.049438
v -0.315500 -0.036875 -0.049250
v -0.315500 -0.036875 -0.049813
v -0.265500 -0.039375 -0.049250
v -0.265500 -0.039375 -0.049062
v -0.303000 -0.037500 -0.049062
v -0.203000 -0.042500 -0.049438
v -0.215500 -0.041875 -0.049250
v -0.215500 -0.041875 -0.049813
v -0.203000 -0.042500 -0.047563
v -0.190500 -0.043125 -0.047750
v -0.190500 -0.043125 -0.047187
v -0.240500 -0.040625 -0.047750
v -0.240500 -0.040625 -0.047937
v -0.203000 -0.042500 -0.047937
v -0.303000 -0.037500 -0.047563
v -0.290500 -0.038125 -0.047750
v -0.290500 -0.038125 -0.047187
v -0.353000 0.017500 -0.049438
v -0.353000 0.021875 -0.049250
v -0.353000 0.021875 -0.049813
v -0.353000 0.004375 -0.049250
v -0.353000 0.004375 -0.049062
v -0.353000 0.017500 -0.049062
v -0.353000 -0.017500 -0.049438
v -0.353000 -0.013125 -0.049250
v -0.353000 -0.013125 -0.049813
v -0.353000 -0.017500 -0.047563
v -0.353000 -0.021875 -0.047750
v -0.353000 -0.021875 -0.047187
v -0.353000 -0.004375 -0.047750
v -0.353000 -0.004375 -0.047937
v -0.353000 -0.017500 -0.047937
v -0.353000 0.017500 -0.047563
v -0.353000 0.013125 -0.047750
v -0.353000 0.013125 -0.047187
v -0.203000 0.042500 -0.049438
v -0.190500 0.043125 -0.049250
v -0.190500 0.043125 -0.049813
v -0.240500 0.040625 -0.049250
v -0.240500 0.040625 -0.049062
v -0.203000 0.042500 -0.049062
v -0.303000 0.037500 -0.049438
v -0.290500 0.038125 -0.049250
v -0.290500 0.038125 -0.049813
v -0.303000 0.037500 -0.047563
v -0.315500 0.036875 -0.047750
v -0.315500 0.036875 -0.047187
v -0.265500 0.039375 -0.047750
v -0.265500 0.039375 -0.047937
v -0.303000 0.037500 -0.047937
v -0.203000 0.042500 -0.047563
v -0.215500 0.041875 -0.047750
v -0.215500 0.041875 -0.047187
v -0.203000 0.025625 -0.047000
v -0.190500 0.020625 -0.047000
v -0.190500 0.037500 -0.047000
v -0.240500 0.018125 -0.047000
v -0.240500 0.012500 -0.047000
v -0.203000 0.014375 -0.047000
v -0.303000 0.020625 -0.047000
v -0.290500 0.015625 -0.047000
v -0.290500 0.032500 -0.047000
v -0.303000 -0.024375 -0.047000
v -0.315500 -0.019375 -0.047000
v -0.315500 -0.032500 -0.047000
v -0.265500 -0.021875 -0.047000
v -0.265500 -0.017500 -0.047000
v -0.303000 -0.015625 -0.047000
v -0.203000 -0.029375 -0.047000
v -0.215500 -0.024375 -0.047000
v -0.215500 -0.037500 -0.047000
v -0.203000 -0.025625 -0.050000
v -0.190500 -0.020625 -0.050000
v -0.190500 -0.037500 -0.050000
v -0.240500 -0.018125 -0.050000
v -0.240500 -0.012500 -0.050000
v -0.203000 -0.014375 -0.050000
v -0.303000 -0.020625 -0.050000
v -0.290500 -0.015625 -0.050000
v -0.290500 -0.032500 -0.050000
v -0.303000 0.024375 -0.050000
v -0.315500 0.019375 -0.050000
v -0.315500 0.032500 -0.050000
v -0.265500 0.021875 -0.050000
v -0.265500 0.017500 -0.050000
v -0.303000 0.015625 -0.050000
v -0.203000 0.029375 -0.050000
v -0.215500 0.024375 -0.050000
v -0.215500 0.037500 -0.050000
v -0.303000 -0.010625 -0.050000
v -0.315500 -0.015625 -0.050000
v -0.315500 -0.002500 -0.050000
v -0.203000 0.019375 -0.050000
v -0.190500 0.024375 -0.050000
v -0.190500 0.007500 -0.050000
v -0.303000 0.010625 -0.047000
v -0.315500 0.015625 -0.047000
v -0.315500 0.002500 -0.047000
v -0.203000 -0.019375 -0.047000
v -0.190500 -0.024375 -0.047000
v -0.190500 -0.007500 -0.047000
v -0.303000 0.037500 -0.049062
v -0.315500 0.036875 -0.049250
v -0.315500 0.036875 -0.048688
v -0.203000 0.042500 -0.047937
v -0.190500 0.043125 -0.047750
v -0.190500 0.043125 -0.048313
v -0.353000 -0.017500 -0.049062
v -0.353000 -0.021875 -0.049250
v -0.353000 -0.021875 -0.048688
v -0.353000 0.017500 -0.047937
v -0.353000 0.021875 -0.047750
v -0.353000 0.021875 -0.048313
v -0.203000 -0.042500 -0.049062
v -0.190500 -0.043125 -0.049250
v -0.190500 -0.043125 -0.048688
v -0.303000 -0.037500 -0.047937
v -0.315500 -0.036875 -0.047750
v -0.315500 -0.036875 -0.048313
v -0.153000 0.022500 -0.049062
v -0.153000 0.028125 -0.049250
v -0.153000 0.028125 -0.048688
v -0.153000 -0.022500 -0.047937
v -0.153000 -0.028125 -0.047750
v -0.153000 -0.028125 -0.048313
v -0.153000 -0.033750 -0.048313
v -0.153000 -0.039375 -0.048125
v -0.153000 -0.039375 -0.048313
v -0.153000 -0.028125 -0.048125
v -0.153000 -0.028125 -0.047937
v -0.153000 -0.033750 -0.047937
v -0.153000 -0.011250 -0.048313
v -0.153000 -0.016875 -0.048125
v -0.153000 -0.016875 -0.048313
v -0.153000 0.033750 -0.048688
v -0.153000 0.039375 -0.048875
v -0.153000 0.039375 -0.048688
v -0.153000 0.028125 -0.048875
v -0.153000 0.028125 -0.049062
v -0.153000 0.033750 -0.049062
v -0.153000 0.011250 -0.048688
v -0.153000 0.016875 -0.048875
v -0.153000 0.016875 -0.048688
v -0.328000 -0.036250 -0.048313
v -0.340500 -0.035625 -0.048125
v -0.340500 -0.035625 -0.048313
v -0.315500 -0.036875 -0.048125
v -0.315500 -0.036875 -0.047937
v -0.328000 -0.036250 -0.047937
v -0.278000 -0.038750 -0.048313
v -0.290500 -0.038125 -0.048125
v -0.290500 -0.038125 -0.048313
v -0.178000 -0.043750 -0.048688
v -0.165500 -0.044375 -0.048875
v -0.165500 -0.044375 -0.048688
v -0.190500 -0.043125 -0.048875
v -0.190500 -0.043125 -0.049062
v -0.178000 -0.043750 -0.049062
v -0.228000 -0.041250 -0.048688
v -0.215500 -0.041875 -0.048875
v -0.215500 -0.041875 -0.048688
v -0.353000 0.026250 -0.048313
v -0.353000 0.030625 -0.048125
v -0.353000 0.030625 -0.048313
v -0.353000 0.021875 -0.048125
v -0.353000 0.021875 -0.047937
v -0.353000 0.026250 -0.047937
v -0.353000 0.008750 -0.048313
v -0.353000 0.013125 -0.048125
v -0.353000 0.013125 -0.048313
v -0.353000 -0.026250 -0.048688
v -0.353000 -0.030625 -0.048875
v -0.353000 -0.030625 -0.048688
v -0.353000 -0.021875 -0.048875
v -0.353000 -0.021875 -0.049062
v -0.353000 -0.026250 -0.049062
v -0.353000 -0.008750 -0.048688
v -0.353000 -0.013125 -0.048875
v -0.353000 -0.013125 -0.048688
v -0.178000 0.043750 -0.048313
v -0.165500 0.044375 -0.048125
v -0.165500 0.044375 -0.048313
v -0.190500 0.043125 -0.048125
v -0.190500 0.043125 -0.047937
v -0.178000 0.043750 -0.047937
v -0.228000 0.041250 -0.048313
v -0.215500 0.041875 -0.048125
v -0.215500 0.041875 -0.048313
v -0.328000 0.036250 -0.048688
v -0.340500 0.035625 -0.048875
v -0.340500 0.035625 -0.048688
v -0.315500 0.036875 -0.048875
v -0.315500 0.036875 -0.049062
v -0.328000 0.036250 -0.049062
v -0.278000 0.038750 -0.048688
v -0.290500 0.038125 -0.048875
v -0.290500 0.038125 -0.048688
v -0.178000 -0.006875 -0.047000
v -0.165500 -0.011875 -0.047000
v -0.165500 -0.006250 -0.047000
v -0.190500 -0.013125 -0.047000
v -0.190500 -0.018750 -0.047000
v -0.178000 -0.018125 -0.047000
v -0.228000 -0.009375 -0.047000
v -0.215500 -0.014375 -0.047000
v -0.215500 -0.008750 -0.047000
v -0.328000 0.003125 -0.047000
v -0.340500 0.008125 -0.047000
v -0.340500 0.003750 -0.047000
v -0.315500 0.006875 -0.047000
v -0.315500 0.011250 -0.047000
v -0.328000 0.011875 -0.047000
v -0.278000 0.000625 -0.047000
v -0.290500 0.005625 -0.047000
v -0.290500 0.001250 -0.047000
v -0.178000 0.006875 -0.050000
v -0.165500 0.011875 -0.050000
v -0.165500 0.006250 -0.050000
v -0.190500 0.013125 -0.050000
v -0.190500 0.018750 -0.050000
v -0.178000 0.018125 -0.050000
v -0.228000 0.009375 -0.050000
v -0.215500 0.014375 -0.050000
v -0.215500 0.008750 -0.050000
v -0.328000 -0.003125 -0.050000
v -0.340500 -0.008125 -0.050000
v -0.340500 -0.003750 -0.050000
v -0.315500 -0.006875 -0.050000
v -0.315500 -0.011250 -0.050000
v -0.328000 -0.011875 -0.050000
v -0.278000 -0.000625 -0.050000
v -0.290500 -0.005625 -0.050000
v -0.290500 -0.001250 -0.050000
v -0.228000 0.036875 -0.050000
v -0.240500 0.031875 -0.050000
v -0.240500 0.036250 -0.050000
v -0.215500 0.033125 -0.050000
v -0.215500 0.028750 -0.050000
v -0.228000 0.028125 -0.050000
v -0.178000 0.039375 -0.050000
v -0.190500 0.034375 -0.050000
v -0.190500 0.038750 -0.050000
v -0.315500 0.010625 -0.050000
v -0.315500 0.006250 -0.050000
v -0.328000 0.005625 -0.050000
v -0.290500 0.016250 -0.050000
v -0.278000 0.016875 -0.050000
v -0.290500 0.011875 -0.050000
v -0.265500 0.030625 -0.050000
v -0.265500 0.026250 -0.050000
v -0.278000 0.025625 -0.050000
v -0.328000 0.031875 -0.050000
v -0.340500 0.026875 -0.050000
v -0.340500 0.031250 -0.050000
v -0.315500 0.028125 -0.050000
v -0.315500 0.023750 -0.050000
v -0.328000 0.023125 -0.050000
v -0.278000 0.034375 -0.050000
v -0.290500 0.029375 -0.050000
v -0.290500 0.033750 -0.050000
v -0.278000 -0.033125 -0.050000
v -0.265500 -0.028125 -0.050000
v -0.265500 -0.033750 -0.050000
v -0.290500 -0.026875 -0.050000
v -0.290500 -0.021250 -0.050000
v -0.278000 -0.021875 -0.050000
v -0.328000 -0.030625 -0.050000
v -0.315500 -0.025625 -0.050000
v -0.315500 -0.031250 -0.050000
v -0.190500 -0.009375 -0.050000
v -0.190500 -0.003750 -0.050000
v -0.178000 -0.004375 -0.050000
v -0.215500 -0.013750 -0.050000
v -0.228000 -0.013125 -0.050000
v -0.215500 -0.008125 -0.050000
v -0.240500 -0.029375 -0.050000
v -0.240500 -0.023750 -0.050000
v -0.228000 -0.024375 -0.050000
v -0.178000 -0.038125 -0.050000
v -0.165500 -0.033125 -0.050000
v -0.165500 -0.038750 -0.050000
v -0.190500 -0.031875 -0.050000
v -0.190500 -0.026250 -0.050000
v -0.178000 -0.026875 -0.050000
v -0.228000 -0.035625 -0.050000
v -0.215500 -0.030625 -0.050000
v -0.215500 -0.036250 -0.050000
v -0.228000 -0.036875 -0.047000
v -0.240500 -0.031875 -0.047000
v -0.240500 -0.036250 -0.047000
v -0.215500 -0.033125 -0.047000
v -0.215500 -0.028750 -0.047000
v -0.228000 -0.028125 -0.047000
v -0.178000 -0.039375 -0.047000
v -0.190500 -0.034375 -0.047000
v -0.190500 -0.038750 -0.047000
v -0.315500 -0.010625 -0.047000
v -0.315500 -0.006250 -0.047000
v -0.328000 -0.005625 -0.047000
v -0.290500 -0.016250 -0.047000
v -0.278000 -0.016875 -0.047000
v -0.290500 -0.011875 -0.047000
v -0.265500 -0.030625 -0.047000
v -0.265500 -0.026250 -0.047000
v -0.278000 -0.025625 -0.047000
v -0.328000 -0.031875 -0.047000
v -0.340500 -0.026875 -0.047000
v -0.340500 -0.031250 -0.047000
v -0.315500 -0.028125 -0.047000
v -0.315500 -0.023750 -0.047000
v -0.328000 -0.023125 -0.047000
v -0.278000 -0.034375 -0.047000
v -0.290500 -0.029375 -0.047000
v -0.290500 -0.033750 -0.047000
v -0.278000 0.033125 -0.047000
v -0.265500 0.028125 -0.047000
v -0.265500 0.033750 -0.047000
v -0.290500 0.026875 -0.047000
v -0.290500 0.021250 -0.047000
v -0.278000 0.021875 -0.047000
v -0.328000 0.030625 -0.047000
v -0.315500 0.025625 -0.047000
v -0.315500 0.031250 -0.047000
v -0.190500 0.009375 -0.047000
v -0.190500 0.003750 -0.047000
v -0.178000 0.004375 -0.047000
v -0.215500 0.013750 -0.047000
v -0.228000 0.013125 -0.047000
v -0.215500 0.008125 -0.047000
v -0.240500 0.029375 -0.047000
v -0.240500 0.023750 -0.047000
v -0.228000 0.024375 -0.047000
v -0.178000 0.038125 -0.047000
v -0.165500 0.033125 -0.047000
v -0.165500 0.038750 -0.047000
v -0.190500 0.031875 -0.047000
v -0.190500 0.026250 -0.047000
v -0.178000 0.026875 -0.047000
v -0.228000 0.035625 -0.047000
v -0.215500 0.030625 -0.047000
v -0.215500 0.036250 -0.047000
v -0.228000 0.041250 -0.047187
v -0.240500 0.040625 -0.047375
v -0.240500 0.040625 -0.047187
v -0.215500 0.041875 -0.047375
v -0.215500 0.041875 -0.047563
v -0.228000 0.041250 -0.047563
v -0.178000 0.043750 -0.047187
v -0.190500 0.043125 -0.047375
v -0.190500 0.043125 -0.047187
v -0.315500 0.036875 -0.048125
v -0.315500 0.036875 -0.048313
v -0.328000 0.036250 -0.048313
v -0.290500 0.038125 -0.047937
v -0.278000 0.038750 -0.047937
v -0.290500 0.038125 -0.048125
v -0.265500 0.039375 -0.047375
v -0.265500 0.039375 -0.047563
v -0.278000 0.038750 -0.047563
v -0.328000 0.036250 -0.047187
v -0.340500 0.035625 -0.047375
v -0.340500 0.035625 -0.047187
v -0.315500 0.036875 -0.047375
v -0.315500 0.036875 -0.047563
v -0.328000 0.036250 -0.047563
v -0.278000 0.038750 -0.047187
v -0.290500 0.038125 -0.047375
v -0.290500 0.038125 -0.047187
v -0.278000 0.038750 -0.049813
v -0.265500 0.039375 -0.049625
v -0.265500 0.039375 -0.049813
v -0.290500 0.038125 -0.049625
v -0.290500 0.038125 -0.049438
v -0.278000 0.038750 -0.049438
v -0.328000 0.036250 -0.049813
v -0.315500 0.036875 -0.049625
v -0.315500 0.036875 -0.049813
v -0.190500 0.043125 -0.048875
v -0.190500 0.043125 -0.048688
v -0.178000 0.043750 -0.048688
v -0.215500 0.041875 -0.049062
v -0.228000 0.041250 -0.049062
v -0.215500 0.041875 -0.048875
v -0.240500 0.040625 -0.049625
v -0.240500 0.040625 -0.049438
v -0.228000 0.041250 -0.049438
v -0.178000 0.043750 -0.049813
v -0.165500 0.044375 -0.049625
v -0.165500 0.044375 -0.049813
v -0.190500 0.043125 -0.049625
v -0.190500 0.043125 -0.049438
v -0.178000 0.043750 -0.049438
v -0.228000 0.041250 -0.049813
v -0.215500 0.041875 -0.049625
v -0.215500 0.041875 -0.049813
v -0.353000 0.008750 -0.047187
v -0.353000 0.004375 -0.047375
v -0.353000 0.004375 -0.047187
v -0.353000 0.013125 -0.047375
v -0.353000 0.013125 -0.047563
v -0.353000 0.008750 -0.047563
v -0.353000 0.026250 -0.047187
v -0.353000 0.021875 -0.047375
v -0.353000 0.021875 -0.047187
v -0.353000 -0.021875 -0.048125
v -0.353000 -0.021875 -0.048313
v -0.353000 -0.026250 -0.048313
v -0.353000 -0.013125 -0.047937
v -0.353000 -0.008750 -0.047937
v -0.353000 -0.013125 -0.048125
v -0.353000 -0.004375 -0.047375
v -0.353000 -0.004375 -0.047563
v -0.353000 -0.008750 -0.047563
v -0.353000 -0.026250 -0.047187
v -0.353000 -0.030625 -0.047375
v -0.353000 -0.030625 -0.047187
v -0.353000 -0.021875 -0.047375
v -0.353000 -0.021875 -0.047563
v -0.353000 -0.026250 -0.047563
v -0.353000 -0.008750 -0.047187
v -0.353000 -0.013125 -0.047375
v -0.353000 -0.013125 -0.047187
v -0.353000 -0.008750 -0.049813
v -0.353000 -0.004375 -0.049625
v -0.353000 -0.004375 -0.049813
v -0.353000 -0.013125 -0.049625
v -0.353000 -0.013125 -0.049438
v -0.353000 -0.008750 -0.049438
v -0.353000 -0.026250 -0.049813
v -0.353000 -0.021875 -0.049625
v -0.353000 -0.021875 -0.049813
v -0.353000 0.021875 -0.048875
v -0.353000 0.021875 -0.048688
v -0.353000 0.026250 -0.048688
v -0.353000 0.013125 -0.049062
v -0.353000 0.008750 -0.049062
v -0.353000 0.013125 -0.048875
v -0.353000 0.004375 -0.049625
v -0.353000 0.004375 -0.049438
v -0.353000 0.008750 -0.049438
v -0.353000 0.026250 -0.049813
v -0.353000 0.030625 -0.049625
v -0.353000 0.030625 -0.049813
v -0.353000 0.021875 -0.049625
v -0.353000 0.021875 -0.049438
v -0.353000 0.026250 -0.049438
v -0.353000 0.008750 -0.049813
v -0.353000 0.013125 -0.049625
v -0.353000 0.013125 -0.049813
v -0.278000 -0.038750 -0.047187
v -0.265500 -0.039375 -0.047375
v -0.265500 -0.039375 -0.047187
v -0.290500 -0.038125 -0.047375
v -0.290500 -0.038125 -0.047563
v -0.278000 -0.038750 -0.047563
v -0.328000 -0.036250 -0.047187
v -0.315500 -0.036875 -0.047375
v -0.315500 -0.036875 -0.047187
v -0.190500 -0.043125 -0.048125
v -0.190500 -0.043125 -0.048313
v -0.178000 -0.043750 -0.048313
v -0.215500 -0.041875 -0.047937
v -0.228000 -0.041250 -0.047937
v -0.215500 -0.041875 -0.048125
v -0.240500 -0.040625 -0.047375
v -0.240500 -0.040625 -0.047563
v -0.228000 -0.041250 -0.047563
v -0.178000 -0.043750 -0.047187
v -0.165500 -0.044375 -0.047375
v -0.165500 -0.044375 -0.047187
v -0.190500 -0.043125 -0.047375
v -0.190500 -0.043125 -0.047563
v -0.178000 -0.043750 -0.047563
v -0.228000 -0.041250 -0.047187
v -0.215500 -0.041875 -0.047375
v -0.215500 -0.041875 -0.047187
v -0.228000 -0.041250 -0.049813
v -0.240500 -0.040625 -0.049625
v -0.240500 -0.040625 -0.049813
v -0.215500 -0.041875 -0.049625
v -0.215500 -0.041875 -0.049438
v -0.228000 -0.041250 -0.049438
v -0.178000 -0.043750 -0.049813
v -0.190500 -0.043125 -0.049625
v -0.190500 -0.043125 -0.049813
v -0.315500 -0.036875 -0.048875
v -0.315500 -0.036875 -0.048688
v -0.328000 -0.036250 -0.048688
v -0.290500 -0.038125 -0.049062
v -0.278000 -0.038750 -0.049062
v -0.290500 -0.038125 -0.048875
v -0.265500 -0.039375 -0.049625
v -0.265500 -0.039375 -0.049438
v -0.278000 -0.038750 -0.049438
v -0.328000 -0.036250 -0.049813
v -0.340500 -0.035625 -0.049625
v -0.340500 -0.035625 -0.049813
v -0.315500 -0.036875 -0.049625
v -0.315500 -0.036875 -0.049438
v -0.328000 -0.036250 -0.049438
v -0.278000 -0.038750 -0.049813
v -0.290500 -0.038125 -0.049625
v -0.290500 -0.038125 -0.049813
v -0.153000 -0.011250 -0.047187
v -0.153000 -0.005625 -0.047375
v -0.153000 -0.005625 -0.047187
v -0.153000 -0.016875 -0.047375
v -0.153000 -0.016875 -0.047563
v -0.153000 -0.011250 -0.047563
v -0.153000 -0.033750 -0.047187
v -0.153000 -0.028125 -0.047375
v -0.153000 -0.028125 -0.047187
v -0.153000 0.028125 -0.048125
v -0.153000 0.028125 -0.048313
v -0.153000 0.033750 -0.048313
v -0.153000 0.016875 -0.047937
v -0.153000 0.011250 -0.047937
v -0.153000 0.016875 -0.048125
v -0.153000 0.005625 -0.047375
v -0.153000 0.005625 -0.047563
v -0.153000 0.011250 -0.047563
v -0.153000 0.033750 -0.047187
v -0.153000 0.039375 -0.047375
v -0.153000 0.039375 -0.047187
v -0.153000 0.028125 -0.047375
v -0.153000 0.028125 -0.047563
v -0.153000 0.033750 -0.047563
v -0.153000 0.011250 -0.047187
v -0.153000 0.016875 -0.047375
v -0.153000 0.016875 -0.047187
v -0.153000 0.011250 -0.049813
v -0.153000 0.005625 -0.049625
v -0.153000 0.005625 -0.049813
v -0.153000 0.016875 -0.049625
v -0.153000 0.016875 -0.049438
v -0.153000 0.011250 -0.049438
v -0.153000 0.033750 -0.049813
v -0.153000 0.028125 -0.049625
v -0.153000 0.028125 -0.049813
v -0.153000 -0.028125 -0.048875
v -0.153000 -0.028125 -0.048688
v -0.153000 -0.033750 -0.048688
v -0.153000 -0.016875 -0.049062
v -0.153000 -0.011250 -0.049062
v -0.153000 -0.016875 -0.048875
v -0.153000 -0.005625 -0.049625
v -0.153000 -0.005625 -0.049438
v -0.153000 -0.011250 -0.049438
v -0.153000 -0.033750 -0.049813
v -0.153000 -0.039375 -0.049625
v -0.153000 -0.039375 -0.049813
v -0.153000 -0.028125 -0.049625
v -0.153000 -0.028125 -0.049438
v -0.153000 -0.033750 -0.049438
v -0.153000 -0.011250 -0.049813
v -0.153000 -0.016875 -0.049625
v -0.153000 -0.016875 -0.049813
v -0.153000 -0.033750 -0.049062
v -0.153000 -0.039375 -0.048875
v -0.153000 -0.039375 -0.049062
v -0.153000 -0.005625 -0.048875
v -0.153000 -0.005625 -0.048688
v -0.153000 -0.011250 -0.048688
v -0.153000 0.011250 -0.049062
v -0.153000 0.005625 -0.048875
v -0.153000 0.005625 -0.049062
v -0.153000 0.033750 -0.047937
v -0.153000 0.039375 -0.048125
v -0.153000 0.039375 -0.047937
v -0.153000 0.005625 -0.048125
v -0.153000 0.005625 -0.048313
v -0.153000 0.011250 -0.048313
v -0.153000 -0.011250 -0.047937
v -0.153000 -0.005625 -0.048125
v -0.153000 -0.005625 -0.047937
v -0.328000 -0.036250 -0.049062
v -0.340500 -0.035625 -0.048875
v -0.340500 -0.035625 -0.049062
v -0.265500 -0.039375 -0.048875
v -0.265500 -0.039375 -0.048688
v -0.278000 -0.038750 -0.048688
v -0.228000 -0.041250 -0.049062
v -0.240500 -0.040625 -0.048875
v -0.240500 -0.040625 -0.049062
v -0.178000 -0.043750 -0.047937
v -0.165500 -0.044375 -0.048125
v -0.165500 -0.044375 -0.047937
v -0.240500 -0.040625 -0.048125
v -0.240500 -0.040625 -0.048313
v -0.228000 -0.041250 -0.048313
v -0.278000 -0.038750 -0.047937
v -0.265500 -0.039375 -0.048125
v -0.265500 -0.039375 -0.047937
v -0.353000 0.026250 -0.049062
v -0.353000 0.030625 -0.048875
v -0.353000 0.030625 -0.049062
v -0.353000 0.004375 -0.048875
v -0.353000 0.004375 -0.048688
v -0.353000 0.008750 -0.048688
v -0.353000 -0.008750 -0.049062
v -0.353000 -0.004375 -0.048875
v -0.353000 -0.004375 -0.049062
v -0.353000 -0.026250 -0.047937
v -0.353000 -0.030625 -0.048125
v -0.353000 -0.030625 -0.047937
v -0.353000 -0.004375 -0.048125
v -0.353000 -0.004375 -0.048313
v -0.353000 -0.008750 -0.048313
v -0.353000 0.008750 -0.047937
v -0.353000 0.004375 -0.048125
v -0.353000 0.004375 -0.047937
v -0.178000 0.043750 -0.049062
v -0.165500 0.044375 -0.048875
v -0.165500 0.044375 -0.049062
v -0.240500 0.040625 -0.048875
v -0.240500 0.040625 -0.048688
v -0.228000 0.041250 -0.048688
v -0.278000 0.038750 -0.049062
v -0.265500 0.039375 -0.048875
v -0.265500 0.039375 -0.049062
v -0.328000 0.036250 -0.047937
v -0.340500 0.035625 -0.048125
v -0.340500 0.035625 -0.047937
v -0.265500 0.039375 -0.048125
v -0.265500 0.039375 -0.048313
v -0.278000 0.038750 -0.048313
v -0.228000 0.041250 -0.047937
v -0.240500 0.040625 -0.048125
v -0.240500 0.040625 -0.047937
v -0.178000 0.015625 -0.047000
v -0.165500 0.010625 -0.047000
v -0.165500 0.016250 -0.047000
v -0.240500 0.006875 -0.047000
v -0.240500 0.001250 -0.047000
v -0.228000 0.001875 -0.047000
v -0.278000 0.010625 -0.047000
v -0.265500 0.005625 -0.047000
v -0.265500 0.011250 -0.047000
v -0.328000 -0.014375 -0.047000
v -0.340500 -0.009375 -0.047000
v -0.340500 -0.013750 -0.047000
v -0.265500 -0.013125 -0.047000
v -0.265500 -0.008750 -0.047000
v -0.278000 -0.008125 -0.047000
v -0.228000 -0.019375 -0.047000
v -0.240500 -0.014375 -0.047000
v -0.240500 -0.018750 -0.047000
v -0.178000 -0.015625 -0.050000
v -0.165500 -0.010625 -0.050000
v -0.165500 -0.016250 -0.050000
v -0.240500 -0.006875 -0.050000
v -0.240500 -0.001250 -0.050000
v -0.228000 -0.001875 -0.050000
v -0.278000 -0.010625 -0.050000
v -0.265500 -0.005625 -0.050000
v -0.265500 -0.011250 -0.050000
v -0.328000 0.014375 -0.050000
v -0.340500 0.009375 -0.050000
v -0.340500 0.013750 -0.050000
v -0.265500 0.013125 -0.050000
v -0.265500 0.008750 -0.050000
v -0.278000 0.008125 -0.050000
v -0.228000 0.019375 -0.050000
v -0.240500 0.014375 -0.050000
v -0.240500 0.018750 -0.050000
v -0.328000 -0.020625 -0.050000
v -0.340500 -0.025625 -0.050000
v -0.340500 -0.021250 -0.050000
v -0.178000 0.029375 -0.050000
v -0.165500 0.034375 -0.050000
v -0.165500 0.028750 -0.050000
v -0.328000 0.020625 -0.047000
v -0.340500 0.025625 -0.047000
v -0.340500 0.021250 -0.047000
v -0.178000 -0.029375 -0.047000
v -0.165500 -0.034375 -0.047000
v -0.165500 -0.028750 -0.047000
v -0.328000 0.036250 -0.049438
v -0.340500 0.035625 -0.049625
v -0.340500 0.035625 -0.049438
v -0.178000 0.043750 -0.047563
v -0.165500 0.044375 -0.047375
v -0.165500 0.044375 -0.047563
v -0.353000 -0.026250 -0.049438
v -0.353000 -0.030625 -0.049625
v -0.353000 -0.030625 -0.049438
v -0.353000 0.026250 -0.047563
v -0.353000 0.030625 -0.047375
v -0.353000 0.030625 -0.047563
v -0.178000 -0.043750 -0.049438
v -0.165500 -0.044375 -0.049625
v -0.165500 -0.044375 -0.049438
v -0.328000 -0.036250 -0.047563
v -0.340500 -0.035625 -0.047375
v -0.340500 -0.035625 -0.047563
v -0.153000 0.033750 -0.049438
v -0.153000 0.039375 -0.049625
v -0.153000 0.039375 -0.049438
v -0.153000 -0.033750 -0.047563
v -0.153000 -0.039375 -0.047375
v -0.153000 -0.039375 -0.047563
s 0
f 6153 6917 6918
f 6155 6919 6540
f 6157 6921 6542
f 6154 6539 6920
f 6159 6923 6544
f 6158 6543 6922
f 6156 6541 6933
f 6160 6545 6555
f 6153 6925 6928
f 6159 6556 6550
f 6155 6548 6930
f 6158 6924 6552
f 6174 6935 6570
f 6174 6936 6935
f 6168 6906 6577
f 6174 6938 6912
f 6174 6939 6938
f 6170 6566 6580
f 6172 6941 6568
f 6172 6942 6941
f 6178 6574 6583
f 6172 6944 6910
f 6172 6945 6944
f 6169 6907 6586
f 6177 6947 6573
f 6177 6948 6947
f 6167 6563 6589
f 6177 6950 6915
f 6177 6951 6950
f 6163 6559 6592
f 6166 6953 6904
f 6166 6954 6953
f 6165 6561 6595
f 6166 6956 6562
f 6166 6957 6956
f 6167 6905 6598
f 6164 6959 6902
f 6164 6960 6959
f 6161 6557 6601
f 6164 6962 6560
f 6164 6963 6962
f 6165 6903 6604
f 6162 6965 6558
f 6162 6966 6965
f 6163 6901 6607
f 6162 6968 6900
f 6162 6969 6968
f 6161 6899 6610
f 6250 6971 6682
f 6250 6972 6971
f 6179 6827 6685
f 6248 6974 6896
f 6248 6975 6974
f 6249 6897 6688
f 6180 6977 6828
f 6180 6978 6977
f 6248 6896 6691
f 6247 6980 6679
f 6247 6981 6980
f 6181 6829 6694
f 6245 6983 6893
f 6245 6984 6983
f 6246 6894 6697
f 6198 6986 6630
f 6198 6987 6986
f 6245 6893 6700
f 6244 6989 6676
f 6244 6990 6989
f 6183 6831 6703
f 6242 6992 6890
f 6242 6993 6992
f 6243 6891 6706
f 6200 6995 6632
f 6200 6996 6995
f 6242 6890 6709
f 6241 6998 6673
f 6241 6999 6998
f 6197 6629 6712
f 6239 7001 6887
f 6239 7002 7001
f 6240 6888 6715
f 6182 7004 6830
f 6182 7005 7004
f 6239 6887 6718
f 6238 7007 6670
f 6238 7008 7007
f 6185 6833 6721
f 6236 7010 6884
f 6236 7011 7010
f 6237 6885 6724
f 6202 7013 6634
f 6202 7014 7013
f 6236 6884 6727
f 6235 7016 6667
f 6235 7017 7016
f 6201 6633 6730
f 6233 7019 6881
f 6233 7020 7019
f 6234 6882 6733
f 6184 7022 6832
f 6184 7023 7022
f 6233 6881 6736
f 6232 7025 6664
f 6232 7026 7025
f 6199 6631 6739
f 6230 7028 6878
f 6230 7029 7028
f 6231 6879 6742
f 6195 7031 6843
f 6195 7032 7031
f 6230 6878 6745
f 6229 7034 6661
f 6229 7035 7034
f 6203 6635 6748
f 6227 7037 6875
f 6227 7038 7037
f 6228 6876 6751
f 6213 7040 6645
f 6213 7041 7040
f 6227 6875 6754
f 6226 7043 6658
f 6226 7044 7043
f 6187 6835 6757
f 6224 7046 6872
f 6224 7047 7046
f 6225 6873 6760
f 6190 7049 6838
f 6190 7050 7049
f 6224 6872 6763
f 6223 7052 6655
f 6223 7053 7052
f 6214 6646 6766
f 6221 7055 6869
f 6221 7056 7055
f 6222 6870 6769
f 6208 7058 6640
f 6208 7059 7058
f 6221 6869 6772
f 6220 7061 6652
f 6220 7062 7061
f 6206 6638 6775
f 6218 7064 6866
f 6218 7065 7064
f 6219 6867 6778
f 6192 7067 6840
f 6192 7068 7067
f 6218 6866 6781
f 6217 7070 6649
f 6217 7071 7070
f 6186 6834 6784
f 6215 7073 6863
f 6215 7074 7073
f 6216 6864 6787
f 6210 7076 6642
f 6210 7077 7076
f 6215 6863 6790
f 6192 7079 6624
f 6192 7080 7079
f 6204 6852 6793
f 6210 7082 6858
f 6210 7083 7082
f 6188 6620 6796
f 6190 7085 6622
f 6190 7086 7085
f 6196 6628 6799
f 6208 7088 6856
f 6208 7089 7088
f 6205 6853 6802
f 6195 7091 6627
f 6195 7092 7091
f 6185 6617 6805
f 6213 7094 6861
f 6213 7095 7094
f 6181 6613 6808
f 6202 7097 6850
f 6202 7098 7097
f 6183 6615 6811
f 6184 7100 6616
f 6184 7101 7100
f 6203 6851 6814
f 6200 7103 6848
f 6200 7104 7103
f 6179 6611 6817
f 6182 7106 6614
f 6182 7107 7106
f 6201 6849 6820
f 6180 7109 6612
f 6180 7110 7109
f 6199 6847 6823
f 6198 7112 6846
f 6198 7113 7112
f 6197 6845 6826
f 6538 7115 7114
f 6538 7116 7115
f 6269 6557 7117
f 6536 7118 6824
f 6536 7119 7118
f 6537 6825 7120
f 6270 7121 6558
f 6270 7122 7121
f 6536 6824 7123
f 6535 7124 7111
f 6535 7125 7124
f 6271 6559 7126
f 6533 7127 6821
f 6533 7128 7127
f 6534 6822 7129
f 6324 7130 6900
f 6324 7131 7130
f 6533 6821 7132
f 6532 7133 7108
f 6532 7134 7133
f 6273 6561 7135
f 6530 7136 6818
f 6530 7137 7136
f 6531 6819 7138
f 6326 7139 6902
f 6326 7140 7139
f 6530 6818 7141
f 6529 7142 7105
f 6529 7143 7142
f 6323 6899 7144
f 6527 7145 6815
f 6527 7146 7145
f 6528 6816 7147
f 6272 7148 6560
f 6272 7149 7148
f 6527 6815 7150
f 6526 7151 7102
f 6526 7152 7151
f 6275 6563 7153
f 6524 7154 6812
f 6524 7155 7154
f 6525 6813 7156
f 6328 7157 6904
f 6328 7158 7157
f 6524 6812 7159
f 6523 7160 7099
f 6523 7161 7160
f 6327 6903 7162
f 6521 7163 6809
f 6521 7164 7163
f 6522 6810 7165
f 6274 7166 6562
f 6274 7167 7166
f 6521 6809 7168
f 6520 7169 7096
f 6520 7170 7169
f 6325 6901 7171
f 6518 7172 6806
f 6518 7173 7172
f 6519 6807 7174
f 6285 7175 6573
f 6285 7176 7175
f 6518 6806 7177
f 6517 7178 7093
f 6517 7179 7178
f 6329 6905 7180
f 6515 7181 6803
f 6515 7182 7181
f 6516 6804 7183
f 6339 7184 6915
f 6339 7185 7184
f 6515 6803 7186
f 6514 7187 7090
f 6514 7188 7187
f 6277 6565 7189
f 6512 7190 6800
f 6512 7191 7190
f 6513 6801 7192
f 6280 7193 6568
f 6280 7194 7193
f 6512 6800 7195
f 6511 7196 7087
f 6511 7197 7196
f 6340 6916 7198
f 6509 7199 6797
f 6509 7200 7199
f 6510 6798 7201
f 6334 7202 6910
f 6334 7203 7202
f 6509 6797 7204
f 6508 7205 7084
f 6508 7206 7205
f 6332 6908 7207
f 6506 7208 6794
f 6506 7209 7208
f 6507 6795 7210
f 6282 7211 6570
f 6282 7212 7211
f 6506 6794 7213
f 6505 7214 7081
f 6505 7215 7214
f 6276 6564 7216
f 6503 7217 6791
f 6503 7218 7217
f 6504 6792 7219
f 6336 7220 6912
f 6336 7221 7220
f 6503 6791 7222
f 6502 7223 7078
f 6502 7224 7223
f 6287 6575 7225
f 6500 7226 6788
f 6500 7227 7226
f 6501 6789 7228
f 6354 7229 6930
f 6354 7230 7229
f 6500 6788 7231
f 6499 7232 7075
f 6499 7233 7232
f 6288 6576 7234
f 6497 7235 6785
f 6497 7236 7235
f 6498 6786 7237
f 6287 7238 6575
f 6287 7239 7238
f 6497 6785 7240
f 6496 7241 7072
f 6496 7242 7241
f 6258 6546 7243
f 6494 7244 6782
f 6494 7245 7244
f 6495 6783 7246
f 6361 7247 6937
f 6361 7248 7247
f 6494 6782 7249
f 6493 7250 7069
f 6493 7251 7250
f 6290 6578 7252
f 6491 7253 6779
f 6491 7254 7253
f 6492 6780 7255
f 6264 7256 6552
f 6264 7257 7256
f 6491 6779 7258
f 6490 7259 7066
f 6490 7260 7259
f 6291 6579 7261
f 6488 7262 6776
f 6488 7263 7262
f 6489 6777 7264
f 6290 7265 6578
f 6290 7266 7265
f 6488 6776 7267
f 6487 7268 7063
f 6487 7269 7268
f 6350 6926 7270
f 6485 7271 6773
f 6485 7272 7271
f 6486 6774 7273
f 6364 7274 6940
f 6364 7275 7274
f 6485 6773 7276
f 6484 7277 7060
f 6484 7278 7277
f 6293 6581 7279
f 6482 7280 6770
f 6482 7281 7280
f 6483 6771 7282
f 6352 7283 6928
f 6352 7284 7283
f 6482 6770 7285
f 6481 7286 7057
f 6481 7287 7286
f 6294 6582 7288
f 6479 7289 6767
f 6479 7290 7289
f 6480 6768 7291
f 6293 7292 6581
f 6293 7293 7292
f 6479 6767 7294
f 6478 7295 7054
f 6478 7296 7295
f 6358 6934 7297
f 6476 7298 6764
f 6476 7299 7298
f 6477 6765 7300
f 6367 7301 6943
f 6367 7302 7301
f 6476 6764 7303
f 6475 7304 7051
f 6475 7305 7304
f 6296 6584 7306
f 6473 7307 6761
f 6473 7308 7307
f 6474 6762 7309
f 6262 7310 6550
f 6262 7311 7310
f 6473 6761 7312
f 6472 7313 7048
f 6472 7314 7313
f 6297 6585 7315
f 6470 7316 6758
f 6470 7317 7316
f 6471 6759 7318
f 6296 7319 6584
f 6296 7320 7319
f 6470 6758 7321
f 6469 7322 7045
f 6469 7323 7322
f 6259 6547 7324
f 6467 7325 6755
f 6467 7326 7325
f 6468 6756 7327
f 6370 7328 6946
f 6370 7329 7328
f 6467 6755 7330
f 6466 7331 7042
f 6466 7332 7331
f 6299 6587 7333
f 6464 7334 6752
f 6464 7335 7334
f 6465 6753 7336
f 6357 7337 6933
f 6357 7338 7337
f 6464 6752 7339
f 6463 7340 7039
f 6463 7341 7340
f 6300 6588 7342
f 6461 7343 6749
f 6461 7344 7343
f 6462 6750 7345
f 6299 7346 6587
f 6299 7347 7346
f 6461 6749 7348
f 6460 7349 7036
f 6460 7350 7349
f 6347 6923 7351
f 6458 7352 6746
f 6458 7353 7352
f 6459 6747 7354
f 6373 7355 6949
f 6373 7356 7355
f 6458 6746 7357
f 6457 7358 7033
f 6457 7359 7358
f 6302 6590 7360
f 6455 7361 6743
f 6455 7362 7361
f 6456 6744 7363
f 6267 7364 6555
f 6267 7365 7364
f 6455 6743 7366
f 6454 7367 7030
f 6454 7368 7367
f 6303 6591 7369
f 6452 7370 6740
f 6452 7371 7370
f 6453 6741 7372
f 6302 7373 6590
f 6302 7374 7373
f 6452 6740 7375
f 6451 7376 7027
f 6451 7377 7376
f 6343 6919 7378
f 6449 7379 6737
f 6449 7380 7379
f 6450 6738 7381
f 6376 7382 6952
f 6376 7383 7382
f 6449 6737 7384
f 6448 7385 7024
f 6448 7386 7385
f 6305 6593 7387
f 6446 7388 6734
f 6446 7389 7388
f 6447 6735 7390
f 6256 7391 6544
f 6256 7392 7391
f 6446 6734 7393
f 6445 7394 7021
f 6445 7395 7394
f 6306 6594 7396
f 6443 7397 6731
f 6443 7398 7397
f 6444 6732 7399
f 6305 7400 6593
f 6305 7401 7400
f 6443 6731 7402
f 6442 7403 7018
f 6442 7404 7403
f 6345 6921 7405
f 6440 7406 6728
f 6440 7407 7406
f 6441 6729 7408
f 6379 7409 6955
f 6379 7410 7409
f 6440 6728 7411
f 6439 7412 7015
f 6439 7413 7412
f 6308 6596 7414
f 6437 7415 6725
f 6437 7416 7415
f 6438 6726 7417
f 6346 7418 6922
f 6346 7419 7418
f 6437 6725 7420
f 6436 7421 7012
f 6436 7422 7421
f 6309 6597 7423
f 6434 7424 6722
f 6434 7425 7424
f 6435 6723 7426
f 6308 7427 6596
f 6308 7428 7427
f 6434 6722 7429
f 6433 7430 7009
f 6433 7431 7430
f 6257 6545 7432
f 6431 7433 6719
f 6431 7434 7433
f 6432 6720 7435
f 6382 7436 6958
f 6382 7437 7436
f 6431 6719 7438
f 6430 7439 7006
f 6430 7440 7439
f 6311 6599 7441
f 6428 7442 6716
f 6428 7443 7442
f 6429 6717 7444
f 6254 7445 6542
f 6254 7446 7445
f 6428 6716 7447
f 6427 7448 7003
f 6427 7449 7448
f 6312 6600 7450
f 6425 7451 6713
f 6425 7452 7451
f 6426 6714 7453
f 6311 7454 6599
f 6311 7455 7454
f 6425 6713 7456
f 6424 7457 7000
f 6424 7458 7457
f 6341 6917 7459
f 6422 7460 6710
f 6422 7461 7460
f 6423 6711 7462
f 6385 7463 6961
f 6385 7464 7463
f 6422 6710 7465
f 6421 7466 6997
f 6421 7467 7466
f 6314 6602 7468
f 6419 7469 6707
f 6419 7470 7469
f 6420 6708 7471
f 6344 7472 6920
f 6344 7473 7472
f 6419 6707 7474
f 6418 7475 6994
f 6418 7476 7475
f 6315 6603 7477
f 6416 7478 6704
f 6416 7479 7478
f 6417 6705 7480
f 6314 7481 6602
f 6314 7482 7481
f 6416 6704 7483
f 6415 7484 6991
f 6415 7485 7484
f 6255 6543 7486
f 6413 7487 6701
f 6413 7488 7487
f 6414 6702 7489
f 6388 7490 6964
f 6388 7491 7490
f 6413 6701 7492
f 6412 7493 6988
f 6412 7494 7493
f 6317 6605 7495
f 6410 7496 6698
f 6410 7497 7496
f 6411 6699 7498
f 6342 7499 6918
f 6342 7500 7499
f 6410 6698 7501
f 6409 7502 6985
f 6409 7503 7502
f 6318 6606 7504
f 6407 7505 6695
f 6407 7506 7505
f 6408 6696 7507
f 6317 7508 6605
f 6317 7509 7508
f 6407 6695 7510
f 6406 7511 6982
f 6406 7512 7511
f 6253 6541 7513
f 6404 7514 6692
f 6404 7515 7514
f 6405 6693 7516
f 6391 7517 6967
f 6391 7518 7517
f 6404 6692 7519
f 6403 7520 6979
f 6403 7521 7520
f 6320 6608 7522
f 6401 7523 6689
f 6401 7524 7523
f 6402 6690 7525
f 6252 7526 6540
f 6252 7527 7526
f 6401 6689 7528
f 6400 7529 6976
f 6400 7530 7529
f 6321 6609 7531
f 6398 7532 6686
f 6398 7533 7532
f 6399 6687 7534
f 6320 7535 6608
f 6320 7536 7535
f 6398 6686 7537
f 6397 7538 6973
f 6397 7539 7538
f 6251 6539 7540
f 6395 7541 6683
f 6395 7542 7541
f 6396 6684 7543
f 6394 7544 6970
f 6394 7545 7544
f 6395 6683 7546
f 6322 7547 6898
f 6322 7548 7547
f 6323 6611 7549
f 6392 7550 6680
f 6392 7551 7550
f 6393 6681 7552
f 6324 7553 6612
f 6324 7554 7553
f 6392 6680 7555
f 6319 7556 6895
f 6319 7557 7556
f 6325 6613 7558
f 6389 7559 6677
f 6389 7560 7559
f 6390 6678 7561
f 6270 7562 6846
f 6270 7563 7562
f 6389 6677 7564
f 6316 7565 6892
f 6316 7566 7565
f 6327 6615 7567
f 6386 7568 6674
f 6386 7569 7568
f 6387 6675 7570
f 6272 7571 6848
f 6272 7572 7571
f 6386 6674 7573
f 6313 7574 6889
f 6313 7575 7574
f 6269 6845 7576
f 6383 7577 6671
f 6383 7578 7577
f 6384 6672 7579
f 6326 7580 6614
f 6326 7581 7580
f 6383 6671 7582
f 6310 7583 6886
f 6310 7584 7583
f 6329 6617 7585
f 6380 7586 6668
f 6380 7587 7586
f 6381 6669 7588
f 6274 7589 6850
f 6274 7590 7589
f 6380 6668 7591
f 6307 7592 6883
f 6307 7593 7592
f 6273 6849 7594
f 6377 7595 6665
f 6377 7596 7595
f 6378 6666 7597
f 6328 7598 6616
f 6328 7599 7598
f 6377 6665 7600
f 6304 7601 6880
f 6304 7602 7601
f 6271 6847 7603
f 6374 7604 6662
f 6374 7605 7604
f 6375 6663 7606
f 6339 7607 6627
f 6339 7608 7607
f 6374 6662 7609
f 6301 7610 6877
f 6301 7611 7610
f 6275 6851 7612
f 6371 7613 6659
f 6371 7614 7613
f 6372 6660 7615
f 6285 7616 6861
f 6285 7617 7616
f 6371 6659 7618
f 6298 7619 6874
f 6298 7620 7619
f 6331 6619 7621
f 6368 7622 6656
f 6368 7623 7622
f 6369 6657 7624
f 6334 7625 6622
f 6334 7626 7625
f 6368 6656 7627
f 6295 7628 6871
f 6295 7629 7628
f 6286 6862 7630
f 6365 7631 6653
f 6365 7632 7631
f 6366 6654 7633
f 6280 7634 6856
f 6280 7635 7634
f 6365 6653 7636
f 6292 7637 6868
f 6292 7638 7637
f 6278 6854 7639
f 6362 7640 6650
f 6362 7641 7640
f 6363 6651 7642
f 6336 7643 6624
f 6336 7644 7643
f 6362 6650 7645
f 6289 7646 6865
f 6289 7647 7646
f 6330 6618 7648
f 6359 7649 6647
f 6359 7650 7649
f 6360 6648 7651
f 6282 7652 6858
f 6282 7653 7652
f 6359 6647 7654
f 6264 7655 6840
f 6264 7656 7655
f 6348 6636 7657
f 6354 7658 6642
f 6354 7659 7658
f 6260 6836 7660
f 6262 7661 6838
f 6262 7662 7661
f 6268 6844 7663
f 6352 7664 6640
f 6352 7665 7664
f 6349 6637 7666
f 6267 7667 6843
f 6267 7668 7667
f 6257 6833 7669
f 6357 7670 6645
f 6357 7671 7670
f 6253 6829 7672
f 6346 7673 6634
f 6346 7674 7673
f 6255 6831 7675
f 6256 7676 6832
f 6256 7677 7676
f 6347 6635 7678
f 6344 7679 6632
f 6344 7680 7679
f 6251 6827 7681
f 6254 7682 6830
f 6254 7683 7682
f 6345 6633 7684
f 6252 7685 6828
f 6252 7686 7685
f 6343 6631 7687
f 6342 7688 6630
f 6342 7689 7688
f 6341 6629 7690
f 7690 6825 6537
f 7690 6629 6825
f 6629 6197 6825
f 7688 7690 6537
f 7688 7689 7690
f 7689 6341 7690
f 6630 7113 6198
f 6630 7688 7113
f 7688 6537 7113
f 7687 6822 6534
f 7687 6631 6822
f 6631 6199 6822
f 7685 7687 6534
f 7685 7686 7687
f 7686 6343 7687
f 6828 7110 6180
f 6828 7685 7110
f 7685 6534 7110
f 7684 6819 6531
f 7684 6633 6819
f 6633 6201 6819
f 7682 7684 6531
f 7682 7683 7684
f 7683 6345 7684
f 6830 7107 6182
f 6830 7682 7107
f 7682 6531 7107
f 7681 6816 6528
f 7681 6827 6816
f 6827 6179 6816
f 7679 7681 6528
f 7679 7680 7681
f 7680 6251 7681
f 6632 7104 6200
f 6632 7679 7104
f 7679 6528 7104
f 7678 6813 6525
f 7678 6635 6813
f 6635 6203 6813
f 7676 7678 6525
f 7676 7677 7678
f 7677 6347 7678
f 6832 7101 6184
f 6832 7676 7101
f 7676 6525 7101
f 7675 6810 6522
f 7675 6831 6810
f 6831 6183 6810
f 7673 7675 6522
f 7673 7674 7675
f 7674 6255 7675
f 6634 7098 6202
f 6634 7673 7098
f 7673 6522 7098
f 7672 6807 6519
f 7672 6829 6807
f 6829 6181 6807
f 7670 7672 6519
f 7670 7671 7672
f 7671 6253 7672
f 6645 7095 6213
f 6645 7670 7095
f 7670 6519 7095
f 7669 6804 6516
f 7669 6833 6804
f 6833 6185 6804
f 7667 7669 6516
f 7667 7668 7669
f 7668 6257 7669
f 6843 7092 6195
f 6843 7667 7092
f 7667 6516 7092
f 7666 6801 6513
f 7666 6637 6801
f 6637 6205 6801
f 7664 7666 6513
f 7664 7665 7666
f 7665 6349 7666
f 6640 7089 6208
f 6640 7664 7089
f 7664 6513 7089
f 7663 6798 6510
f 7663 6844 6798
f 6844 6196 6798
f 7661 7663 6510
f 7661 7662 7663
f 7662 6268 7663
f 6838 7086 6190
f 6838 7661 7086
f 7661 6510 7086
f 7660 6795 6507
f 7660 6836 6795
f 6836 6188 6795
f 7658 7660 6507
f 7658 7659 7660
f 7659 6260 7660
f 6642 7083 6210
f 6642 7658 7083
f 7658 6507 7083
f 7657 6792 6504
f 7657 6636 6792
f 6636 6204 6792
f 7655 7657 6504
f 7655 7656 7657
f 7656 6348 7657
f 6840 7080 6192
f 6840 7655 7080
f 7655 6504 7080
f 7654 6789 6501
f 7654 6647 6789
f 6647 6215 6789
f 7652 7654 6501
f 7652 7653 7654
f 7653 6359 7654
f 6858 7077 6210
f 6858 7652 7077
f 7652 6501 7077
f 7651 6786 6498
f 7651 6648 6786
f 6648 6216 6786
f 7649 7651 6498
f 7649 7650 7651
f 7650 6360 7651
f 6647 7074 6215
f 6647 7649 7074
f 7649 6498 7074
f 7648 6783 6495
f 7648 6618 6783
f 6618 6186 6783
f 7646 7648 6495
f 7646 7647 7648
f 7647 6330 7648
f 6865 7071 6217
f 6865 7646 7071
f 7646 6495 7071
f 7645 6780 6492
f 7645 6650 6780
f 6650 6218 6780
f 7643 7645 6492
f 7643 7644 7645
f 7644 6362 7645
f 6624 7068 6192
f 6624 7643 7068
f 7643 6492 7068
f 7642 6777 6489
f 7642 6651 6777
f 6651 6219 6777
f 7640 7642 6489
f 7640 7641 7642
f 7641 6363 7642
f 6650 7065 6218
f 6650 7640 7065
f 7640 6489 7065
f 7639 6774 6486
f 7639 6854 6774
f 6854 6206 6774
f 7637 7639 6486
f 7637 7638 7639
f 7638 6278 7639
f 6868 7062 6220
f 6868 7637 7062
f 7637 6486 7062
f 7636 6771 6483
f 7636 6653 6771
f 6653 6221 6771
f 7634 7636 6483
f 7634 7635 7636
f 7635 6365 7636
f 6856 7059 6208
f 6856 7634 7059
f 7634 6483 7059
f 7633 6768 6480
f 7633 6654 6768
f 6654 6222 6768
f 7631 7633 6480
f 7631 7632 7633
f 7632 6366 7633
f 6653 7056 6221
f 6653 7631 7056
f 7631 6480 7056
f 7630 6765 6477
f 7630 6862 6765
f 6862 6214 6765
f 7628 7630 6477
f 7628 7629 7630
f 7629 6286 7630
f 6871 7053 6223
f 6871 7628 7053
f 7628 6477 7053
f 7627 6762 6474
f 7627 6656 6762
f 6656 6224 6762
f 7625 7627 6474
f 7625 7626 7627
f 7626 6368 7627
f 6622 7050 6190
f 6622 7625 7050
f 7625 6474 7050
f 7624 6759 6471
f 7624 6657 6759
f 6657 6225 6759
f 7622 7624 6471
f 7622 7623 7624
f 7623 6369 7624
f 6656 7047 6224
f 6656 7622 7047
f 7622 6471 7047
f 7621 6756 6468
f 7621 6619 6756
f 6619 6187 6756
f 7619 7621 6468
f 7619 7620 7621
f 7620 6331 7621
f 6874 7044 6226
f 6874 7619 7044
f 7619 6468 7044
f 7618 6753 6465
f 7618 6659 6753
f 6659 6227 6753
f 7616 7618 6465
f 7616 7617 7618
f 7617 6371 7618
f 6861 7041 6213
f 6861 7616 7041
f 7616 6465 7041
f 7615 6750 6462
f 7615 6660 6750
f 6660 6228 6750
f 7613 7615 6462
f 7613 7614 7615
f 7614 6372 7615
f 6659 7038 6227
f 6659 7613 7038
f 7613 6462 7038
f 7612 6747 6459
f 7612 6851 6747
f 6851 6203 6747
f 7610 7612 6459
f 7610 7611 7612
f 7611 6275 7612
f 6877 7035 6229
f 6877 7610 7035
f 7610 6459 7035
f 7609 6744 6456
f 7609 6662 6744
f 6662 6230 6744
f 7607 7609 6456
f 7607 7608 7609
f 7608 6374 7609
f 6627 7032 6195
f 6627 7607 7032
f 7607 6456 7032
f 7606 6741 6453
f 7606 6663 6741
f 6663 6231 6741
f 7604 7606 6453
f 7604 7605 7606
f 7605 6375 7606
f 6662 7029 6230
f 6662 7604 7029
f 7604 6453 7029
f 7603 6738 6450
f 7603 6847 6738
f 6847 6199 6738
f 7601 7603 6450
f 7601 7602 7603
f 7602 6271 7603
f 6880 7026 6232
f 6880 7601 7026
f 7601 6450 7026
f 7600 6735 6447
f 7600 6665 6735
f 6665 6233 6735
f 7598 7600 6447
f 7598 7599 7600
f 7599 6377 7600
f 6616 7023 6184
f 6616 7598 7023
f 7598 6447 7023
f 7597 6732 6444
f 7597 6666 6732
f 6666 6234 6732
f 7595 7597 6444
f 7595 7596 7597
f 7596 6378 7597
f 6665 7020 6233
f 6665 7595 7020
f 7595 6444 7020
f 7594 6729 6441
f 7594 6849 6729
f 6849 6201 6729
f 7592 7594 6441
f 7592 7593 7594
f 7593 6273 7594
f 6883 7017 6235
f 6883 7592 7017
f 7592 6441 7017
f 7591 6726 6438
f 7591 6668 6726
f 6668 6236 6726
f 7589 7591 6438
f 7589 7590 7591
f 7590 6380 7591
f 6850 7014 6202
f 6850 7589 7014
f 7589 6438 7014
f 7588 6723 6435
f 7588 6669 6723
f 6669 6237 6723
f 7586 7588 6435
f 7586 7587 7588
f 7587 6381 7588
f 6668 7011 6236
f 6668 7586 7011
f 7586 6435 7011
f 7585 6720 6432
f 7585 6617 6720
f 6617 6185 6720
f 7583 7585 6432
f 7583 7584 7585
f 7584 6329 7585
f 6886 7008 6238
f 6886 7583 7008
f 7583 6432 7008
f 7582 6717 6429
f 7582 6671 6717
f 6671 6239 6717
f 7580 7582 6429
f 7580 7581 7582
f 7581 6383 7582
f 6614 7005 6182
f 6614 7580 7005
f 7580 6429 7005
f 7579 6714 6426
f 7579 6672 6714
f 6672 6240 6714
f 7577 7579 6426
f 7577 7578 7579
f 7578 6384 7579
f 6671 7002 6239
f 6671 7577 7002
f 7577 6426 7002
f 7576 6711 6423
f 7576 6845 6711
f 6845 6197 6711
f 7574 7576 6423
f 7574 7575 7576
f 7575 6269 7576
f 6889 6999 6241
f 6889 7574 6999
f 7574 6423 6999
f 7573 6708 6420
f 7573 6674 6708
f 6674 6242 6708
f 7571 7573 6420
f 7571 7572 7573
f 7572 6386 7573
f 6848 6996 6200
f 6848 7571 6996
f 7571 6420 6996
f 7570 6705 6417
f 7570 6675 6705
f 6675 6243 6705
f 7568 7570 6417
f 7568 7569 7570
f 7569 6387 7570
f 6674 6993 6242
f 6674 7568 6993
f 7568 6417 6993
f 7567 6702 6414
f 7567 6615 6702
f 6615 6183 6702
f 7565 7567 6414
f 7565 7566 7567
f 7566 6327 7567
f 6892 6990 6244
f 6892 7565 6990
f 7565 6414 6990
f 7564 6699 6411
f 7564 6677 6699
f 6677 6245 6699
f 7562 7564 6411
f 7562 7563 7564
f 7563 6389 7564
f 6846 6987 6198
f 6846 7562 6987
f 7562 6411 6987
f 7561 6696 6408
f 7561 6678 6696
f 6678 6246 6696
f 7559 7561 6408
f 7559 7560 7561
f 7560 6390 7561
f 6677 6984 6245
f 6677 7559 6984
f 7559 6408 6984
f 7558 6693 6405
f 7558 6613 6693
f 6613 6181 6693
f 7556 7558 6405
f 7556 7557 7558
f 7557 6325 7558
f 6895 6981 6247
f 6895 7556 6981
f 7556 6405 6981
f 7555 6690 6402
f 7555 6680 6690
f 6680 6248 6690
f 7553 7555 6402
f 7553 7554 7555
f 7554 6392 7555
f 6612 6978 6180
f 6612 7553 6978
f 7553 6402 6978
f 7552 6687 6399
f 7552 6681 6687
f 6681 6249 6687
f 7550 7552 6399
f 7550 7551 7552
f 7551 6393 7552
f 6680 6975 6248
f 6680 7550 6975
f 7550 6399 6975
f 7549 6684 6396
f 7549 6611 6684
f 6611 6179 6684
f 7547 7549 6396
f 7547 7548 7549
f 7548 6323 7549
f 6898 6972 6250
f 6898 7547 6972
f 7547 6396 6972
f 7546 6854 6278
f 7546 6683 6854
f 6683 6206 6854
f 7544 7546 6278
f 7544 7545 7546
f 7545 6395 7546
f 6970 6566 6170
f 6970 7544 6566
f 7544 6278 6566
f 7543 6685 6397
f 7543 6684 6685
f 6684 6179 6685
f 7541 7543 6397
f 7541 7542 7543
f 7542 6396 7543
f 6683 6973 6206
f 6683 7541 6973
f 7541 6397 6973
f 7540 6926 6350
f 7540 6539 6926
f 6539 6154 6926
f 7538 7540 6350
f 7538 7539 7540
f 7539 6251 7540
f 6973 6638 6206
f 6973 7538 6638
f 7538 6350 6638
f 7537 6682 6394
f 7537 6686 6682
f 6686 6250 6682
f 7535 7537 6394
f 7535 7536 7537
f 7536 6398 7537
f 6608 6970 6170
f 6608 7535 6970
f 7535 6394 6970
f 7534 6688 6400
f 7534 6687 6688
f 6687 6249 6688
f 7532 7534 6400
f 7532 7533 7534
f 7533 6399 7534
f 6686 6976 6250
f 6686 7532 6976
f 7532 6400 6976
f 7531 6610 6322
f 7531 6609 6610
f 6609 6161 6610
f 7529 7531 6322
f 7529 7530 7531
f 7530 6321 7531
f 6976 6898 6250
f 6976 7529 6898
f 7529 6322 6898
f 7528 6836 6260
f 7528 6689 6836
f 6689 6188 6836
f 7526 7528 6260
f 7526 7527 7528
f 7527 6401 7528
f 6540 6548 6155
f 6540 7526 6548
f 7526 6260 6548
f 7525 6691 6403
f 7525 6690 6691
f 6690 6248 6691
f 7523 7525 6403
f 7523 7524 7525
f 7524 6402 7525
f 6689 6979 6188
f 6689 7523 6979
f 7523 6403 6979
f 7522 6908 6332
f 7522 6608 6908
f 6608 6170 6908
f 7520 7522 6332
f 7520 7521 7522
f 7521 6320 7522
f 6979 6620 6188
f 6979 7520 6620
f 7520 6332 6620
f 7519 6619 6331
f 7519 6692 6619
f 6692 6187 6619
f 7517 7519 6331
f 7517 7518 7519
f 7518 6404 7519
f 6967 6907 6169
f 6967 7517 6907
f 7517 6331 6907
f 7516 6694 6406
f 7516 6693 6694
f 6693 6181 6694
f 7514 7516 6406
f 7514 7515 7516
f 7515 6405 7516
f 6692 6982 6187
f 6692 7514 6982
f 7514 6406 6982
f 7513 6547 6259
f 7513 6541 6547
f 6541 6156 6547
f 7511 7513 6259
f 7511 7512 7513
f 7512 6253 7513
f 6982 6835 6187
f 6982 7511 6835
f 7511 6259 6835
f 7510 6679 6391
f 7510 6695 6679
f 6695 6247 6679
f 7508 7510 6391
f 7508 7509 7510
f 7509 6407 7510
f 6605 6967 6169
f 6605 7508 6967
f 7508 6391 6967
f 7507 6697 6409
f 7507 6696 6697
f 6696 6246 6697
f 7505 7507 6409
f 7505 7506 7507
f 7506 6408 7507
f 6695 6985 6247
f 6695 7505 6985
f 7505 6409 6985
f 7504 6607 6319
f 7504 6606 6607
f 6606 6163 6607
f 7502 7504 6319
f 7502 7503 7504
f 7503 6318 7504
f 6985 6895 6247
f 6985 7502 6895
f 7502 6319 6895
f 7501 6637 6349
f 7501 6698 6637
f 6698 6205 6637
f 7499 7501 6349
f 7499 7500 7501
f 7500 6410 7501
f 6918 6925 6153
f 6918 7499 6925
f 7499 6349 6925
f 7498 6700 6412
f 7498 6699 6700
f 6699 6245 6700
f 7496 7498 6412
f 7496 7497 7498
f 7497 6411 7498
f 6698 6988 6205
f 6698 7496 6988
f 7496 6412 6988
f 7495 6565 6277
f 7495 6605 6565
f 6605 6169 6565
f 7493 7495 6277
f 7493 7494 7495
f 7494 6317 7495
f 6988 6853 6205
f 6988 7493 6853
f 7493 6277 6853
f 7492 6623 6335
f 7492 6701 6623
f 6701 6191 6623
f 7490 7492 6335
f 7490 7491 7492
f 7491 6413 7492
f 6964 6911 6173
f 6964 7490 6911
f 7490 6335 6911
f 7489 6703 6415
f 7489 6702 6703
f 6702 6183 6703
f 7487 7489 6415
f 7487 7488 7489
f 7488 6414 7489
f 6701 6991 6191
f 6701 7487 6991
f 7487 6415 6991
f 7486 6551 6263
f 7486 6543 6551
f 6543 6158 6551
f 7484 7486 6263
f 7484 7485 7486
f 7485 6255 7486
f 6991 6839 6191
f 6991 7484 6839
f 7484 6263 6839
f 7483 6676 6388
f 7483 6704 6676
f 6704 6244 6676
f 7481 7483 6388
f 7481 7482 7483
f 7482 6416 7483
f 6602 6964 6173
f 6602 7481 6964
f 7481 6388 6964
f 7480 6706 6418
f 7480 6705 6706
f 6705 6243 6706
f 7478 7480 6418
f 7478 7479 7480
f 7479 6417 7480
f 6704 6994 6244
f 6704 7478 6994
f 7478 6418 6994
f 7477 6604 6316
f 7477 6603 6604
f 6603 6165 6604
f 7475 7477 6316
f 7475 7476 7477
f 7476 6315 7477
f 6994 6892 6244
f 6994 7475 6892
f 7475 6316 6892
f 7474 6641 6353
f 7474 6707 6641
f 6707 6209 6641
f 7472 7474 6353
f 7472 7473 7474
f 7473 6419 7474
f 6920 6929 6154
f 6920 7472 6929
f 7472 6353 6929
f 7471 6709 6421
f 7471 6708 6709
f 6708 6242 6709
f 7469 7471 6421
f 7469 7470 7471
f 7470 6420 7471
f 6707 6997 6209
f 6707 7469 6997
f 7469 6421 6997
f 7468 6569 6281
f 7468 6602 6569
f 6602 6173 6569
f 7466 7468 6281
f 7466 7467 7468
f 7467 6314 7468
f 6997 6857 6209
f 6997 7466 6857
f 7466 6281 6857
f 7465 6855 6279
f 7465 6710 6855
f 6710 6207 6855
f 7463 7465 6279
f 7463 7464 7465
f 7464 6422 7465
f 6961 6567 6171
f 6961 7463 6567
f 7463 6279 6567
f 7462 6712 6424
f 7462 6711 6712
f 6711 6197 6712
f 7460 7462 6424
f 7460 7461 7462
f 7461 6423 7462
f 6710 7000 6207
f 6710 7460 7000
f 7460 6424 7000
f 7459 6927 6351
f 7459 6917 6927
f 6917 6153 6927
f 7457 7459 6351
f 7457 7458 7459
f 7458 6341 7459
f 7000 6639 6207
f 7000 7457 6639
f 7457 6351 6639
f 7456 6673 6385
f 7456 6713 6673
f 6713 6241 6673
f 7454 7456 6385
f 7454 7455 7456
f 7455 6425 7456
f 6599 6961 6171
f 6599 7454 6961
f 7454 6385 6961
f 7453 6715 6427
f 7453 6714 6715
f 6714 6240 6715
f 7451 7453 6427
f 7451 7452 7453
f 7452 6426 7453
f 6713 7003 6241
f 6713 7451 7003
f 7451 6427 7003
f 7450 6601 6313
f 7450 6600 6601
f 6600 6161 6601
f 7448 7450 6313
f 7448 7449 7450
f 7449 6312 7450
f 7003 6889 6241
f 7003 7448 6889
f 7448 6313 6889
f 7447 6837 6261
f 7447 6716 6837
f 6716 6189 6837
f 7445 7447 6261
f 7445 7446 7447
f 7446 6428 7447
f 6542 6549 6157
f 6542 7445 6549
f 7445 6261 6549
f 7444 6718 6430
f 7444 6717 6718
f 6717 6239 6718
f 7442 7444 6430
f 7442 7443 7444
f 7443 6429 7444
f 6716 7006 6189
f 6716 7442 7006
f 7442 6430 7006
f 7441 6909 6333
f 7441 6599 6909
f 6599 6171 6909
f 7439 7441 6333
f 7439 7440 7441
f 7440 6311 7441
f 7006 6621 6189
f 7006 7439 6621
f 7439 6333 6621
f 7438 6618 6330
f 7438 6719 6618
f 6719 6186 6618
f 7436 7438 6330
f 7436 7437 7438
f 7437 6431 7438
f 6958 6906 6168
f 6958 7436 6906
f 7436 6330 6906
f 7435 6721 6433
f 7435 6720 6721
f 6720 6185 6721
f 7433 7435 6433
f 7433 7434 7435
f 7434 6432 7435
f 6719 7009 6186
f 6719 7433 7009
f 7433 6433 7009
f 7432 6546 6258
f 7432 6545 6546
f 6545 6160 6546
f 7430 7432 6258
f 7430 7431 7432
f 7431 6257 7432
f 7009 6834 6186
f 7009 7430 6834
f 7430 6258 6834
f 7429 6670 6382
f 7429 6722 6670
f 6722 6238 6670
f 7427 7429 6382
f 7427 7428 7429
f 7428 6434 7429
f 6596 6958 6168
f 6596 7427 6958
f 7427 6382 6958
f 7426 6724 6436
f 7426 6723 6724
f 6723 6237 6724
f 7424 7426 6436
f 7424 7425 7426
f 7425 6435 7426
f 6722 7012 6238
f 6722 7424 7012
f 7424 6436 7012
f 7423 6598 6310
f 7423 6597 6598
f 6597 6167 6598
f 7421 7423 6310
f 7421 7422 7423
f 7422 6309 7423
f 7012 6886 6238
f 7012 7421 6886
f 7421 6310 6886
f 7420 6636 6348
f 7420 6725 6636
f 6725 6204 6636
f 7418 7420 6348
f 7418 7419 7420
f 7419 6437 7420
f 6922 6924 6158
f 6922 7418 6924
f 7418 6348 6924
f 7417 6727 6439
f 7417 6726 6727
f 6726 6236 6727
f 7415 7417 6439
f 7415 7416 7417
f 7416 6438 7417
f 6725 7015 6204
f 6725 7415 7015
f 7415 6439 7015
f 7414 6564 6276
f 7414 6596 6564
f 6596 6168 6564
f 7412 7414 6276
f 7412 7413 7414
f 7413 6308 7414
f 7015 6852 6204
f 7015 7412 6852
f 7412 6276 6852
f 7411 6862 6286
f 7411 6728 6862
f 6728 6214 6862
f 7409 7411 6286
f 7409 7410 7411
f 7410 6440 7411
f 6955 6574 6178
f 6955 7409 6574
f 7409 6286 6574
f 7408 6730 6442
f 7408 6729 6730
f 6729 6201 6730
f 7406 7408 6442
f 7406 7407 7408
f 7407 6441 7408
f 6728 7018 6214
f 6728 7406 7018
f 7406 6442 7018
f 7405 6934 6358
f 7405 6921 6934
f 6921 6157 6934
f 7403 7405 6358
f 7403 7404 7405
f 7404 6345 7405
f 7018 6646 6214
f 7018 7403 6646
f 7403 6358 6646
f 7402 6667 6379
f 7402 6731 6667
f 6731 6235 6667
f 7400 7402 6379
f 7400 7401 7402
f 7401 6443 7402
f 6593 6955 6178
f 6593 7400 6955
f 7400 6379 6955
f 7399 6733 6445
f 7399 6732 6733
f 6732 6234 6733
f 7397 7399 6445
f 7397 7398 7399
f 7398 6444 7399
f 6731 7021 6235
f 6731 7397 7021
f 7397 6445 7021
f 7396 6595 6307
f 7396 6594 6595
f 6594 6165 6595
f 7394 7396 6307
f 7394 7395 7396
f 7395 6306 7396
f 7021 6883 6235
f 7021 7394 6883
f 7394 6307 6883
f 7393 6844 6268
f 7393 6734 6844
f 6734 6196 6844
f 7391 7393 6268
f 7391 7392 7393
f 7392 6446 7393
f 6544 6556 6159
f 6544 7391 6556
f 7391 6268 6556
f 7390 6736 6448
f 7390 6735 6736
f 6735 6233 6736
f 7388 7390 6448
f 7388 7389 7390
f 7389 6447 7390
f 6734 7024 6196
f 6734 7388 7024
f 7388 6448 7024
f 7387 6916 6340
f 7387 6593 6916
f 6593 6178 6916
f 7385 7387 6340
f 7385 7386 7387
f 7386 6305 7387
f 7024 6628 6196
f 7024 7385 6628
f 7385 6340 6628
f 7384 6859 6283
f 7384 6737 6859
f 6737 6211 6859
f 7382 7384 6283
f 7382 7383 7384
f 7383 6449 7384
f 6952 6571 6175
f 6952 7382 6571
f 7382 6283 6571
f 7381 6739 6451
f 7381 6738 6739
f 6738 6199 6739
f 7379 7381 6451
f 7379 7380 7381
f 7380 6450 7381
f 6737 7027 6211
f 6737 7379 7027
f 7379 6451 7027
f 7378 6931 6355
f 7378 6919 6931
f 6919 6155 6931
f 7376 7378 6355
f 7376 7377 7378
f 7377 6343 7378
f 7027 6643 6211
f 7027 7376 6643
f 7376 6355 6643
f 7375 6664 6376
f 7375 6740 6664
f 6740 6232 6664
f 7373 7375 6376
f 7373 7374 7375
f 7374 6452 7375
f 6590 6952 6175
f 6590 7373 6952
f 7373 6376 6952
f 7372 6742 6454
f 7372 6741 6742
f 6741 6231 6742
f 7370 7372 6454
f 7370 7371 7372
f 7371 6453 7372
f 6740 7030 6232
f 6740 7370 7030
f 7370 6454 7030
f 7369 6592 6304
f 7369 6591 6592
f 6591 6163 6592
f 7367 7369 6304
f 7367 7368 7369
f 7368 6303 7369
f 7030 6880 6232
f 7030 7367 6880
f 7367 6304 6880
f 7366 6841 6265
f 7366 6743 6841
f 6743 6193 6841
f 7364 7366 6265
f 7364 7365 7366
f 7365 6455 7366
f 6555 6553 6160
f 6555 7364 6553
f 7364 6265 6553
f 7363 6745 6457
f 7363 6744 6745
f 6744 6230 6745
f 7361 7363 6457
f 7361 7362 7363
f 7362 6456 7363
f 6743 7033 6193
f 6743 7361 7033
f 7361 6457 7033
f 7360 6913 6337
f 7360 6590 6913
f 6590 6175 6913
f 7358 7360 6337
f 7358 7359 7360
f 7359 6302 7360
f 7033 6625 6193
f 7033 7358 6625
f 7358 6337 6625
f 7357 6626 6338
f 7357 6746 6626
f 6746 6194 6626
f 7355 7357 6338
f 7355 7356 7357
f 7356 6458 7357
f 6949 6914 6176
f 6949 7355 6914
f 7355 6338 6914
f 7354 6748 6460
f 7354 6747 6748
f 6747 6203 6748
f 7352 7354 6460
f 7352 7353 7354
f 7353 6459 7354
f 6746 7036 6194
f 6746 7352 7036
f 7352 6460 7036
f 7351 6554 6266
f 7351 6923 6554
f 6923 6159 6554
f 7349 7351 6266
f 7349 7350 7351
f 7350 6347 7351
f 7036 6842 6194
f 7036 7349 6842
f 7349 6266 6842
f 7348 6661 6373
f 7348 6749 6661
f 6749 6229 6661
f 7346 7348 6373
f 7346 7347 7348
f 7347 6461 7348
f 6587 6949 6176
f 6587 7346 6949
f 7346 6373 6949
f 7345 6751 6463
f 7345 6750 6751
f 6750 6228 6751
f 7343 7345 6463
f 7343 7344 7345
f 7344 6462 7345
f 6749 7039 6229
f 6749 7343 7039
f 7343 6463 7039
f 7342 6589 6301
f 7342 6588 6589
f 6588 6167 6589
f 7340 7342 6301
f 7340 7341 7342
f 7341 6300 7342
f 7039 6877 6229
f 7039 7340 6877
f 7340 6301 6877
f 7339 6644 6356
f 7339 6752 6644
f 6752 6212 6644
f 7337 7339 6356
f 7337 7338 7339
f 7338 6464 7339
f 6933 6932 6156
f 6933 7337 6932
f 7337 6356 6932
f 7336 6754 6466
f 7336 6753 6754
f 6753 6227 6754
f 7334 7336 6466
f 7334 7335 7336
f 7335 6465 7336
f 6752 7042 6212
f 6752 7334 7042
f 7334 6466 7042
f 7333 6572 6284
f 7333 6587 6572
f 6587 6176 6572
f 7331 7333 6284
f 7331 7332 7333
f 7332 6299 7333
f 7042 6860 6212
f 7042 7331 6860
f 7331 6284 6860
f 7330 6860 6284
f 7330 6755 6860
f 6755 6212 6860
f 7328 7330 6284
f 7328 7329 7330
f 7329 6467 7330
f 6946 6572 6176
f 6946 7328 6572
f 7328 6284 6572
f 7327 6757 6469
f 7327 6756 6757
f 6756 6187 6757
f 7325 7327 6469
f 7325 7326 7327
f 7326 6468 7327
f 6755 7045 6212
f 6755 7325 7045
f 7325 6469 7045
f 7324 6932 6356
f 7324 6547 6932
f 6547 6156 6932
f 7322 7324 6356
f 7322 7323 7324
f 7323 6259 7324
f 7045 6644 6212
f 7045 7322 6644
f 7322 6356 6644
f 7321 6658 6370
f 7321 6758 6658
f 6758 6226 6658
f 7319 7321 6370
f 7319 7320 7321
f 7320 6470 7321
f 6584 6946 6176
f 6584 7319 6946
f 7319 6370 6946
f 7318 6760 6472
f 7318 6759 6760
f 6759 6225 6760
f 7316 7318 6472
f 7316 7317 7318
f 7317 6471 7318
f 6758 7048 6226
f 6758 7316 7048
f 7316 6472 7048
f 7315 6586 6298
f 7315 6585 6586
f 6585 6169 6586
f 7313 7315 6298
f 7313 7314 7315
f 7314 6297 7315
f 7048 6874 6226
f 7048 7313 6874
f 7313 6298 6874
f 7312 6842 6266
f 7312 6761 6842
f 6761 6194 6842
f 7310 7312 6266
f 7310 7311 7312
f 7311 6473 7312
f 6550 6554 6159
f 6550 7310 6554
f 7310 6266 6554
f 7309 6763 6475
f 7309 6762 6763
f 6762 6224 6763
f 7307 7309 6475
f 7307 7308 7309
f 7308 6474 7309
f 6761 7051 6194
f 6761 7307 7051
f 7307 6475 7051
f 7306 6914 6338
f 7306 6584 6914
f 6584 6176 6914
f 7304 7306 6338
f 7304 7305 7306
f 7305 6296 7306
f 7051 6626 6194
f 7051 7304 6626
f 7304 6338 6626
f 7303 6621 6333
f 7303 6764 6621
f 6764 6189 6621
f 7301 7303 6333
f 7301 7302 7303
f 7302 6476 7303
f 6943 6909 6171
f 6943 7301 6909
f 7301 6333 6909
f 7300 6766 6478
f 7300 6765 6766
f 6765 6214 6766
f 7298 7300 6478
f 7298 7299 7300
f 7299 6477 7300
f 6764 7054 6189
f 6764 7298 7054
f 7298 6478 7054
f 7297 6549 6261
f 7297 6934 6549
f 6934 6157 6549
f 7295 7297 6261
f 7295 7296 7297
f 7296 6358 7297
f 7054 6837 6189
f 7054 7295 6837
f 7295 6261 6837
f 7294 6655 6367
f 7294 6767 6655
f 6767 6223 6655
f 7292 7294 6367
f 7292 7293 7294
f 7293 6479 7294
f 6581 6943 6171
f 6581 7292 6943
f 7292 6367 6943
f 7291 6769 6481
f 7291 6768 6769
f 6768 6222 6769
f 7289 7291 6481
f 7289 7290 7291
f 7290 6480 7291
f 6767 7057 6223
f 6767 7289 7057
f 7289 6481 7057
f 7288 6583 6295
f 7288 6582 6583
f 6582 6178 6583
f 7286 7288 6295
f 7286 7287 7288
f 7287 6294 7288
f 7057 6871 6223
f 7057 7286 6871
f 7286 6295 6871
f 7285 6639 6351
f 7285 6770 6639
f 6770 6207 6639
f 7283 7285 6351
f 7283 7284 7285
f 7284 6482 7285
f 6928 6927 6153
f 6928 7283 6927
f 7283 6351 6927
f 7282 6772 6484
f 7282 6771 6772
f 6771 6221 6772
f 7280 7282 6484
f 7280 7281 7282
f 7281 6483 7282
f 6770 7060 6207
f 6770 7280 7060
f 7280 6484 7060
f 7279 6567 6279
f 7279 6581 6567
f 6581 6171 6567
f 7277 7279 6279
f 7277 7278 7279
f 7278 6293 7279
f 7060 6855 6207
f 7060 7277 6855
f 7277 6279 6855
f 7276 6857 6281
f 7276 6773 6857
f 6773 6209 6857
f 7274 7276 6281
f 7274 7275 7276
f 7275 6485 7276
f 6940 6569 6173
f 6940 7274 6569
f 7274 6281 6569
f 7273 6775 6487
f 7273 6774 6775
f 6774 6206 6775
f 7271 7273 6487
f 7271 7272 7273
f 7272 6486 7273
f 6773 7063 6209
f 6773 7271 7063
f 7271 6487 7063
f 7270 6929 6353
f 7270 6926 6929
f 6926 6154 6929
f 7268 7270 6353
f 7268 7269 7270
f 7269 6350 7270
f 7063 6641 6209
f 7063 7268 6641
f 7268 6353 6641
f 7267 6652 6364
f 7267 6776 6652
f 6776 6220 6652
f 7265 7267 6364
f 7265 7266 7267
f 7266 6488 7267
f 6578 6940 6173
f 6578 7265 6940
f 7265 6364 6940
f 7264 6778 6490
f 7264 6777 6778
f 6777 6219 6778
f 7262 7264 6490
f 7262 7263 7264
f 7263 6489 7264
f 6776 7066 6220
f 6776 7262 7066
f 7262 6490 7066
f 7261 6580 6292
f 7261 6579 6580
f 6579 6170 6580
f 7259 7261 6292
f 7259 7260 7261
f 7260 6291 7261
f 7066 6868 6220
f 7066 7259 6868
f 7259 6292 6868
f 7258 6839 6263
f 7258 6779 6839
f 6779 6191 6839
f 7256 7258 6263
f 7256 7257 7258
f 7257 6491 7258
f 6552 6551 6158
f 6552 7256 6551
f 7256 6263 6551
f 7255 6781 6493
f 7255 6780 6781
f 6780 6218 6781
f 7253 7255 6493
f 7253 7254 7255
f 7254 6492 7255
f 6779 7069 6191
f 6779 7253 7069
f 7253 6493 7069
f 7252 6911 6335
f 7252 6578 6911
f 6578 6173 6911
f 7250 7252 6335
f 7250 7251 7252
f 7251 6290 7252
f 7069 6623 6191
f 7069 7250 6623
f 7250 6335 6623
f 7249 6625 6337
f 7249 6782 6625
f 6782 6193 6625
f 7247 7249 6337
f 7247 7248 7249
f 7248 6494 7249
f 6937 6913 6175
f 6937 7247 6913
f 7247 6337 6913
f 7246 6784 6496
f 7246 6783 6784
f 6783 6186 6784
f 7244 7246 6496
f 7244 7245 7246
f 7245 6495 7246
f 6782 7072 6193
f 6782 7244 7072
f 7244 6496 7072
f 7243 6553 6265
f 7243 6546 6553
f 6546 6160 6553
f 7241 7243 6265
f 7241 7242 7243
f 7242 6258 7243
f 7072 6841 6193
f 7072 7241 6841
f 7241 6265 6841
f 7240 6649 6361
f 7240 6785 6649
f 6785 6217 6649
f 7238 7240 6361
f 7238 7239 7240
f 7239 6497 7240
f 6575 6937 6175
f 6575 7238 6937
f 7238 6361 6937
f 7237 6787 6499
f 7237 6786 6787
f 6786 6216 6787
f 7235 7237 6499
f 7235 7236 7237
f 7236 6498 7237
f 6785 7075 6217
f 6785 7235 7075
f 7235 6499 7075
f 7234 6577 6289
f 7234 6576 6577
f 6576 6168 6577
f 7232 7234 6289
f 7232 7233 7234
f 7233 6288 7234
f 7075 6865 6217
f 7075 7232 6865
f 7232 6289 6865
f 7231 6643 6355
f 7231 6788 6643
f 6788 6211 6643
f 7229 7231 6355
f 7229 7230 7231
f 7230 6500 7231
f 6930 6931 6155
f 6930 7229 6931
f 7229 6355 6931
f 7228 6790 6502
f 7228 6789 6790
f 6789 6215 6790
f 7226 7228 6502
f 7226 7227 7228
f 7227 6501 7228
f 6788 7078 6211
f 6788 7226 7078
f 7226 6502 7078
f 7225 6571 6283
f 7225 6575 6571
f 6575 6175 6571
f 7223 7225 6283
f 7223 7224 7225
f 7224 6287 7225
f 7078 6859 6211
f 7078 7223 6859
f 7223 6283 6859
f 7222 6648 6360
f 7222 6791 6648
f 6791 6216 6648
f 7220 7222 6360
f 7220 7221 7222
f 7221 6503 7222
f 6912 6936 6174
f 6912 7220 6936
f 7220 6360 6936
f 7219 6793 6505
f 7219 6792 6793
f 6792 6204 6793
f 7217 7219 6505
f 7217 7218 7219
f 7218 6504 7219
f 6791 7081 6216
f 6791 7217 7081
f 7217 6505 7081
f 7216 6576 6288
f 7216 6564 6576
f 6564 6168 6576
f 7214 7216 6288
f 7214 7215 7216
f 7215 6276 7216
f 7081 6864 6216
f 7081 7214 6864
f 7214 6288 6864
f 7213 6651 6363
f 7213 6794 6651
f 6794 6219 6651
f 7211 7213 6363
f 7211 7212 7213
f 7212 6506 7213
f 6570 6939 6174
f 6570 7211 6939
f 7211 6363 6939
f 7210 6796 6508
f 7210 6795 6796
f 6795 6188 6796
f 7208 7210 6508
f 7208 7209 7210
f 7209 6507 7210
f 6794 7084 6219
f 6794 7208 7084
f 7208 6508 7084
f 7207 6579 6291
f 7207 6908 6579
f 6908 6170 6579
f 7205 7207 6291
f 7205 7206 7207
f 7206 6332 7207
f 7084 6867 6219
f 7084 7205 6867
f 7205 6291 6867
f 7204 6654 6366
f 7204 6797 6654
f 6797 6222 6654
f 7202 7204 6366
f 7202 7203 7204
f 7203 6509 7204
f 6910 6942 6172
f 6910 7202 6942
f 7202 6366 6942
f 7201 6799 6511
f 7201 6798 6799
f 6798 6196 6799
f 7199 7201 6511
f 7199 7200 7201
f 7200 6510 7201
f 6797 7087 6222
f 6797 7199 7087
f 7199 6511 7087
f 7198 6582 6294
f 7198 6916 6582
f 6916 6178 6582
f 7196 7198 6294
f 7196 7197 7198
f 7197 6340 7198
f 7087 6870 6222
f 7087 7196 6870
f 7196 6294 6870
f 7195 6657 6369
f 7195 6800 6657
f 6800 6225 6657
f 7193 7195 6369
f 7193 7194 7195
f 7194 6512 7195
f 6568 6945 6172
f 6568 7193 6945
f 7193 6369 6945
f 7192 6802 6514
f 7192 6801 6802
f 6801 6205 6802
f 7190 7192 6514
f 7190 7191 7192
f 7191 6513 7192
f 6800 7090 6225
f 6800 7190 7090
f 7190 6514 7090
f 7189 6585 6297
f 7189 6565 6585
f 6565 6169 6585
f 7187 7189 6297
f 7187 7188 7189
f 7188 6277 7189
f 7090 6873 6225
f 7090 7187 6873
f 7187 6297 6873
f 7186 6660 6372
f 7186 6803 6660
f 6803 6228 6660
f 7184 7186 6372
f 7184 7185 7186
f 7185 6515 7186
f 6915 6948 6177
f 6915 7184 6948
f 7184 6372 6948
f 7183 6805 6517
f 7183 6804 6805
f 6804 6185 6805
f 7181 7183 6517
f 7181 7182 7183
f 7182 6516 7183
f 6803 7093 6228
f 6803 7181 7093
f 7181 6517 7093
f 7180 6588 6300
f 7180 6905 6588
f 6905 6167 6588
f 7178 7180 6300
f 7178 7179 7180
f 7179 6329 7180
f 7093 6876 6228
f 7093 7178 6876
f 7178 6300 6876
f 7177 6663 6375
f 7177 6806 6663
f 6806 6231 6663
f 7175 7177 6375
f 7175 7176 7177
f 7176 6518 7177
f 6573 6951 6177
f 6573 7175 6951
f 7175 6375 6951
f 7174 6808 6520
f 7174 6807 6808
f 6807 6181 6808
f 7172 7174 6520
f 7172 7173 7174
f 7173 6519 7174
f 6806 7096 6231
f 6806 7172 7096
f 7172 6520 7096
f 7171 6591 6303
f 7171 6901 6591
f 6901 6163 6591
f 7169 7171 6303
f 7169 7170 7171
f 7170 6325 7171
f 7096 6879 6231
f 7096 7169 6879
f 7169 6303 6879
f 7168 6666 6378
f 7168 6809 6666
f 6809 6234 6666
f 7166 7168 6378
f 7166 7167 7168
f 7167 6521 7168
f 6562 6954 6166
f 6562 7166 6954
f 7166 6378 6954
f 7165 6811 6523
f 7165 6810 6811
f 6810 6183 6811
f 7163 7165 6523
f 7163 7164 7165
f 7164 6522 7165
f 6809 7099 6234
f 6809 7163 7099
f 7163 6523 7099
f 7162 6594 6306
f 7162 6903 6594
f 6903 6165 6594
f 7160 7162 6306
f 7160 7161 7162
f 7161 6327 7162
f 7099 6882 6234
f 7099 7160 6882
f 7160 6306 6882
f 7159 6669 6381
f 7159 6812 6669
f 6812 6237 6669
f 7157 7159 6381
f 7157 7158 7159
f 7158 6524 7159
f 6904 6957 6166
f 6904 7157 6957
f 7157 6381 6957
f 7156 6814 6526
f 7156 6813 6814
f 6813 6203 6814
f 7154 7156 6526
f 7154 7155 7156
f 7155 6525 7156
f 6812 7102 6237
f 6812 7154 7102
f 7154 6526 7102
f 7153 6597 6309
f 7153 6563 6597
f 6563 6167 6597
f 7151 7153 6309
f 7151 7152 7153
f 7152 6275 7153
f 7102 6885 6237
f 7102 7151 6885
f 7151 6309 6885
f 7150 6672 6384
f 7150 6815 6672
f 6815 6240 6672
f 7148 7150 6384
f 7148 7149 7150
f 7149 6527 7150
f 6560 6960 6164
f 6560 7148 6960
f 7148 6384 6960
f 7147 6817 6529
f 7147 6816 6817
f 6816 6179 6817
f 7145 7147 6529
f 7145 7146 7147
f 7146 6528 7147
f 6815 7105 6240
f 6815 7145 7105
f 7145 6529 7105
f 7144 6600 6312
f 7144 6899 6600
f 6899 6161 6600
f 7142 7144 6312
f 7142 7143 7144
f 7143 6323 7144
f 7105 6888 6240
f 7105 7142 6888
f 7142 6312 6888
f 7141 6675 6387
f 7141 6818 6675
f 6818 6243 6675
f 7139 7141 6387
f 7139 7140 7141
f 7140 6530 7141
f 6902 6963 6164
f 6902 7139 6963
f 7139 6387 6963
f 7138 6820 6532
f 7138 6819 6820
f 6819 6201 6820
f 7136 7138 6532
f 7136 7137 7138
f 7137 6531 7138
f 6818 7108 6243
f 6818 7136 7108
f 7136 6532 7108
f 7135 6603 6315
f 7135 6561 6603
f 6561 6165 6603
f 7133 7135 6315
f 7133 7134 7135
f 7134 6273 7135
f 7108 6891 6243
f 7108 7133 6891
f 7133 6315 6891
f 7132 6678 6390
f 7132 6821 6678
f 6821 6246 6678
f 7130 7132 6390
f 7130 7131 7132
f 7131 6533 7132
f 6900 6966 6162
f 6900 7130 6966
f 7130 6390 6966
f 7129 6823 6535
f 7129 6822 6823
f 6822 6199 6823
f 7127 7129 6535
f 7127 7128 7129
f 7128 6534 7129
f 6821 7111 6246
f 6821 7127 7111
f 7127 6535 7111
f 7126 6606 6318
f 7126 6559 6606
f 6559 6163 6606
f 7124 7126 6318
f 7124 7125 7126
f 7125 6271 7126
f 7111 6894 6246
f 7111 7124 6894
f 7124 6318 6894
f 7123 6681 6393
f 7123 6824 6681
f 6824 6249 6681
f 7121 7123 6393
f 7121 7122 7123
f 7122 6536 7123
f 6558 6969 6162
f 6558 7121 6969
f 7121 6393 6969
f 7120 6826 6538
f 7120 6825 6826
f 6825 6197 6826
f 7118 7120 6538
f 7118 7119 7120
f 7119 6537 7120
f 6824 7114 6249
f 6824 7118 7114
f 7118 6538 7114
f 7117 6609 6321
f 7117 6557 6609
f 6557 6161 6609
f 7115 7117 6321
f 7115 7116 7117
f 7116 6269 7117
f 7114 6897 6249
f 7114 7115 6897
f 7115 6321 6897
f 6826 7116 6538
f 6826 6845 7116
f 6845 6269 7116
f 7112 7119 6536
f 7112 7113 7119
f 7113 6537 7119
f 6846 7122 6270
f 6846 7112 7122
f 7112 6536 7122
f 6823 7125 6535
f 6823 6847 7125
f 6847 6271 7125
f 7109 7128 6533
f 7109 7110 7128
f 7110 6534 7128
f 6612 7131 6324
f 6612 7109 7131
f 7109 6533 7131
f 6820 7134 6532
f 6820 6849 7134
f 6849 6273 7134
f 7106 7137 6530
f 7106 7107 7137
f 7107 6531 7137
f 6614 7140 6326
f 6614 7106 7140
f 7106 6530 7140
f 6817 7143 6529
f 6817 6611 7143
f 6611 6323 7143
f 7103 7146 6527
f 7103 7104 7146
f 7104 6528 7146
f 6848 7149 6272
f 6848 7103 7149
f 7103 6527 7149
f 6814 7152 6526
f 6814 6851 7152
f 6851 6275 7152
f 7100 7155 6524
f 7100 7101 7155
f 7101 6525 7155
f 6616 7158 6328
f 6616 7100 7158
f 7100 6524 7158
f 6811 7161 6523
f 6811 6615 7161
f 6615 6327 7161
f 7097 7164 6521
f 7097 7098 7164
f 7098 6522 7164
f 6850 7167 6274
f 6850 7097 7167
f 7097 6521 7167
f 6808 7170 6520
f 6808 6613 7170
f 6613 6325 7170
f 7094 7173 6518
f 7094 7095 7173
f 7095 6519 7173
f 6861 7176 6285
f 6861 7094 7176
f 7094 6518 7176
f 6805 7179 6517
f 6805 6617 7179
f 6617 6329 7179
f 7091 7182 6515
f 7091 7092 7182
f 7092 6516 7182
f 6627 7185 6339
f 6627 7091 7185
f 7091 6515 7185
f 6802 7188 6514
f 6802 6853 7188
f 6853 6277 7188
f 7088 7191 6512
f 7088 7089 7191
f 7089 6513 7191
f 6856 7194 6280
f 6856 7088 7194
f 7088 6512 7194
f 6799 7197 6511
f 6799 6628 7197
f 6628 6340 7197
f 7085 7200 6509
f 7085 7086 7200
f 7086 6510 7200
f 6622 7203 6334
f 6622 7085 7203
f 7085 6509 7203
f 6796 7206 6508
f 6796 6620 7206
f 6620 6332 7206
f 7082 7209 6506
f 7082 7083 7209
f 7083 6507 7209
f 6858 7212 6282
f 6858 7082 7212
f 7082 6506 7212
f 6793 7215 6505
f 6793 6852 7215
f 6852 6276 7215
f 7079 7218 6503
f 7079 7080 7218
f 7080 6504 7218
f 6624 7221 6336
f 6624 7079 7221
f 7079 6503 7221
f 6790 7224 6502
f 6790 6863 7224
f 6863 6287 7224
f 7076 7227 6500
f 7076 7077 7227
f 7077 6501 7227
f 6642 7230 6354
f 6642 7076 7230
f 7076 6500 7230
f 6787 7233 6499
f 6787 6864 7233
f 6864 6288 7233
f 7073 7236 6497
f 7073 7074 7236
f 7074 6498 7236
f 6863 7239 6287
f 6863 7073 7239
f 7073 6497 7239
f 6784 7242 6496
f 6784 6834 7242
f 6834 6258 7242
f 7070 7245 6494
f 7070 7071 7245
f 7071 6495 7245
f 6649 7248 6361
f 6649 7070 7248
f 7070 6494 7248
f 6781 7251 6493
f 6781 6866 7251
f 6866 6290 7251
f 7067 7254 6491
f 7067 7068 7254
f 7068 6492 7254
f 6840 7257 6264
f 6840 7067 7257
f 7067 6491 7257
f 6778 7260 6490
f 6778 6867 7260
f 6867 6291 7260
f 7064 7263 6488
f 7064 7065 7263
f 7065 6489 7263
f 6866 7266 6290
f 6866 7064 7266
f 7064 6488 7266
f 6775 7269 6487
f 6775 6638 7269
f 6638 6350 7269
f 7061 7272 6485
f 7061 7062 7272
f 7062 6486 7272
f 6652 7275 6364
f 6652 7061 7275
f 7061 6485 7275
f 6772 7278 6484
f 6772 6869 7278
f 6869 6293 7278
f 7058 7281 6482
f 7058 7059 7281
f 7059 6483 7281
f 6640 7284 6352
f 6640 7058 7284
f 7058 6482 7284
f 6769 7287 6481
f 6769 6870 7287
f 6870 6294 7287
f 7055 7290 6479
f 7055 7056 7290
f 7056 6480 7290
f 6869 7293 6293
f 6869 7055 7293
f 7055 6479 7293
f 6766 7296 6478
f 6766 6646 7296
f 6646 6358 7296
f 7052 7299 6476
f 7052 7053 7299
f 7053 6477 7299
f 6655 7302 6367
f 6655 7052 7302
f 7052 6476 7302
f 6763 7305 6475
f 6763 6872 7305
f 6872 6296 7305
f 7049 7308 6473
f 7049 7050 7308
f 7050 6474 7308
f 6838 7311 6262
f 6838 7049 7311
f 7049 6473 7311
f 6760 7314 6472
f 6760 6873 7314
f 6873 6297 7314
f 7046 7317 6470
f 7046 7047 7317
f 7047 6471 7317
f 6872 7320 6296
f 6872 7046 7320
f 7046 6470 7320
f 6757 7323 6469
f 6757 6835 7323
f 6835 6259 7323
f 7043 7326 6467
f 7043 7044 7326
f 7044 6468 7326
f 6658 7329 6370
f 6658 7043 7329
f 7043 6467 7329
f 6754 7332 6466
f 6754 6875 7332
f 6875 6299 7332
f 7040 7335 6464
f 7040 7041 7335
f 7041 6465 7335
f 6645 7338 6357
f 6645 7040 7338
f 7040 6464 7338
f 6751 7341 6463
f 6751 6876 7341
f 6876 6300 7341
f 7037 7344 6461
f 7037 7038 7344
f 7038 6462 7344
f 6875 7347 6299
f 6875 7037 7347
f 7037 6461 7347
f 6748 7350 6460
f 6748 6635 7350
f 6635 6347 7350
f 7034 7353 6458
f 7034 7035 7353
f 7035 6459 7353
f 6661 7356 6373
f 6661 7034 7356
f 7034 6458 7356
f 6745 7359 6457
f 6745 6878 7359
f 6878 6302 7359
f 7031 7362 6455
f 7031 7032 7362
f 7032 6456 7362
f 6843 7365 6267
f 6843 7031 7365
f 7031 6455 7365
f 6742 7368 6454
f 6742 6879 7368
f 6879 6303 7368
f 7028 7371 6452
f 7028 7029 7371
f 7029 6453 7371
f 6878 7374 6302
f 6878 7028 7374
f 7028 6452 7374
f 6739 7377 6451
f 6739 6631 7377
f 6631 6343 7377
f 7025 7380 6449
f 7025 7026 7380
f 7026 6450 7380
f 6664 7383 6376
f 6664 7025 7383
f 7025 6449 7383
f 6736 7386 6448
f 6736 6881 7386
f 6881 6305 7386
f 7022 7389 6446
f 7022 7023 7389
f 7023 6447 7389
f 6832 7392 6256
f 6832 7022 7392
f 7022 6446 7392
f 6733 7395 6445
f 6733 6882 7395
f 6882 6306 7395
f 7019 7398 6443
f 7019 7020 7398
f 7020 6444 7398
f 6881 7401 6305
f 6881 7019 7401
f 7019 6443 7401
f 6730 7404 6442
f 6730 6633 7404
f 6633 6345 7404
f 7016 7407 6440
f 7016 7017 7407
f 7017 6441 7407
f 6667 7410 6379
f 6667 7016 7410
f 7016 6440 7410
f 6727 7413 6439
f 6727 6884 7413
f 6884 6308 7413
f 7013 7416 6437
f 7013 7014 7416
f 7014 6438 7416
f 6634 7419 6346
f 6634 7013 7419
f 7013 6437 7419
f 6724 7422 6436
f 6724 6885 7422
f 6885 6309 7422
f 7010 7425 6434
f 7010 7011 7425
f 7011 6435 7425
f 6884 7428 6308
f 6884 7010 7428
f 7010 6434 7428
f 6721 7431 6433
f 6721 6833 7431
f 6833 6257 7431
f 7007 7434 6431
f 7007 7008 7434
f 7008 6432 7434
f 6670 7437 6382
f 6670 7007 7437
f 7007 6431 7437
f 6718 7440 6430
f 6718 6887 7440
f 6887 6311 7440
f 7004 7443 6428
f 7004 7005 7443
f 7005 6429 7443
f 6830 7446 6254
f 6830 7004 7446
f 7004 6428 7446
f 6715 7449 6427
f 6715 6888 7449
f 6888 6312 7449
f 7001 7452 6425
f 7001 7002 7452
f 7002 6426 7452
f 6887 7455 6311
f 6887 7001 7455
f 7001 6425 7455
f 6712 7458 6424
f 6712 6629 7458
f 6629 6341 7458
f 6998 7461 6422
f 6998 6999 7461
f 6999 6423 7461
f 6673 7464 6385
f 6673 6998 7464
f 6998 6422 7464
f 6709 7467 6421
f 6709 6890 7467
f 6890 6314 7467
f 6995 7470 6419
f 6995 6996 7470
f 6996 6420 7470
f 6632 7473 6344
f 6632 6995 7473
f 6995 6419 7473
f 6706 7476 6418
f 6706 6891 7476
f 6891 6315 7476
f 6992 7479 6416
f 6992 6993 7479
f 6993 6417 7479
f 6890 7482 6314
f 6890 6992 7482
f 6992 6416 7482
f 6703 7485 6415
f 6703 6831 7485
f 6831 6255 7485
f 6989 7488 6413
f 6989 6990 7488
f 6990 6414 7488
f 6676 7491 6388
f 6676 6989 7491
f 6989 6413 7491
f 6700 7494 6412
f 6700 6893 7494
f 6893 6317 7494
f 6986 7497 6410
f 6986 6987 7497
f 6987 6411 7497
f 6630 7500 6342
f 6630 6986 7500
f 6986 6410 7500
f 6697 7503 6409
f 6697 6894 7503
f 6894 6318 7503
f 6983 7506 6407
f 6983 6984 7506
f 6984 6408 7506
f 6893 7509 6317
f 6893 6983 7509
f 6983 6407 7509
f 6694 7512 6406
f 6694 6829 7512
f 6829 6253 7512
f 6980 7515 6404
f 6980 6981 7515
f 6981 6405 7515
f 6679 7518 6391
f 6679 6980 7518
f 6980 6404 7518
f 6691 7521 6403
f 6691 6896 7521
f 6896 6320 7521
f 6977 7524 6401
f 6977 6978 7524
f 6978 6402 7524
f 6828 7527 6252
f 6828 6977 7527
f 6977 6401 7527
f 6688 7530 6400
f 6688 6897 7530
f 6897 6321 7530
f 6974 7533 6398
f 6974 6975 7533
f 6975 6399 7533
f 6896 7536 6320
f 6896 6974 7536
f 6974 6398 7536
f 6685 7539 6397
f 6685 6827 7539
f 6827 6251 7539
f 6971 7542 6395
f 6971 6972 7542
f 6972 6396 7542
f 6682 7545 6394
f 6682 6971 7545
f 6971 6395 7545
f 6610 7548 6322
f 6610 6899 7548
f 6899 6323 7548
f 6968 7551 6392
f 6968 6969 7551
f 6969 6393 7551
f 6900 7554 6324
f 6900 6968 7554
f 6968 6392 7554
f 6607 7557 6319
f 6607 6901 7557
f 6901 6325 7557
f 6965 7560 6389
f 6965 6966 7560
f 6966 6390 7560
f 6558 7563 6270
f 6558 6965 7563
f 6965 6389 7563
f 6604 7566 6316
f 6604 6903 7566
f 6903 6327 7566
f 6962 7569 6386
f 6962 6963 7569
f 6963 6387 7569
f 6560 7572 6272
f 6560 6962 7572
f 6962 6386 7572
f 6601 7575 6313
f 6601 6557 7575
f 6557 6269 7575
f 6959 7578 6383
f 6959 6960 7578
f 6960 6384 7578
f 6902 7581 6326
f 6902 6959 7581
f 6959 6383 7581
f 6598 7584 6310
f 6598 6905 7584
f 6905 6329 7584
f 6956 7587 6380
f 6956 6957 7587
f 6957 6381 7587
f 6562 7590 6274
f 6562 6956 7590
f 6956 6380 7590
f 6595 7593 6307
f 6595 6561 7593
f 6561 6273 7593
f 6953 7596 6377
f 6953 6954 7596
f 6954 6378 7596
f 6904 7599 6328
f 6904 6953 7599
f 6953 6377 7599
f 6592 7602 6304
f 6592 6559 7602
f 6559 6271 7602
f 6950 7605 6374
f 6950 6951 7605
f 6951 6375 7605
f 6915 7608 6339
f 6915 6950 7608
f 6950 6374 7608
f 6589 7611 6301
f 6589 6563 7611
f 6563 6275 7611
f 6947 7614 6371
f 6947 6948 7614
f 6948 6372 7614
f 6573 7617 6285
f 6573 6947 7617
f 6947 6371 7617
f 6586 7620 6298
f 6586 6907 7620
f 6907 6331 7620
f 6944 7623 6368
f 6944 6945 7623
f 6945 6369 7623
f 6910 7626 6334
f 6910 6944 7626
f 6944 6368 7626
f 6583 7629 6295
f 6583 6574 7629
f 6574 6286 7629
f 6941 7632 6365
f 6941 6942 7632
f 6942 6366 7632
f 6568 7635 6280
f 6568 6941 7635
f 6941 6365 7635
f 6580 7638 6292
f 6580 6566 7638
f 6566 6278 7638
f 6938 7641 6362
f 6938 6939 7641
f 6939 6363 7641
f 6912 7644 6336
f 6912 6938 7644
f 6938 6362 7644
f 6577 7647 6289
f 6577 6906 7647
f 6906 6330 7647
f 6935 7650 6359
f 6935 6936 7650
f 6936 6360 7650
f 6570 7653 6282
f 6570 6935 7653
f 6935 6359 7653
f 6552 7656 6264
f 6552 6924 7656
f 6924 6348 7656
f 6930 7659 6354
f 6930 6548 7659
f 6548 6260 7659
f 6550 7662 6262
f 6550 6556 7662
f 6556 6268 7662
f 6928 7665 6352
f 6928 6925 7665
f 6925 6349 7665
f 6555 7668 6267
f 6555 6545 7668
f 6545 6257 7668
f 6933 7671 6357
f 6933 6541 7671
f 6541 6253 7671
f 6922 7674 6346
f 6922 6543 7674
f 6543 6255 7674
f 6544 7677 6256
f 6544 6923 7677
f 6923 6347 7677
f 6920 7680 6344
f 6920 6539 7680
f 6539 6251 7680
f 6542 7683 6254
f 6542 6921 7683
f 6921 6345 7683
f 6540 7686 6252
f 6540 6919 7686
f 6919 6343 7686
f 6918 7689 6342
f 6918 6917 7689
f 6917 6341 7689
