# Blender 4.1.1
# www.blender.org
o Body.003
v 0.150000 0.050000 -0.050000
v -0.150000 0.050000 -0.050000
v -0.150000 0.050000 0.050000
v 0.150000 0.050000 0.050000
v -0.150000 -0.050000 0.050000
v 0.150000 -0.050000 0.050000
v -0.150000 -0.050000 -0.050000
v 0.150000 -0.050000 -0.050000
v 0.000000 0.050000 -0.050000
v 0.000000 0.050000 0.000000
v 0.000000 0.050000 0.050000
v 0.000000 0.000000 0.050000
v 0.000000 -0.050000 0.050000
v 0.000000 -0.050000 0.000000
v 0.000000 -0.050000 -0.050000
v 0.150000 -0.050000 0.000000
v 0.150000 0.050000 0.000000
v -0.150000 0.050000 0.000000
v -0.150000 0.000000 0.000000
v 0.150000 0.000000 -0.050000
v -0.150000 0.000000 0.050000
v -0.150000 0.000000 -0.050000
v 0.000000 0.000000 -0.050000
v 0.150000 0.000000 0.050000
v 0.150000 0.000000 0.000000
v -0.150000 -0.050000 0.000000
v -0.075000 0.050000 -0.050000
v -0.075000 0.050000 0.025000
v 0.075000 0.050000 0.050000
v -0.075000 -0.025000 0.050000
v 0.075000 -0.050000 0.050000
v -0.075000 -0.050000 -0.025000
v 0.075000 -0.050000 -0.050000
v 0.150000 -0.050000 -0.025000
v 0.150000 0.050000 0.025000
v -0.150000 0.050000 0.025000
v -0.150000 -0.025000 0.025000
v 0.150000 -0.025000 -0.050000
v -0.150000 -0.025000 0.050000
v -0.150000 -0.025000 -0.050000
v 0.075000 -0.025000 -0.050000
v 0.150000 -0.025000 0.050000
v 0.150000 -0.025000 -0.025000
v -0.150000 -0.050000 -0.025000
v 0.075000 0.050000 -0.050000
v 0.075000 0.050000 -0.025000
v -0.075000 0.050000 0.050000
v 0.075000 0.025000 0.050000
v -0.075000 -0.050000 0.050000
v 0.075000 -0.050000 0.025000
v -0.075000 -0.050000 -0.050000
v 0.150000 -0.050000 0.025000
v 0.150000 0.050000 -0.025000
v -0.150000 0.050000 -0.025000
v -0.150000 0.025000 -0.025000
v 0.150000 0.025000 -0.050000
v -0.150000 0.025000 0.050000
v -0.150000 0.025000 -0.050000
v -0.075000 0.025000 -0.050000
v 0.150000 0.025000 0.050000
v 0.150000 0.025000 0.025000
v -0.150000 -0.050000 0.025000
v -0.150000 -0.025000 0.000000
v -0.150000 0.000000 -0.025000
v -0.150000 -0.025000 -0.025000
v -0.150000 0.025000 0.000000
v -0.150000 0.000000 0.025000
v -0.150000 0.025000 0.025000
v 0.150000 -0.025000 0.000000
v 0.150000 0.000000 0.025000
v 0.150000 -0.025000 0.025000
v 0.150000 0.025000 0.000000
v 0.150000 0.000000 -0.025000
v 0.150000 0.025000 -0.025000
v 0.075000 0.000000 -0.050000
v 0.000000 0.025000 -0.050000
v 0.075000 0.025000 -0.050000
v -0.075000 0.000000 -0.050000
v 0.000000 -0.025000 -0.050000
v -0.075000 -0.025000 -0.050000
v 0.075000 -0.050000 0.000000
v 0.000000 -0.050000 -0.025000
v 0.075000 -0.050000 -0.025000
v -0.075000 -0.050000 0.000000
v 0.000000 -0.050000 0.025000
v -0.075000 -0.050000 0.025000
v 0.075000 0.000000 0.050000
v 0.000000 -0.025000 0.050000
v 0.075000 -0.025000 0.050000
v -0.075000 0.000000 0.050000
v 0.000000 0.025000 0.050000
v -0.075000 0.025000 0.050000
v 0.075000 0.050000 0.000000
v 0.000000 0.050000 0.025000
v 0.075000 0.050000 0.025000
v -0.075000 0.050000 0.000000
v 0.000000 0.050000 -0.025000
v -0.075000 0.050000 -0.025000
v -0.112500 0.050000 -0.050000
v -0.112500 0.050000 0.037500
v 0.112500 0.050000 0.050000
v -0.112500 -0.037500 0.050000
v 0.112500 -0.050000 0.050000
v -0.112500 -0.050000 -0.037500
v 0.112500 -0.050000 -0.050000
v 0.150000 -0.050000 -0.037500
v 0.150000 0.050000 0.037500
v -0.150000 0.050000 0.037500
v -0.150000 -0.037500 0.037500
v 0.150000 -0.037500 -0.050000
v -0.150000 -0.037500 0.050000
v -0.150000 -0.037500 -0.050000
v 0.112500 -0.037500 -0.050000
v 0.150000 -0.037500 0.050000
v 0.150000 -0.037500 -0.037500
v -0.150000 -0.050000 -0.037500
v 0.037500 0.050000 -0.050000
v 0.037500 0.050000 -0.012500
v -0.037500 0.050000 0.050000
v 0.037500 0.012500 0.050000
v -0.037500 -0.050000 0.050000
v 0.037500 -0.050000 0.012500
v -0.037500 -0.050000 -0.050000
v 0.150000 -0.050000 0.012500
v 0.150000 0.050000 -0.012500
v -0.150000 0.050000 -0.012500
v -0.150000 0.012500 -0.012500
v 0.150000 0.012500 -0.050000
v -0.150000 0.012500 0.050000
v -0.150000 0.012500 -0.050000
v -0.037500 0.012500 -0.050000
v 0.150000 0.012500 0.050000
v 0.150000 0.012500 0.012500
v -0.150000 -0.050000 0.012500
v -0.150000 -0.037500 0.000000
v -0.150000 0.000000 -0.037500
v -0.150000 -0.012500 -0.037500
v -0.150000 0.037500 0.000000
v -0.150000 0.000000 0.037500
v -0.150000 0.012500 0.037500
v 0.150000 -0.037500 0.000000
v 0.150000 0.000000 0.037500
v 0.150000 -0.012500 0.037500
v 0.150000 0.037500 0.000000
v 0.150000 0.000000 -0.037500
v 0.150000 0.012500 -0.037500
v 0.112500 0.000000 -0.050000
v 0.000000 0.037500 -0.050000
v 0.037500 0.037500 -0.050000
v -0.112500 0.000000 -0.050000
v 0.000000 -0.037500 -0.050000
v -0.037500 -0.037500 -0.050000
v 0.112500 -0.050000 0.000000
v 0.000000 -0.050000 -0.037500
v 0.037500 -0.050000 -0.037500
v -0.112500 -0.050000 0.000000
v 0.000000 -0.050000 0.037500
v -0.037500 -0.050000 0.037500
v 0.112500 0.000000 0.050000
v 0.000000 -0.037500 0.050000
v 0.037500 -0.037500 0.050000
v -0.112500 0.000000 0.050000
v 0.000000 0.037500 0.050000
v -0.037500 0.037500 0.050000
v 0.112500 0.050000 0.000000
v 0.000000 0.050000 0.037500
v 0.037500 0.050000 0.037500
v -0.112500 0.050000 0.000000
v 0.000000 0.050000 -0.037500
v -0.037500 0.050000 -0.037500
v -0.037500 0.050000 -0.050000
v -0.037500 0.050000 0.012500
v 0.037500 0.050000 0.050000
v -0.037500 -0.012500 0.050000
v 0.037500 -0.050000 0.050000
v -0.037500 -0.050000 -0.012500
v 0.037500 -0.050000 -0.050000
v 0.150000 -0.050000 -0.012500
v 0.150000 0.050000 0.012500
v -0.150000 0.050000 0.012500
v -0.150000 -0.012500 0.012500
v 0.150000 -0.012500 -0.050000
v -0.150000 -0.012500 0.050000
v -0.150000 -0.012500 -0.050000
v 0.037500 -0.012500 -0.050000
v 0.150000 -0.012500 0.050000
v 0.150000 -0.012500 -0.012500
v -0.150000 -0.050000 -0.012500
v 0.112500 0.050000 -0.050000
v 0.112500 0.050000 -0.037500
v -0.112500 0.050000 0.050000
v 0.112500 0.037500 0.050000
v -0.112500 -0.050000 0.050000
v 0.112500 -0.050000 0.037500
v -0.112500 -0.050000 -0.050000
v 0.150000 -0.050000 0.037500
v 0.150000 0.050000 -0.037500
v -0.150000 0.050000 -0.037500
v -0.150000 0.037500 -0.037500
v 0.150000 0.037500 -0.050000
v -0.150000 0.037500 0.050000
v -0.150000 0.037500 -0.050000
v -0.112500 0.037500 -0.050000
v 0.150000 0.037500 0.050000
v 0.150000 0.037500 0.037500
v -0.150000 -0.050000 0.037500
v -0.150000 -0.012500 0.000000
v -0.150000 0.000000 -0.012500
v -0.150000 -0.037500 -0.012500
v -0.150000 0.012500 0.000000
v -0.150000 0.000000 0.012500
v -0.150000 0.037500 0.012500
v 0.150000 -0.012500 0.000000
v 0.150000 0.000000 0.012500
v 0.150000 -0.037500 0.012500
v 0.150000 0.012500 0.000000
v 0.150000 0.000000 -0.012500
v 0.150000 0.037500 -0.012500
v 0.037500 0.000000 -0.050000
v 0.000000 0.012500 -0.050000
v 0.112500 0.012500 -0.050000
v -0.037500 0.000000 -0.050000
v 0.000000 -0.012500 -0.050000
v -0.112500 -0.012500 -0.050000
v 0.037500 -0.050000 0.000000
v 0.000000 -0.050000 -0.012500
v 0.112500 -0.050000 -0.012500
v -0.037500 -0.050000 0.000000
v 0.000000 -0.050000 0.012500
v -0.112500 -0.050000 0.012500
v 0.037500 0.000000 0.050000
v 0.000000 -0.012500 0.050000
v 0.112500 -0.012500 0.050000
v -0.037500 0.000000 0.050000
v 0.000000 0.012500 0.050000
v -0.112500 0.012500 0.050000
v 0.037500 0.050000 0.000000
v 0.000000 0.050000 0.012500
v 0.112500 0.050000 0.012500
v -0.037500 0.050000 0.000000
v 0.000000 0.050000 -0.012500
v -0.112500 0.050000 -0.012500
v -0.112500 0.050000 -0.025000
v -0.075000 0.050000 -0.037500
v -0.112500 0.050000 -0.037500
v -0.075000 0.050000 -0.012500
v -0.037500 0.050000 -0.012500
v -0.037500 0.050000 -0.025000
v -0.112500 0.050000 0.025000
v -0.075000 0.050000 0.012500
v -0.112500 0.050000 0.012500
v 0.112500 0.050000 0.025000
v 0.075000 0.050000 0.037500
v 0.112500 0.050000 0.037500
v 0.075000 0.050000 0.012500
v 0.037500 0.050000 0.012500
v 0.037500 0.050000 0.025000
v 0.112500 0.050000 -0.025000
v 0.075000 0.050000 -0.012500
v 0.112500 0.050000 -0.012500
v -0.112500 0.025000 0.050000
v -0.075000 0.037500 0.050000
v -0.112500 0.037500 0.050000
v -0.075000 0.012500 0.050000
v -0.037500 0.012500 0.050000
v -0.037500 0.025000 0.050000
v -0.112500 -0.025000 0.050000
v -0.075000 -0.012500 0.050000
v -0.112500 -0.012500 0.050000
v 0.112500 -0.025000 0.050000
v 0.075000 -0.037500 0.050000
v 0.112500 -0.037500 0.050000
v 0.075000 -0.012500 0.050000
v 0.037500 -0.012500 0.050000
v 0.037500 -0.025000 0.050000
v 0.112500 0.025000 0.050000
v 0.075000 0.012500 0.050000
v 0.112500 0.012500 0.050000
v -0.112500 -0.050000 0.025000
v -0.075000 -0.050000 0.037500
v -0.112500 -0.050000 0.037500
v -0.075000 -0.050000 0.012500
v -0.037500 -0.050000 0.012500
v -0.037500 -0.050000 0.025000
v -0.112500 -0.050000 -0.025000
v -0.075000 -0.050000 -0.012500
v -0.112500 -0.050000 -0.012500
v 0.112500 -0.050000 -0.025000
v 0.075000 -0.050000 -0.037500
v 0.112500 -0.050000 -0.037500
v 0.075000 -0.050000 -0.012500
v 0.037500 -0.050000 -0.012500
v 0.037500 -0.050000 -0.025000
v 0.112500 -0.050000 0.025000
v 0.075000 -0.050000 0.012500
v 0.112500 -0.050000 0.012500
v -0.112500 -0.025000 -0.050000
v -0.075000 -0.037500 -0.050000
v -0.112500 -0.037500 -0.050000
v -0.075000 -0.012500 -0.050000
v -0.037500 -0.012500 -0.050000
v -0.037500 -0.025000 -0.050000
v -0.112500 0.025000 -0.050000
v -0.075000 0.012500 -0.050000
v -0.112500 0.012500 -0.050000
v 0.112500 0.025000 -0.050000
v 0.075000 0.037500 -0.050000
v 0.112500 0.037500 -0.050000
v 0.075000 0.012500 -0.050000
v 0.037500 0.012500 -0.050000
v 0.037500 0.025000 -0.050000
v 0.112500 -0.025000 -0.050000
v 0.075000 -0.012500 -0.050000
v 0.112500 -0.012500 -0.050000
v 0.150000 0.037500 -0.025000
v 0.150000 0.025000 -0.037500
v 0.150000 0.037500 -0.037500
v 0.150000 0.025000 -0.012500
v 0.150000 0.012500 -0.012500
v 0.150000 0.012500 -0.025000
v 0.150000 0.037500 0.025000
v 0.150000 0.025000 0.012500
v 0.150000 0.037500 0.012500
v 0.150000 -0.037500 0.025000
v 0.150000 -0.025000 0.037500
v 0.150000 -0.037500 0.037500
v 0.150000 -0.025000 0.012500
v 0.150000 -0.012500 0.012500
v 0.150000 -0.012500 0.025000
v 0.150000 -0.037500 -0.025000
v 0.150000 -0.025000 -0.012500
v 0.150000 -0.037500 -0.012500
v -0.150000 0.037500 0.025000
v -0.150000 0.025000 0.037500
v -0.150000 0.037500 0.037500
v -0.150000 0.025000 0.012500
v -0.150000 0.012500 0.012500
v -0.150000 0.012500 0.025000
v -0.150000 0.037500 -0.025000
v -0.150000 0.025000 -0.012500
v -0.150000 0.037500 -0.012500
v -0.150000 -0.037500 -0.025000
v -0.150000 -0.025000 -0.037500
v -0.150000 -0.037500 -0.037500
v -0.150000 -0.025000 -0.012500
v -0.150000 -0.012500 -0.012500
v -0.150000 -0.012500 -0.025000
v -0.150000 -0.037500 0.025000
v -0.150000 -0.025000 0.012500
v -0.150000 -0.037500 0.012500
v -0.150000 0.012500 -0.025000
v -0.150000 0.025000 -0.037500
v -0.150000 0.012500 -0.037500
v -0.150000 -0.012500 0.025000
v -0.150000 -0.025000 0.037500
v -0.150000 -0.012500 0.037500
v 0.150000 0.012500 0.025000
v 0.150000 0.025000 0.037500
v 0.150000 0.012500 0.037500
v 0.150000 -0.012500 -0.025000
v 0.150000 -0.025000 -0.037500
v 0.150000 -0.012500 -0.037500
v -0.037500 0.025000 -0.050000
v -0.075000 0.037500 -0.050000
v -0.037500 0.037500 -0.050000
v 0.037500 -0.025000 -0.050000
v 0.075000 -0.037500 -0.050000
v 0.037500 -0.037500 -0.050000
v -0.037500 -0.050000 -0.025000
v -0.075000 -0.050000 -0.037500
v -0.037500 -0.050000 -0.037500
v 0.037500 -0.050000 0.025000
v 0.075000 -0.050000 0.037500
v 0.037500 -0.050000 0.037500
v -0.037500 -0.025000 0.050000
v -0.075000 -0.037500 0.050000
v -0.037500 -0.037500 0.050000
v 0.037500 0.025000 0.050000
v 0.075000 0.037500 0.050000
v 0.037500 0.037500 0.050000
v -0.037500 0.050000 0.025000
v -0.075000 0.050000 0.037500
v -0.037500 0.050000 0.037500
v 0.037500 0.050000 -0.025000
v 0.075000 0.050000 -0.037500
v 0.037500 0.050000 -0.037500
s 0
f 1 189 190
f 3 191 100
f 4 101 192
f 5 193 102
f 6 103 194
f 7 195 104
f 8 105 113
f 2 99 203
f 8 110 115
f 4 204 205
f 5 111 109
f 2 202 199
f 19 207 181
f 19 208 207
f 22 184 137
f 19 210 127
f 19 211 210
f 21 129 140
f 25 213 187
f 25 214 213
f 24 186 143
f 25 216 133
f 25 217 216
f 20 128 146
f 23 219 185
f 23 220 219
f 9 117 149
f 23 222 131
f 23 223 222
f 15 123 152
f 14 225 122
f 14 226 225
f 15 177 155
f 14 228 176
f 14 229 228
f 13 121 158
f 12 231 120
f 12 232 231
f 13 175 161
f 12 234 174
f 12 235 234
f 11 119 164
f 10 237 118
f 10 238 237
f 11 173 167
f 10 240 172
f 10 241 240
f 9 171 170
f 98 243 242
f 98 244 243
f 27 99 245
f 96 246 168
f 96 247 246
f 97 169 248
f 28 249 100
f 28 250 249
f 96 168 251
f 95 252 239
f 95 253 252
f 29 101 254
f 93 255 165
f 93 256 255
f 94 166 257
f 46 258 190
f 46 259 258
f 93 165 260
f 92 261 236
f 92 262 261
f 47 191 263
f 90 264 162
f 90 265 264
f 91 163 266
f 30 267 102
f 30 268 267
f 90 162 269
f 89 270 233
f 89 271 270
f 31 103 272
f 87 273 159
f 87 274 273
f 88 160 275
f 48 276 192
f 48 277 276
f 87 159 278
f 86 279 230
f 86 280 279
f 49 193 281
f 84 282 156
f 84 283 282
f 85 157 284
f 32 285 104
f 32 286 285
f 84 156 287
f 83 288 227
f 83 289 288
f 33 105 290
f 81 291 153
f 81 292 291
f 82 154 293
f 50 294 194
f 50 295 294
f 81 153 296
f 80 297 224
f 80 298 297
f 51 195 299
f 78 300 150
f 78 301 300
f 79 151 302
f 59 303 203
f 59 304 303
f 78 150 305
f 77 306 221
f 77 307 306
f 45 189 308
f 75 309 147
f 75 310 309
f 76 148 311
f 41 312 113
f 41 313 312
f 75 147 314
f 74 315 218
f 74 316 315
f 56 200 317
f 72 318 144
f 72 319 318
f 73 145 320
f 61 321 205
f 61 322 321
f 72 144 323
f 71 324 215
f 71 325 324
f 42 114 326
f 69 327 141
f 69 328 327
f 70 142 329
f 43 330 115
f 43 331 330
f 69 141 332
f 68 333 212
f 68 334 333
f 57 201 335
f 66 336 138
f 66 337 336
f 67 139 338
f 55 339 199
f 55 340 339
f 66 138 341
f 65 342 209
f 65 343 342
f 40 112 344
f 63 345 135
f 63 346 345
f 64 136 347
f 37 348 109
f 37 349 348
f 63 135 350
f 55 351 127
f 55 352 351
f 58 130 353
f 37 354 181
f 37 355 354
f 39 183 356
f 61 357 133
f 61 358 357
f 60 132 359
f 43 360 187
f 43 361 360
f 38 182 362
f 59 363 131
f 59 364 363
f 27 171 365
f 41 366 185
f 41 367 366
f 33 177 368
f 32 369 176
f 32 370 369
f 51 123 371
f 50 372 122
f 50 373 372
f 31 175 374
f 30 375 174
f 30 376 375
f 49 121 377
f 48 378 120
f 48 379 378
f 29 173 380
f 28 381 172
f 28 382 381
f 47 119 383
f 46 384 118
f 46 385 384
f 45 117 386
f 386 169 97
f 386 117 169
f 117 9 169
f 384 386 97
f 384 385 386
f 385 45 386
f 118 241 10
f 118 384 241
f 384 97 241
f 383 166 94
f 383 119 166
f 119 11 166
f 381 383 94
f 381 382 383
f 382 47 383
f 172 238 10
f 172 381 238
f 381 94 238
f 380 163 91
f 380 173 163
f 173 11 163
f 378 380 91
f 378 379 380
f 379 29 380
f 120 235 12
f 120 378 235
f 378 91 235
f 377 160 88
f 377 121 160
f 121 13 160
f 375 377 88
f 375 376 377
f 376 49 377
f 174 232 12
f 174 375 232
f 375 88 232
f 374 157 85
f 374 175 157
f 175 13 157
f 372 374 85
f 372 373 374
f 373 31 374
f 122 229 14
f 122 372 229
f 372 85 229
f 371 154 82
f 371 123 154
f 123 15 154
f 369 371 82
f 369 370 371
f 370 51 371
f 176 226 14
f 176 369 226
f 369 82 226
f 368 151 79
f 368 177 151
f 177 15 151
f 366 368 79
f 366 367 368
f 367 33 368
f 185 223 23
f 185 366 223
f 366 79 223
f 365 148 76
f 365 171 148
f 171 9 148
f 363 365 76
f 363 364 365
f 364 27 365
f 131 220 23
f 131 363 220
f 363 76 220
f 362 145 73
f 362 182 145
f 182 20 145
f 360 362 73
f 360 361 362
f 361 38 362
f 187 217 25
f 187 360 217
f 360 73 217
f 359 142 70
f 359 132 142
f 132 24 142
f 357 359 70
f 357 358 359
f 358 60 359
f 133 214 25
f 133 357 214
f 357 70 214
f 356 139 67
f 356 183 139
f 183 21 139
f 354 356 67
f 354 355 356
f 355 39 356
f 181 211 19
f 181 354 211
f 354 67 211
f 353 136 64
f 353 130 136
f 130 22 136
f 351 353 64
f 351 352 353
f 352 58 353
f 127 208 19
f 127 351 208
f 351 64 208
f 350 134 62
f 350 135 134
f 135 26 134
f 348 350 62
f 348 349 350
f 349 63 350
f 109 206 5
f 109 348 206
f 348 62 206
f 347 137 65
f 347 136 137
f 136 22 137
f 345 347 65
f 345 346 347
f 346 64 347
f 135 209 26
f 135 345 209
f 345 65 209
f 344 116 44
f 344 112 116
f 112 7 116
f 342 344 44
f 342 343 344
f 343 40 344
f 209 188 26
f 209 342 188
f 342 44 188
f 341 126 54
f 341 138 126
f 138 18 126
f 339 341 54
f 339 340 341
f 340 66 341
f 199 198 2
f 199 339 198
f 339 54 198
f 338 140 68
f 338 139 140
f 139 21 140
f 336 338 68
f 336 337 338
f 337 67 338
f 138 212 18
f 138 336 212
f 336 68 212
f 335 108 36
f 335 201 108
f 201 3 108
f 333 335 36
f 333 334 335
f 334 57 335
f 212 180 18
f 212 333 180
f 333 36 180
f 332 178 34
f 332 141 178
f 141 16 178
f 330 332 34
f 330 331 332
f 331 69 332
f 115 106 8
f 115 330 106
f 330 34 106
f 329 143 71
f 329 142 143
f 142 24 143
f 327 329 71
f 327 328 329
f 328 70 329
f 141 215 16
f 141 327 215
f 327 71 215
f 326 196 52
f 326 114 196
f 114 6 196
f 324 326 52
f 324 325 326
f 325 42 326
f 215 124 16
f 215 324 124
f 324 52 124
f 323 179 35
f 323 144 179
f 144 17 179
f 321 323 35
f 321 322 323
f 322 72 323
f 205 107 4
f 205 321 107
f 321 35 107
f 320 146 74
f 320 145 146
f 145 20 146
f 318 320 74
f 318 319 320
f 319 73 320
f 144 218 17
f 144 318 218
f 318 74 218
f 317 197 53
f 317 200 197
f 200 1 197
f 315 317 53
f 315 316 317
f 316 56 317
f 218 125 17
f 218 315 125
f 315 53 125
f 314 182 38
f 314 147 182
f 147 20 182
f 312 314 38
f 312 313 314
f 313 75 314
f 113 110 8
f 113 312 110
f 312 38 110
f 311 149 77
f 311 148 149
f 148 9 149
f 309 311 77
f 309 310 311
f 310 76 311
f 147 221 20
f 147 309 221
f 309 77 221
f 308 200 56
f 308 189 200
f 189 1 200
f 306 308 56
f 306 307 308
f 307 45 308
f 221 128 20
f 221 306 128
f 306 56 128
f 305 130 58
f 305 150 130
f 150 22 130
f 303 305 58
f 303 304 305
f 304 78 305
f 203 202 2
f 203 303 202
f 303 58 202
f 302 152 80
f 302 151 152
f 151 15 152
f 300 302 80
f 300 301 302
f 301 79 302
f 150 224 22
f 150 300 224
f 300 80 224
f 299 112 40
f 299 195 112
f 195 7 112
f 297 299 40
f 297 298 299
f 298 51 299
f 224 184 22
f 224 297 184
f 297 40 184
f 296 124 52
f 296 153 124
f 153 16 124
f 294 296 52
f 294 295 296
f 295 81 296
f 194 196 6
f 194 294 196
f 294 52 196
f 293 155 83
f 293 154 155
f 154 15 155
f 291 293 83
f 291 292 293
f 292 82 293
f 153 227 16
f 153 291 227
f 291 83 227
f 290 106 34
f 290 105 106
f 105 8 106
f 288 290 34
f 288 289 290
f 289 33 290
f 227 178 16
f 227 288 178
f 288 34 178
f 287 188 44
f 287 156 188
f 156 26 188
f 285 287 44
f 285 286 287
f 286 84 287
f 104 116 7
f 104 285 116
f 285 44 116
f 284 158 86
f 284 157 158
f 157 13 158
f 282 284 86
f 282 283 284
f 283 85 284
f 156 230 26
f 156 282 230
f 282 86 230
f 281 206 62
f 281 193 206
f 193 5 206
f 279 281 62
f 279 280 281
f 280 49 281
f 230 134 26
f 230 279 134
f 279 62 134
f 278 132 60
f 278 159 132
f 159 24 132
f 276 278 60
f 276 277 278
f 277 87 278
f 192 204 4
f 192 276 204
f 276 60 204
f 275 161 89
f 275 160 161
f 160 13 161
f 273 275 89
f 273 274 275
f 274 88 275
f 159 233 24
f 159 273 233
f 273 89 233
f 272 114 42
f 272 103 114
f 103 6 114
f 270 272 42
f 270 271 272
f 271 31 272
f 233 186 24
f 233 270 186
f 270 42 186
f 269 183 39
f 269 162 183
f 162 21 183
f 267 269 39
f 267 268 269
f 268 90 269
f 102 111 5
f 102 267 111
f 267 39 111
f 266 164 92
f 266 163 164
f 163 11 164
f 264 266 92
f 264 265 266
f 265 91 266
f 162 236 21
f 162 264 236
f 264 92 236
f 263 201 57
f 263 191 201
f 191 3 201
f 261 263 57
f 261 262 263
f 262 47 263
f 236 129 21
f 236 261 129
f 261 57 129
f 260 125 53
f 260 165 125
f 165 17 125
f 258 260 53
f 258 259 260
f 259 93 260
f 190 197 1
f 190 258 197
f 258 53 197
f 257 167 95
f 257 166 167
f 166 11 167
f 255 257 95
f 255 256 257
f 256 94 257
f 165 239 17
f 165 255 239
f 255 95 239
f 254 107 35
f 254 101 107
f 101 4 107
f 252 254 35
f 252 253 254
f 253 29 254
f 239 179 17
f 239 252 179
f 252 35 179
f 251 180 36
f 251 168 180
f 168 18 180
f 249 251 36
f 249 250 251
f 250 96 251
f 100 108 3
f 100 249 108
f 249 36 108
f 248 170 98
f 248 169 170
f 169 9 170
f 246 248 98
f 246 247 248
f 247 97 248
f 168 242 18
f 168 246 242
f 246 98 242
f 245 198 54
f 245 99 198
f 99 2 198
f 243 245 54
f 243 244 245
f 244 27 245
f 242 126 18
f 242 243 126
f 243 54 126
f 170 244 98
f 170 171 244
f 171 27 244
f 240 247 96
f 240 241 247
f 241 97 247
f 172 250 28
f 172 240 250
f 240 96 250
f 167 253 95
f 167 173 253
f 173 29 253
f 237 256 93
f 237 238 256
f 238 94 256
f 118 259 46
f 118 237 259
f 237 93 259
f 164 262 92
f 164 119 262
f 119 47 262
f 234 265 90
f 234 235 265
f 235 91 265
f 174 268 30
f 174 234 268
f 234 90 268
f 161 271 89
f 161 175 271
f 175 31 271
f 231 274 87
f 231 232 274
f 232 88 274
f 120 277 48
f 120 231 277
f 231 87 277
f 158 280 86
f 158 121 280
f 121 49 280
f 228 283 84
f 228 229 283
f 229 85 283
f 176 286 32
f 176 228 286
f 228 84 286
f 155 289 83
f 155 177 289
f 177 33 289
f 225 292 81
f 225 226 292
f 226 82 292
f 122 295 50
f 122 225 295
f 225 81 295
f 152 298 80
f 152 123 298
f 123 51 298
f 222 301 78
f 222 223 301
f 223 79 301
f 131 304 59
f 131 222 304
f 222 78 304
f 149 307 77
f 149 117 307
f 117 45 307
f 219 310 75
f 219 220 310
f 220 76 310
f 185 313 41
f 185 219 313
f 219 75 313
f 146 316 74
f 146 128 316
f 128 56 316
f 216 319 72
f 216 217 319
f 217 73 319
f 133 322 61
f 133 216 322
f 216 72 322
f 143 325 71
f 143 186 325
f 186 42 325
f 213 328 69
f 213 214 328
f 214 70 328
f 187 331 43
f 187 213 331
f 213 69 331
f 140 334 68
f 140 129 334
f 129 57 334
f 210 337 66
f 210 211 337
f 211 67 337
f 127 340 55
f 127 210 340
f 210 66 340
f 137 343 65
f 137 184 343
f 184 40 343
f 207 346 63
f 207 208 346
f 208 64 346
f 181 349 37
f 181 207 349
f 207 63 349
f 199 352 55
f 199 202 352
f 202 58 352
f 109 355 37
f 109 111 355
f 111 39 355
f 205 358 61
f 205 204 358
f 204 60 358
f 115 361 43
f 115 110 361
f 110 38 361
f 203 364 59
f 203 99 364
f 99 27 364
f 113 367 41
f 113 105 367
f 105 33 367
f 104 370 32
f 104 195 370
f 195 51 370
f 194 373 50
f 194 103 373
f 103 31 373
f 102 376 30
f 102 193 376
f 193 49 376
f 192 379 48
f 192 101 379
f 101 29 379
f 100 382 28
f 100 191 382
f 191 47 382
f 190 385 46
f 190 189 385
f 189 45 385
o wing_bottom.003
v -0.153000 0.045000 0.047000
v -0.153000 0.045000 0.050000
v -0.153000 -0.045000 0.050000
v -0.153000 -0.045000 0.047000
v -0.353000 0.035000 0.047000
v -0.353000 0.035000 0.050000
v -0.353000 -0.035000 0.047000
v -0.353000 -0.035000 0.050000
v -0.153000 0.045000 0.048500
v -0.153000 0.000000 0.048500
v -0.153000 -0.045000 0.048500
v -0.253000 0.040000 0.048500
v -0.353000 0.035000 0.048500
v -0.353000 0.000000 0.048500
v -0.353000 -0.035000 0.048500
v -0.353000 0.000000 0.050000
v -0.153000 0.000000 0.047000
v -0.153000 0.000000 0.050000
v -0.253000 0.040000 0.047000
v -0.253000 0.005000 0.047000
v -0.253000 0.040000 0.050000
v -0.253000 -0.005000 0.050000
v -0.253000 -0.040000 0.050000
v -0.253000 -0.040000 0.047000
v -0.253000 -0.040000 0.048500
v -0.353000 0.000000 0.047000
v -0.153000 0.045000 0.049250
v -0.153000 -0.022500 0.049250
v -0.153000 -0.045000 0.047750
v -0.303000 0.037500 0.047750
v -0.353000 0.035000 0.049250
v -0.353000 -0.017500 0.047750
v -0.353000 -0.035000 0.049250
v -0.353000 -0.017500 0.050000
v -0.153000 -0.022500 0.047000
v -0.153000 -0.022500 0.050000
v -0.303000 0.037500 0.047000
v -0.303000 -0.015000 0.047000
v -0.303000 0.037500 0.050000
v -0.303000 0.015000 0.050000
v -0.303000 -0.037500 0.050000
v -0.303000 -0.037500 0.047000
v -0.303000 -0.037500 0.049250
v -0.353000 -0.017500 0.047000
v -0.153000 0.045000 0.047750
v -0.153000 0.022500 0.047750
v -0.153000 -0.045000 0.049250
v -0.203000 0.042500 0.049250
v -0.353000 0.035000 0.047750
v -0.353000 0.017500 0.049250
v -0.353000 -0.035000 0.047750
v -0.353000 0.017500 0.050000
v -0.153000 0.022500 0.047000
v -0.153000 0.022500 0.050000
v -0.203000 0.042500 0.047000
v -0.203000 0.025000 0.047000
v -0.203000 0.042500 0.050000
v -0.203000 -0.025000 0.050000
v -0.203000 -0.042500 0.050000
v -0.203000 -0.042500 0.047000
v -0.203000 -0.042500 0.047750
v -0.353000 0.017500 0.047000
v -0.253000 -0.022500 0.050000
v -0.303000 -0.002500 0.050000
v -0.303000 -0.020000 0.050000
v -0.253000 0.017500 0.050000
v -0.203000 -0.002500 0.050000
v -0.203000 0.020000 0.050000
v -0.253000 0.022500 0.047000
v -0.303000 0.002500 0.047000
v -0.303000 0.020000 0.047000
v -0.253000 -0.017500 0.047000
v -0.203000 0.002500 0.047000
v -0.203000 -0.020000 0.047000
v -0.253000 -0.040000 0.047750
v -0.303000 -0.037500 0.048500
v -0.303000 -0.037500 0.047750
v -0.253000 -0.040000 0.049250
v -0.203000 -0.042500 0.048500
v -0.203000 -0.042500 0.049250
v -0.353000 0.000000 0.047750
v -0.353000 0.017500 0.048500
v -0.353000 0.017500 0.047750
v -0.353000 0.000000 0.049250
v -0.353000 -0.017500 0.048500
v -0.353000 -0.017500 0.049250
v -0.253000 0.040000 0.047750
v -0.203000 0.042500 0.048500
v -0.203000 0.042500 0.047750
v -0.253000 0.040000 0.049250
v -0.303000 0.037500 0.048500
v -0.303000 0.037500 0.049250
v -0.153000 0.000000 0.047750
v -0.153000 -0.022500 0.048500
v -0.153000 -0.022500 0.047750
v -0.153000 0.000000 0.049250
v -0.153000 0.022500 0.048500
v -0.153000 0.022500 0.049250
v -0.153000 0.045000 0.049625
v -0.153000 -0.033750 0.049625
v -0.153000 -0.045000 0.047375
v -0.328000 0.036250 0.047375
v -0.353000 0.035000 0.049625
v -0.353000 -0.026250 0.047375
v -0.353000 -0.035000 0.049625
v -0.353000 -0.026250 0.050000
v -0.153000 -0.033750 0.047000
v -0.153000 -0.033750 0.050000
v -0.328000 0.036250 0.047000
v -0.328000 -0.025000 0.047000
v -0.328000 0.036250 0.050000
v -0.328000 0.025000 0.050000
v -0.328000 -0.036250 0.050000
v -0.328000 -0.036250 0.047000
v -0.328000 -0.036250 0.049625
v -0.353000 -0.026250 0.047000
v -0.153000 0.045000 0.048125
v -0.153000 0.011250 0.048125
v -0.153000 -0.045000 0.048875
v -0.228000 0.041250 0.048875
v -0.353000 0.035000 0.048125
v -0.353000 0.008750 0.048875
v -0.353000 -0.035000 0.048125
v -0.353000 0.008750 0.050000
v -0.153000 0.011250 0.047000
v -0.153000 0.011250 0.050000
v -0.228000 0.041250 0.047000
v -0.228000 0.015000 0.047000
v -0.228000 0.041250 0.050000
v -0.228000 -0.015000 0.050000
v -0.228000 -0.041250 0.050000
v -0.228000 -0.041250 0.047000
v -0.228000 -0.041250 0.048125
v -0.353000 0.008750 0.047000
v -0.253000 -0.031250 0.050000
v -0.328000 -0.001250 0.050000
v -0.328000 -0.010000 0.050000
v -0.253000 0.028750 0.050000
v -0.178000 -0.001250 0.050000
v -0.178000 0.010000 0.050000
v -0.253000 0.031250 0.047000
v -0.328000 0.001250 0.047000
v -0.328000 0.010000 0.047000
v -0.253000 -0.028750 0.047000
v -0.178000 0.001250 0.047000
v -0.178000 -0.010000 0.047000
v -0.253000 -0.040000 0.047375
v -0.328000 -0.036250 0.048500
v -0.328000 -0.036250 0.048125
v -0.253000 -0.040000 0.049625
v -0.178000 -0.043750 0.048500
v -0.178000 -0.043750 0.048875
v -0.353000 0.000000 0.047375
v -0.353000 0.026250 0.048500
v -0.353000 0.026250 0.048125
v -0.353000 0.000000 0.049625
v -0.353000 -0.026250 0.048500
v -0.353000 -0.026250 0.048875
v -0.253000 0.040000 0.047375
v -0.178000 0.043750 0.048500
v -0.178000 0.043750 0.048125
v -0.253000 0.040000 0.049625
v -0.328000 0.036250 0.048500
v -0.328000 0.036250 0.048875
v -0.153000 0.000000 0.047375
v -0.153000 -0.033750 0.048500
v -0.153000 -0.033750 0.048125
v -0.153000 0.000000 0.049625
v -0.153000 0.033750 0.048500
v -0.153000 0.033750 0.048875
v -0.153000 0.045000 0.048875
v -0.153000 -0.011250 0.048875
v -0.153000 -0.045000 0.048125
v -0.278000 0.038750 0.048125
v -0.353000 0.035000 0.048875
v -0.353000 -0.008750 0.048125
v -0.353000 -0.035000 0.048875
v -0.353000 -0.008750 0.050000
v -0.153000 -0.011250 0.047000
v -0.153000 -0.011250 0.050000
v -0.278000 0.038750 0.047000
v -0.278000 -0.005000 0.047000
v -0.278000 0.038750 0.050000
v -0.278000 0.005000 0.050000
v -0.278000 -0.038750 0.050000
v -0.278000 -0.038750 0.047000
v -0.278000 -0.038750 0.048875
v -0.353000 -0.008750 0.047000
v -0.153000 0.045000 0.047375
v -0.153000 0.033750 0.047375
v -0.153000 -0.045000 0.049625
v -0.178000 0.043750 0.049625
v -0.353000 0.035000 0.047375
v -0.353000 0.026250 0.049625
v -0.353000 -0.035000 0.047375
v -0.353000 0.026250 0.050000
v -0.153000 0.033750 0.047000
v -0.153000 0.033750 0.050000
v -0.178000 0.043750 0.047000
v -0.178000 0.035000 0.047000
v -0.178000 0.043750 0.050000
v -0.178000 -0.035000 0.050000
v -0.178000 -0.043750 0.050000
v -0.178000 -0.043750 0.047000
v -0.178000 -0.043750 0.047375
v -0.353000 0.026250 0.047000
v -0.253000 -0.013750 0.050000
v -0.278000 -0.003750 0.050000
v -0.278000 -0.030000 0.050000
v -0.253000 0.006250 0.050000
v -0.228000 -0.003750 0.050000
v -0.228000 0.030000 0.050000
v -0.253000 0.013750 0.047000
v -0.278000 0.003750 0.047000
v -0.278000 0.030000 0.047000
v -0.253000 -0.006250 0.047000
v -0.228000 0.003750 0.047000
v -0.228000 -0.030000 0.047000
v -0.253000 -0.040000 0.048125
v -0.278000 -0.038750 0.048500
v -0.278000 -0.038750 0.047375
v -0.253000 -0.040000 0.048875
v -0.228000 -0.041250 0.048500
v -0.228000 -0.041250 0.049625
v -0.353000 0.000000 0.048125
v -0.353000 0.008750 0.048500
v -0.353000 0.008750 0.047375
v -0.353000 0.000000 0.048875
v -0.353000 -0.008750 0.048500
v -0.353000 -0.008750 0.049625
v -0.253000 0.040000 0.048125
v -0.228000 0.041250 0.048500
v -0.228000 0.041250 0.047375
v -0.253000 0.040000 0.048875
v -0.278000 0.038750 0.048500
v -0.278000 0.038750 0.049625
v -0.153000 0.000000 0.048125
v -0.153000 -0.011250 0.048500
v -0.153000 -0.011250 0.047375
v -0.153000 0.000000 0.048875
v -0.153000 0.011250 0.048500
v -0.153000 0.011250 0.049625
v -0.153000 0.022500 0.049625
v -0.153000 0.033750 0.049250
v -0.153000 0.033750 0.049625
v -0.153000 0.011250 0.049250
v -0.153000 0.011250 0.048875
v -0.153000 0.022500 0.048875
v -0.153000 -0.022500 0.049625
v -0.153000 -0.011250 0.049250
v -0.153000 -0.011250 0.049625
v -0.153000 -0.022500 0.047375
v -0.153000 -0.033750 0.047750
v -0.153000 -0.033750 0.047375
v -0.153000 -0.011250 0.047750
v -0.153000 -0.011250 0.048125
v -0.153000 -0.022500 0.048125
v -0.153000 0.022500 0.047375
v -0.153000 0.011250 0.047750
v -0.153000 0.011250 0.047375
v -0.303000 0.037500 0.049625
v -0.328000 0.036250 0.049250
v -0.328000 0.036250 0.049625
v -0.278000 0.038750 0.049250
v -0.278000 0.038750 0.048875
v -0.303000 0.037500 0.048875
v -0.203000 0.042500 0.049625
v -0.228000 0.041250 0.049250
v -0.228000 0.041250 0.049625
v -0.203000 0.042500 0.047375
v -0.178000 0.043750 0.047750
v -0.178000 0.043750 0.047375
v -0.228000 0.041250 0.047750
v -0.228000 0.041250 0.048125
v -0.203000 0.042500 0.048125
v -0.303000 0.037500 0.047375
v -0.278000 0.038750 0.047750
v -0.278000 0.038750 0.047375
v -0.353000 -0.017500 0.049625
v -0.353000 -0.026250 0.049250
v -0.353000 -0.026250 0.049625
v -0.353000 -0.008750 0.049250
v -0.353000 -0.008750 0.048875
v -0.353000 -0.017500 0.048875
v -0.353000 0.017500 0.049625
v -0.353000 0.008750 0.049250
v -0.353000 0.008750 0.049625
v -0.353000 0.017500 0.047375
v -0.353000 0.026250 0.047750
v -0.353000 0.026250 0.047375
v -0.353000 0.008750 0.047750
v -0.353000 0.008750 0.048125
v -0.353000 0.017500 0.048125
v -0.353000 -0.017500 0.047375
v -0.353000 -0.008750 0.047750
v -0.353000 -0.008750 0.047375
v -0.203000 -0.042500 0.049625
v -0.178000 -0.043750 0.049250
v -0.178000 -0.043750 0.049625
v -0.228000 -0.041250 0.049250
v -0.228000 -0.041250 0.048875
v -0.203000 -0.042500 0.048875
v -0.303000 -0.037500 0.049625
v -0.278000 -0.038750 0.049250
v -0.278000 -0.038750 0.049625
v -0.303000 -0.037500 0.047375
v -0.328000 -0.036250 0.047750
v -0.328000 -0.036250 0.047375
v -0.278000 -0.038750 0.047750
v -0.278000 -0.038750 0.048125
v -0.303000 -0.037500 0.048125
v -0.203000 -0.042500 0.047375
v -0.228000 -0.041250 0.047750
v -0.228000 -0.041250 0.047375
v -0.203000 -0.031250 0.047000
v -0.178000 -0.021250 0.047000
v -0.178000 -0.032500 0.047000
v -0.228000 -0.018750 0.047000
v -0.228000 -0.007500 0.047000
v -0.203000 -0.008750 0.047000
v -0.303000 -0.026250 0.047000
v -0.278000 -0.016250 0.047000
v -0.278000 -0.027500 0.047000
v -0.303000 0.028750 0.047000
v -0.328000 0.018750 0.047000
v -0.328000 0.027500 0.047000
v -0.278000 0.021250 0.047000
v -0.278000 0.012500 0.047000
v -0.303000 0.011250 0.047000
v -0.203000 0.033750 0.047000
v -0.228000 0.023750 0.047000
v -0.228000 0.032500 0.047000
v -0.203000 0.031250 0.050000
v -0.178000 0.021250 0.050000
v -0.178000 0.032500 0.050000
v -0.228000 0.018750 0.050000
v -0.228000 0.007500 0.050000
v -0.203000 0.008750 0.050000
v -0.303000 0.026250 0.050000
v -0.278000 0.016250 0.050000
v -0.278000 0.027500 0.050000
v -0.303000 -0.028750 0.050000
v -0.328000 -0.018750 0.050000
v -0.328000 -0.027500 0.050000
v -0.278000 -0.021250 0.050000
v -0.278000 -0.012500 0.050000
v -0.303000 -0.011250 0.050000
v -0.203000 -0.033750 0.050000
v -0.228000 -0.023750 0.050000
v -0.228000 -0.032500 0.050000
v -0.303000 0.006250 0.050000
v -0.328000 0.016250 0.050000
v -0.328000 0.007500 0.050000
v -0.203000 -0.013750 0.050000
v -0.178000 -0.023750 0.050000
v -0.178000 -0.012500 0.050000
v -0.303000 -0.006250 0.047000
v -0.328000 -0.016250 0.047000
v -0.328000 -0.007500 0.047000
v -0.203000 0.013750 0.047000
v -0.178000 0.023750 0.047000
v -0.178000 0.012500 0.047000
v -0.303000 -0.037500 0.048875
v -0.328000 -0.036250 0.049250
v -0.328000 -0.036250 0.048875
v -0.203000 -0.042500 0.048125
v -0.178000 -0.043750 0.047750
v -0.178000 -0.043750 0.048125
v -0.353000 0.017500 0.048875
v -0.353000 0.026250 0.049250
v -0.353000 0.026250 0.048875
v -0.353000 -0.017500 0.048125
v -0.353000 -0.026250 0.047750
v -0.353000 -0.026250 0.048125
v -0.203000 0.042500 0.048875
v -0.178000 0.043750 0.049250
v -0.178000 0.043750 0.048875
v -0.303000 0.037500 0.048125
v -0.328000 0.036250 0.047750
v -0.328000 0.036250 0.048125
v -0.153000 -0.022500 0.048875
v -0.153000 -0.033750 0.049250
v -0.153000 -0.033750 0.048875
v -0.153000 0.022500 0.048125
v -0.153000 0.033750 0.047750
v -0.153000 0.033750 0.048125
s 0
f 387 575 576
f 389 577 486
f 391 579 488
f 388 485 578
f 393 581 490
f 392 489 580
f 390 487 591
f 394 491 501
f 387 583 586
f 393 502 496
f 389 494 588
f 392 582 498
f 408 593 516
f 408 594 593
f 402 564 523
f 408 596 570
f 408 597 596
f 404 512 526
f 406 599 514
f 406 600 599
f 412 520 529
f 406 602 568
f 406 603 602
f 403 565 532
f 411 605 519
f 411 606 605
f 401 509 535
f 411 608 573
f 411 609 608
f 397 505 538
f 400 611 562
f 400 612 611
f 399 507 541
f 400 614 508
f 400 615 614
f 401 563 544
f 398 617 560
f 398 618 617
f 395 503 547
f 398 620 506
f 398 621 620
f 399 561 550
f 396 623 504
f 396 624 623
f 397 559 553
f 396 626 558
f 396 627 626
f 395 557 556
f 484 629 628
f 484 630 629
f 413 485 631
f 482 632 554
f 482 633 632
f 483 555 634
f 414 635 486
f 414 636 635
f 482 554 637
f 481 638 625
f 481 639 638
f 415 487 640
f 479 641 551
f 479 642 641
f 480 552 643
f 432 644 576
f 432 645 644
f 479 551 646
f 478 647 622
f 478 648 647
f 417 489 649
f 476 650 548
f 476 651 650
f 477 549 652
f 434 653 578
f 434 654 653
f 476 548 655
f 475 656 619
f 475 657 656
f 431 575 658
f 473 659 545
f 473 660 659
f 474 546 661
f 416 662 488
f 416 663 662
f 473 545 664
f 472 665 616
f 472 666 665
f 419 491 667
f 470 668 542
f 470 669 668
f 471 543 670
f 436 671 580
f 436 672 671
f 470 542 673
f 469 674 613
f 469 675 674
f 435 579 676
f 467 677 539
f 467 678 677
f 468 540 679
f 418 680 490
f 418 681 680
f 467 539 682
f 466 683 610
f 466 684 683
f 433 577 685
f 464 686 536
f 464 687 686
f 465 537 688
f 429 689 501
f 429 690 689
f 464 536 691
f 463 692 607
f 463 693 692
f 437 581 694
f 461 695 533
f 461 696 695
f 462 534 697
f 447 698 591
f 447 699 698
f 461 533 700
f 460 701 604
f 460 702 701
f 421 493 703
f 458 704 530
f 458 705 704
f 459 531 706
f 424 707 496
f 424 708 707
f 458 530 709
f 457 710 601
f 457 711 710
f 448 592 712
f 455 713 527
f 455 714 713
f 456 528 715
f 442 716 586
f 442 717 716
f 455 527 718
f 454 719 598
f 454 720 719
f 440 584 721
f 452 722 524
f 452 723 722
f 453 525 724
f 426 725 498
f 426 726 725
f 452 524 727
f 451 728 595
f 451 729 728
f 420 492 730
f 449 731 521
f 449 732 731
f 450 522 733
f 444 734 588
f 444 735 734
f 449 521 736
f 426 737 570
f 426 738 737
f 438 510 739
f 444 740 516
f 444 741 740
f 422 566 742
f 424 743 568
f 424 744 743
f 430 574 745
f 442 746 514
f 442 747 746
f 439 511 748
f 429 749 573
f 429 750 749
f 419 563 751
f 447 752 519
f 447 753 752
f 415 559 754
f 436 755 508
f 436 756 755
f 417 561 757
f 418 758 562
f 418 759 758
f 437 509 760
f 434 761 506
f 434 762 761
f 413 557 763
f 416 764 560
f 416 765 764
f 435 507 766
f 414 767 558
f 414 768 767
f 433 505 769
f 432 770 504
f 432 771 770
f 431 503 772
f 772 555 483
f 772 503 555
f 503 395 555
f 770 772 483
f 770 771 772
f 771 431 772
f 504 627 396
f 504 770 627
f 770 483 627
f 769 552 480
f 769 505 552
f 505 397 552
f 767 769 480
f 767 768 769
f 768 433 769
f 558 624 396
f 558 767 624
f 767 480 624
f 766 549 477
f 766 507 549
f 507 399 549
f 764 766 477
f 764 765 766
f 765 435 766
f 560 621 398
f 560 764 621
f 764 477 621
f 763 546 474
f 763 557 546
f 557 395 546
f 761 763 474
f 761 762 763
f 762 413 763
f 506 618 398
f 506 761 618
f 761 474 618
f 760 543 471
f 760 509 543
f 509 401 543
f 758 760 471
f 758 759 760
f 759 437 760
f 562 615 400
f 562 758 615
f 758 471 615
f 757 540 468
f 757 561 540
f 561 399 540
f 755 757 468
f 755 756 757
f 756 417 757
f 508 612 400
f 508 755 612
f 755 468 612
f 754 537 465
f 754 559 537
f 559 397 537
f 752 754 465
f 752 753 754
f 753 415 754
f 519 609 411
f 519 752 609
f 752 465 609
f 751 534 462
f 751 563 534
f 563 401 534
f 749 751 462
f 749 750 751
f 750 419 751
f 573 606 411
f 573 749 606
f 749 462 606
f 748 531 459
f 748 511 531
f 511 403 531
f 746 748 459
f 746 747 748
f 747 439 748
f 514 603 406
f 514 746 603
f 746 459 603
f 745 528 456
f 745 574 528
f 574 412 528
f 743 745 456
f 743 744 745
f 744 430 745
f 568 600 406
f 568 743 600
f 743 456 600
f 742 525 453
f 742 566 525
f 566 404 525
f 740 742 453
f 740 741 742
f 741 422 742
f 516 597 408
f 516 740 597
f 740 453 597
f 739 522 450
f 739 510 522
f 510 402 522
f 737 739 450
f 737 738 739
f 738 438 739
f 570 594 408
f 570 737 594
f 737 450 594
f 736 517 445
f 736 521 517
f 521 409 517
f 734 736 445
f 734 735 736
f 735 449 736
f 588 589 389
f 588 734 589
f 734 445 589
f 733 523 451
f 733 522 523
f 522 402 523
f 731 733 451
f 731 732 733
f 732 450 733
f 521 595 409
f 521 731 595
f 731 451 595
f 730 499 427
f 730 492 499
f 492 394 499
f 728 730 427
f 728 729 730
f 729 420 730
f 595 571 409
f 595 728 571
f 728 427 571
f 727 569 425
f 727 524 569
f 524 407 569
f 725 727 425
f 725 726 727
f 726 452 727
f 498 497 392
f 498 725 497
f 725 425 497
f 724 526 454
f 724 525 526
f 525 404 526
f 722 724 454
f 722 723 724
f 723 453 724
f 524 598 407
f 524 722 598
f 722 454 598
f 721 587 443
f 721 584 587
f 584 388 587
f 719 721 443
f 719 720 721
f 720 440 721
f 598 515 407
f 598 719 515
f 719 443 515
f 718 513 441
f 718 527 513
f 527 405 513
f 716 718 441
f 716 717 718
f 717 455 718
f 586 585 387
f 586 716 585
f 716 441 585
f 715 529 457
f 715 528 529
f 528 412 529
f 713 715 457
f 713 714 715
f 714 456 715
f 527 601 405
f 527 713 601
f 713 457 601
f 712 495 423
f 712 592 495
f 592 391 495
f 710 712 423
f 710 711 712
f 711 448 712
f 601 567 405
f 601 710 567
f 710 423 567
f 709 572 428
f 709 530 572
f 530 410 572
f 707 709 428
f 707 708 709
f 708 458 709
f 496 500 393
f 496 707 500
f 707 428 500
f 706 532 460
f 706 531 532
f 531 403 532
f 704 706 460
f 704 705 706
f 705 459 706
f 530 604 410
f 530 704 604
f 704 460 604
f 703 590 446
f 703 493 590
f 493 390 590
f 701 703 446
f 701 702 703
f 702 421 703
f 604 518 410
f 604 701 518
f 701 446 518
f 700 518 446
f 700 533 518
f 533 410 518
f 698 700 446
f 698 699 700
f 699 461 700
f 591 590 390
f 591 698 590
f 698 446 590
f 697 535 463
f 697 534 535
f 534 401 535
f 695 697 463
f 695 696 697
f 696 462 697
f 533 607 410
f 533 695 607
f 695 463 607
f 694 500 428
f 694 581 500
f 581 393 500
f 692 694 428
f 692 693 694
f 693 437 694
f 607 572 410
f 607 692 572
f 692 428 572
f 691 571 427
f 691 536 571
f 536 409 571
f 689 691 427
f 689 690 691
f 690 464 691
f 501 499 394
f 501 689 499
f 689 427 499
f 688 538 466
f 688 537 538
f 537 397 538
f 686 688 466
f 686 687 688
f 687 465 688
f 536 610 409
f 536 686 610
f 686 466 610
f 685 589 445
f 685 577 589
f 577 389 589
f 683 685 445
f 683 684 685
f 684 433 685
f 610 517 409
f 610 683 517
f 683 445 517
f 682 574 430
f 682 539 574
f 539 412 574
f 680 682 430
f 680 681 682
f 681 467 682
f 490 502 393
f 490 680 502
f 680 430 502
f 679 541 469
f 679 540 541
f 540 399 541
f 677 679 469
f 677 678 679
f 678 468 679
f 539 613 412
f 539 677 613
f 677 469 613
f 676 592 448
f 676 579 592
f 579 391 592
f 674 676 448
f 674 675 676
f 675 435 676
f 613 520 412
f 613 674 520
f 674 448 520
f 673 510 438
f 673 542 510
f 542 402 510
f 671 673 438
f 671 672 673
f 672 470 673
f 580 582 392
f 580 671 582
f 671 438 582
f 670 544 472
f 670 543 544
f 543 401 544
f 668 670 472
f 668 669 670
f 669 471 670
f 542 616 402
f 542 668 616
f 668 472 616
f 667 492 420
f 667 491 492
f 491 394 492
f 665 667 420
f 665 666 667
f 666 419 667
f 616 564 402
f 616 665 564
f 665 420 564
f 664 567 423
f 664 545 567
f 545 405 567
f 662 664 423
f 662 663 664
f 663 473 664
f 488 495 391
f 488 662 495
f 662 423 495
f 661 547 475
f 661 546 547
f 546 395 547
f 659 661 475
f 659 660 661
f 660 474 661
f 545 619 405
f 545 659 619
f 659 475 619
f 658 585 441
f 658 575 585
f 575 387 585
f 656 658 441
f 656 657 658
f 657 431 658
f 619 513 405
f 619 656 513
f 656 441 513
f 655 515 443
f 655 548 515
f 548 407 515
f 653 655 443
f 653 654 655
f 654 476 655
f 578 587 388
f 578 653 587
f 653 443 587
f 652 550 478
f 652 549 550
f 549 399 550
f 650 652 478
f 650 651 652
f 651 477 652
f 548 622 407
f 548 650 622
f 650 478 622
f 649 497 425
f 649 489 497
f 489 392 497
f 647 649 425
f 647 648 649
f 648 417 649
f 622 569 407
f 622 647 569
f 647 425 569
f 646 511 439
f 646 551 511
f 551 403 511
f 644 646 439
f 644 645 646
f 645 479 646
f 576 583 387
f 576 644 583
f 644 439 583
f 643 553 481
f 643 552 553
f 552 397 553
f 641 643 481
f 641 642 643
f 642 480 643
f 551 625 403
f 551 641 625
f 641 481 625
f 640 493 421
f 640 487 493
f 487 390 493
f 638 640 421
f 638 639 640
f 639 415 640
f 625 565 403
f 625 638 565
f 638 421 565
f 637 566 422
f 637 554 566
f 554 404 566
f 635 637 422
f 635 636 637
f 636 482 637
f 486 494 389
f 486 635 494
f 635 422 494
f 634 556 484
f 634 555 556
f 555 395 556
f 632 634 484
f 632 633 634
f 633 483 634
f 554 628 404
f 554 632 628
f 632 484 628
f 631 584 440
f 631 485 584
f 485 388 584
f 629 631 440
f 629 630 631
f 630 413 631
f 628 512 404
f 628 629 512
f 629 440 512
f 556 630 484
f 556 557 630
f 557 413 630
f 626 633 482
f 626 627 633
f 627 483 633
f 558 636 414
f 558 626 636
f 626 482 636
f 553 639 481
f 553 559 639
f 559 415 639
f 623 642 479
f 623 624 642
f 624 480 642
f 504 645 432
f 504 623 645
f 623 479 645
f 550 648 478
f 550 561 648
f 561 417 648
f 620 651 476
f 620 621 651
f 621 477 651
f 506 654 434
f 506 620 654
f 620 476 654
f 547 657 475
f 547 503 657
f 503 431 657
f 617 660 473
f 617 618 660
f 618 474 660
f 560 663 416
f 560 617 663
f 617 473 663
f 544 666 472
f 544 563 666
f 563 419 666
f 614 669 470
f 614 615 669
f 615 471 669
f 508 672 436
f 508 614 672
f 614 470 672
f 541 675 469
f 541 507 675
f 507 435 675
f 611 678 467
f 611 612 678
f 612 468 678
f 562 681 418
f 562 611 681
f 611 467 681
f 538 684 466
f 538 505 684
f 505 433 684
f 608 687 464
f 608 609 687
f 609 465 687
f 573 690 429
f 573 608 690
f 608 464 690
f 535 693 463
f 535 509 693
f 509 437 693
f 605 696 461
f 605 606 696
f 606 462 696
f 519 699 447
f 519 605 699
f 605 461 699
f 532 702 460
f 532 565 702
f 565 421 702
f 602 705 458
f 602 603 705
f 603 459 705
f 568 708 424
f 568 602 708
f 602 458 708
f 529 711 457
f 529 520 711
f 520 448 711
f 599 714 455
f 599 600 714
f 600 456 714
f 514 717 442
f 514 599 717
f 599 455 717
f 526 720 454
f 526 512 720
f 512 440 720
f 596 723 452
f 596 597 723
f 597 453 723
f 570 726 426
f 570 596 726
f 596 452 726
f 523 729 451
f 523 564 729
f 564 420 729
f 593 732 449
f 593 594 732
f 594 450 732
f 516 735 444
f 516 593 735
f 593 449 735
f 498 738 426
f 498 582 738
f 582 438 738
f 588 741 444
f 588 494 741
f 494 422 741
f 496 744 424
f 496 502 744
f 502 430 744
f 586 747 442
f 586 583 747
f 583 439 747
f 501 750 429
f 501 491 750
f 491 419 750
f 591 753 447
f 591 487 753
f 487 415 753
f 580 756 436
f 580 489 756
f 489 417 756
f 490 759 418
f 490 581 759
f 581 437 759
f 578 762 434
f 578 485 762
f 485 413 762
f 488 765 416
f 488 579 765
f 579 435 765
f 486 768 414
f 486 577 768
f 577 433 768
f 576 771 432
f 576 575 771
f 575 431 771
o wing_left.003
v -0.153000 -0.047000 0.045000
v -0.153000 -0.050000 0.045000
v -0.153000 -0.050000 -0.045000
v -0.153000 -0.047000 -0.045000
v -0.353000 -0.047000 0.035000
v -0.353000 -0.050000 0.035000
v -0.353000 -0.047000 -0.035000
v -0.353000 -0.050000 -0.035000
v -0.153000 -0.048500 0.045000
v -0.153000 -0.048500 0.000000
v -0.153000 -0.048500 -0.045000
v -0.253000 -0.048500 0.040000
v -0.353000 -0.048500 0.035000
v -0.353000 -0.048500 0.000000
v -0.353000 -0.048500 -0.035000
v -0.353000 -0.050000 0.000000
v -0.153000 -0.047000 0.000000
v -0.153000 -0.050000 0.000000
v -0.253000 -0.047000 0.040000
v -0.253000 -0.047000 0.005000
v -0.253000 -0.050000 0.040000
v -0.253000 -0.050000 -0.005000
v -0.253000 -0.050000 -0.040000
v -0.253000 -0.047000 -0.040000
v -0.253000 -0.048500 -0.040000
v -0.353000 -0.047000 0.000000
v -0.153000 -0.049250 0.045000
v -0.153000 -0.049250 -0.022500
v -0.153000 -0.047750 -0.045000
v -0.303000 -0.047750 0.037500
v -0.353000 -0.049250 0.035000
v -0.353000 -0.047750 -0.017500
v -0.353000 -0.049250 -0.035000
v -0.353000 -0.050000 -0.017500
v -0.153000 -0.047000 -0.022500
v -0.153000 -0.050000 -0.022500
v -0.303000 -0.047000 0.037500
v -0.303000 -0.047000 -0.015000
v -0.303000 -0.050000 0.037500
v -0.303000 -0.050000 0.015000
v -0.303000 -0.050000 -0.037500
v -0.303000 -0.047000 -0.037500
v -0.303000 -0.049250 -0.037500
v -0.353000 -0.047000 -0.017500
v -0.153000 -0.047750 0.045000
v -0.153000 -0.047750 0.022500
v -0.153000 -0.049250 -0.045000
v -0.203000 -0.049250 0.042500
v -0.353000 -0.047750 0.035000
v -0.353000 -0.049250 0.017500
v -0.353000 -0.047750 -0.035000
v -0.353000 -0.050000 0.017500
v -0.153000 -0.047000 0.022500
v -0.153000 -0.050000 0.022500
v -0.203000 -0.047000 0.042500
v -0.203000 -0.047000 0.025000
v -0.203000 -0.050000 0.042500
v -0.203000 -0.050000 -0.025000
v -0.203000 -0.050000 -0.042500
v -0.203000 -0.047000 -0.042500
v -0.203000 -0.047750 -0.042500
v -0.353000 -0.047000 0.017500
v -0.253000 -0.050000 -0.022500
v -0.303000 -0.050000 -0.002500
v -0.303000 -0.050000 -0.020000
v -0.253000 -0.050000 0.017500
v -0.203000 -0.050000 -0.002500
v -0.203000 -0.050000 0.020000
v -0.253000 -0.047000 0.022500
v -0.303000 -0.047000 0.002500
v -0.303000 -0.047000 0.020000
v -0.253000 -0.047000 -0.017500
v -0.203000 -0.047000 0.002500
v -0.203000 -0.047000 -0.020000
v -0.253000 -0.047750 -0.040000
v -0.303000 -0.048500 -0.037500
v -0.303000 -0.047750 -0.037500
v -0.253000 -0.049250 -0.040000
v -0.203000 -0.048500 -0.042500
v -0.203000 -0.049250 -0.042500
v -0.353000 -0.047750 0.000000
v -0.353000 -0.048500 0.017500
v -0.353000 -0.047750 0.017500
v -0.353000 -0.049250 0.000000
v -0.353000 -0.048500 -0.017500
v -0.353000 -0.049250 -0.017500
v -0.253000 -0.047750 0.040000
v -0.203000 -0.048500 0.042500
v -0.203000 -0.047750 0.042500
v -0.253000 -0.049250 0.040000
v -0.303000 -0.048500 0.037500
v -0.303000 -0.049250 0.037500
v -0.153000 -0.047750 0.000000
v -0.153000 -0.048500 -0.022500
v -0.153000 -0.047750 -0.022500
v -0.153000 -0.049250 0.000000
v -0.153000 -0.048500 0.022500
v -0.153000 -0.049250 0.022500
v -0.153000 -0.049625 0.045000
v -0.153000 -0.049625 -0.033750
v -0.153000 -0.047375 -0.045000
v -0.328000 -0.047375 0.036250
v -0.353000 -0.049625 0.035000
v -0.353000 -0.047375 -0.026250
v -0.353000 -0.049625 -0.035000
v -0.353000 -0.050000 -0.026250
v -0.153000 -0.047000 -0.033750
v -0.153000 -0.050000 -0.033750
v -0.328000 -0.047000 0.036250
v -0.328000 -0.047000 -0.025000
v -0.328000 -0.050000 0.036250
v -0.328000 -0.050000 0.025000
v -0.328000 -0.050000 -0.036250
v -0.328000 -0.047000 -0.036250
v -0.328000 -0.049625 -0.036250
v -0.353000 -0.047000 -0.026250
v -0.153000 -0.048125 0.045000
v -0.153000 -0.048125 0.011250
v -0.153000 -0.048875 -0.045000
v -0.228000 -0.048875 0.041250
v -0.353000 -0.048125 0.035000
v -0.353000 -0.048875 0.008750
v -0.353000 -0.048125 -0.035000
v -0.353000 -0.050000 0.008750
v -0.153000 -0.047000 0.011250
v -0.153000 -0.050000 0.011250
v -0.228000 -0.047000 0.041250
v -0.228000 -0.047000 0.015000
v -0.228000 -0.050000 0.041250
v -0.228000 -0.050000 -0.015000
v -0.228000 -0.050000 -0.041250
v -0.228000 -0.047000 -0.041250
v -0.228000 -0.048125 -0.041250
v -0.353000 -0.047000 0.008750
v -0.253000 -0.050000 -0.031250
v -0.328000 -0.050000 -0.001250
v -0.328000 -0.050000 -0.010000
v -0.253000 -0.050000 0.028750
v -0.178000 -0.050000 -0.001250
v -0.178000 -0.050000 0.010000
v -0.253000 -0.047000 0.031250
v -0.328000 -0.047000 0.001250
v -0.328000 -0.047000 0.010000
v -0.253000 -0.047000 -0.028750
v -0.178000 -0.047000 0.001250
v -0.178000 -0.047000 -0.010000
v -0.253000 -0.047375 -0.040000
v -0.328000 -0.048500 -0.036250
v -0.328000 -0.048125 -0.036250
v -0.253000 -0.049625 -0.040000
v -0.178000 -0.048500 -0.043750
v -0.178000 -0.048875 -0.043750
v -0.353000 -0.047375 0.000000
v -0.353000 -0.048500 0.026250
v -0.353000 -0.048125 0.026250
v -0.353000 -0.049625 0.000000
v -0.353000 -0.048500 -0.026250
v -0.353000 -0.048875 -0.026250
v -0.253000 -0.047375 0.040000
v -0.178000 -0.048500 0.043750
v -0.178000 -0.048125 0.043750
v -0.253000 -0.049625 0.040000
v -0.328000 -0.048500 0.036250
v -0.328000 -0.048875 0.036250
v -0.153000 -0.047375 0.000000
v -0.153000 -0.048500 -0.033750
v -0.153000 -0.048125 -0.033750
v -0.153000 -0.049625 0.000000
v -0.153000 -0.048500 0.033750
v -0.153000 -0.048875 0.033750
v -0.153000 -0.048875 0.045000
v -0.153000 -0.048875 -0.011250
v -0.153000 -0.048125 -0.045000
v -0.278000 -0.048125 0.038750
v -0.353000 -0.048875 0.035000
v -0.353000 -0.048125 -0.008750
v -0.353000 -0.048875 -0.035000
v -0.353000 -0.050000 -0.008750
v -0.153000 -0.047000 -0.011250
v -0.153000 -0.050000 -0.011250
v -0.278000 -0.047000 0.038750
v -0.278000 -0.047000 -0.005000
v -0.278000 -0.050000 0.038750
v -0.278000 -0.050000 0.005000
v -0.278000 -0.050000 -0.038750
v -0.278000 -0.047000 -0.038750
v -0.278000 -0.048875 -0.038750
v -0.353000 -0.047000 -0.008750
v -0.153000 -0.047375 0.045000
v -0.153000 -0.047375 0.033750
v -0.153000 -0.049625 -0.045000
v -0.178000 -0.049625 0.043750
v -0.353000 -0.047375 0.035000
v -0.353000 -0.049625 0.026250
v -0.353000 -0.047375 -0.035000
v -0.353000 -0.050000 0.026250
v -0.153000 -0.047000 0.033750
v -0.153000 -0.050000 0.033750
v -0.178000 -0.047000 0.043750
v -0.178000 -0.047000 0.035000
v -0.178000 -0.050000 0.043750
v -0.178000 -0.050000 -0.035000
v -0.178000 -0.050000 -0.043750
v -0.178000 -0.047000 -0.043750
v -0.178000 -0.047375 -0.043750
v -0.353000 -0.047000 0.026250
v -0.253000 -0.050000 -0.013750
v -0.278000 -0.050000 -0.003750
v -0.278000 -0.050000 -0.030000
v -0.253000 -0.050000 0.006250
v -0.228000 -0.050000 -0.003750
v -0.228000 -0.050000 0.030000
v -0.253000 -0.047000 0.013750
v -0.278000 -0.047000 0.003750
v -0.278000 -0.047000 0.030000
v -0.253000 -0.047000 -0.006250
v -0.228000 -0.047000 0.003750
v -0.228000 -0.047000 -0.030000
v -0.253000 -0.048125 -0.040000
v -0.278000 -0.048500 -0.038750
v -0.278000 -0.047375 -0.038750
v -0.253000 -0.048875 -0.040000
v -0.228000 -0.048500 -0.041250
v -0.228000 -0.049625 -0.041250
v -0.353000 -0.048125 0.000000
v -0.353000 -0.048500 0.008750
v -0.353000 -0.047375 0.008750
v -0.353000 -0.048875 0.000000
v -0.353000 -0.048500 -0.008750
v -0.353000 -0.049625 -0.008750
v -0.253000 -0.048125 0.040000
v -0.228000 -0.048500 0.041250
v -0.228000 -0.047375 0.041250
v -0.253000 -0.048875 0.040000
v -0.278000 -0.048500 0.038750
v -0.278000 -0.049625 0.038750
v -0.153000 -0.048125 0.000000
v -0.153000 -0.048500 -0.011250
v -0.153000 -0.047375 -0.011250
v -0.153000 -0.048875 0.000000
v -0.153000 -0.048500 0.011250
v -0.153000 -0.049625 0.011250
v -0.153000 -0.049625 0.022500
v -0.153000 -0.049250 0.033750
v -0.153000 -0.049625 0.033750
v -0.153000 -0.049250 0.011250
v -0.153000 -0.048875 0.011250
v -0.153000 -0.048875 0.022500
v -0.153000 -0.049625 -0.022500
v -0.153000 -0.049250 -0.011250
v -0.153000 -0.049625 -0.011250
v -0.153000 -0.047375 -0.022500
v -0.153000 -0.047750 -0.033750
v -0.153000 -0.047375 -0.033750
v -0.153000 -0.047750 -0.011250
v -0.153000 -0.048125 -0.011250
v -0.153000 -0.048125 -0.022500
v -0.153000 -0.047375 0.022500
v -0.153000 -0.047750 0.011250
v -0.153000 -0.047375 0.011250
v -0.303000 -0.049625 0.037500
v -0.328000 -0.049250 0.036250
v -0.328000 -0.049625 0.036250
v -0.278000 -0.049250 0.038750
v -0.278000 -0.048875 0.038750
v -0.303000 -0.048875 0.037500
v -0.203000 -0.049625 0.042500
v -0.228000 -0.049250 0.041250
v -0.228000 -0.049625 0.041250
v -0.203000 -0.047375 0.042500
v -0.178000 -0.047750 0.043750
v -0.178000 -0.047375 0.043750
v -0.228000 -0.047750 0.041250
v -0.228000 -0.048125 0.041250
v -0.203000 -0.048125 0.042500
v -0.303000 -0.047375 0.037500
v -0.278000 -0.047750 0.038750
v -0.278000 -0.047375 0.038750
v -0.353000 -0.049625 -0.017500
v -0.353000 -0.049250 -0.026250
v -0.353000 -0.049625 -0.026250
v -0.353000 -0.049250 -0.008750
v -0.353000 -0.048875 -0.008750
v -0.353000 -0.048875 -0.017500
v -0.353000 -0.049625 0.017500
v -0.353000 -0.049250 0.008750
v -0.353000 -0.049625 0.008750
v -0.353000 -0.047375 0.017500
v -0.353000 -0.047750 0.026250
v -0.353000 -0.047375 0.026250
v -0.353000 -0.047750 0.008750
v -0.353000 -0.048125 0.008750
v -0.353000 -0.048125 0.017500
v -0.353000 -0.047375 -0.017500
v -0.353000 -0.047750 -0.008750
v -0.353000 -0.047375 -0.008750
v -0.203000 -0.049625 -0.042500
v -0.178000 -0.049250 -0.043750
v -0.178000 -0.049625 -0.043750
v -0.228000 -0.049250 -0.041250
v -0.228000 -0.048875 -0.041250
v -0.203000 -0.048875 -0.042500
v -0.303000 -0.049625 -0.037500
v -0.278000 -0.049250 -0.038750
v -0.278000 -0.049625 -0.038750
v -0.303000 -0.047375 -0.037500
v -0.328000 -0.047750 -0.036250
v -0.328000 -0.047375 -0.036250
v -0.278000 -0.047750 -0.038750
v -0.278000 -0.048125 -0.038750
v -0.303000 -0.048125 -0.037500
v -0.203000 -0.047375 -0.042500
v -0.228000 -0.047750 -0.041250
v -0.228000 -0.047375 -0.041250
v -0.203000 -0.047000 -0.031250
v -0.178000 -0.047000 -0.021250
v -0.178000 -0.047000 -0.032500
v -0.228000 -0.047000 -0.018750
v -0.228000 -0.047000 -0.007500
v -0.203000 -0.047000 -0.008750
v -0.303000 -0.047000 -0.026250
v -0.278000 -0.047000 -0.016250
v -0.278000 -0.047000 -0.027500
v -0.303000 -0.047000 0.028750
v -0.328000 -0.047000 0.018750
v -0.328000 -0.047000 0.027500
v -0.278000 -0.047000 0.021250
v -0.278000 -0.047000 0.012500
v -0.303000 -0.047000 0.011250
v -0.203000 -0.047000 0.033750
v -0.228000 -0.047000 0.023750
v -0.228000 -0.047000 0.032500
v -0.203000 -0.050000 0.031250
v -0.178000 -0.050000 0.021250
v -0.178000 -0.050000 0.032500
v -0.228000 -0.050000 0.018750
v -0.228000 -0.050000 0.007500
v -0.203000 -0.050000 0.008750
v -0.303000 -0.050000 0.026250
v -0.278000 -0.050000 0.016250
v -0.278000 -0.050000 0.027500
v -0.303000 -0.050000 -0.028750
v -0.328000 -0.050000 -0.018750
v -0.328000 -0.050000 -0.027500
v -0.278000 -0.050000 -0.021250
v -0.278000 -0.050000 -0.012500
v -0.303000 -0.050000 -0.011250
v -0.203000 -0.050000 -0.033750
v -0.228000 -0.050000 -0.023750
v -0.228000 -0.050000 -0.032500
v -0.303000 -0.050000 0.006250
v -0.328000 -0.050000 0.016250
v -0.328000 -0.050000 0.007500
v -0.203000 -0.050000 -0.013750
v -0.178000 -0.050000 -0.023750
v -0.178000 -0.050000 -0.012500
v -0.303000 -0.047000 -0.006250
v -0.328000 -0.047000 -0.016250
v -0.328000 -0.047000 -0.007500
v -0.203000 -0.047000 0.013750
v -0.178000 -0.047000 0.023750
v -0.178000 -0.047000 0.012500
v -0.303000 -0.048875 -0.037500
v -0.328000 -0.049250 -0.036250
v -0.328000 -0.048875 -0.036250
v -0.203000 -0.048125 -0.042500
v -0.178000 -0.047750 -0.043750
v -0.178000 -0.048125 -0.043750
v -0.353000 -0.048875 0.017500
v -0.353000 -0.049250 0.026250
v -0.353000 -0.048875 0.026250
v -0.353000 -0.048125 -0.017500
v -0.353000 -0.047750 -0.026250
v -0.353000 -0.048125 -0.026250
v -0.203000 -0.048875 0.042500
v -0.178000 -0.049250 0.043750
v -0.178000 -0.048875 0.043750
v -0.303000 -0.048125 0.037500
v -0.328000 -0.047750 0.036250
v -0.328000 -0.048125 0.036250
v -0.153000 -0.048875 -0.022500
v -0.153000 -0.049250 -0.033750
v -0.153000 -0.048875 -0.033750
v -0.153000 -0.048125 0.022500
v -0.153000 -0.047750 0.033750
v -0.153000 -0.048125 0.033750
s 0
f 773 961 962
f 775 963 872
f 777 965 874
f 774 871 964
f 779 967 876
f 778 875 966
f 776 873 977
f 780 877 887
f 773 969 972
f 779 888 882
f 775 880 974
f 778 968 884
f 794 979 902
f 794 980 979
f 788 950 909
f 794 982 956
f 794 983 982
f 790 898 912
f 792 985 900
f 792 986 985
f 798 906 915
f 792 988 954
f 792 989 988
f 789 951 918
f 797 991 905
f 797 992 991
f 787 895 921
f 797 994 959
f 797 995 994
f 783 891 924
f 786 997 948
f 786 998 997
f 785 893 927
f 786 1000 894
f 786 1001 1000
f 787 949 930
f 784 1003 946
f 784 1004 1003
f 781 889 933
f 784 1006 892
f 784 1007 1006
f 785 947 936
f 782 1009 890
f 782 1010 1009
f 783 945 939
f 782 1012 944
f 782 1013 1012
f 781 943 942
f 870 1015 1014
f 870 1016 1015
f 799 871 1017
f 868 1018 940
f 868 1019 1018
f 869 941 1020
f 800 1021 872
f 800 1022 1021
f 868 940 1023
f 867 1024 1011
f 867 1025 1024
f 801 873 1026
f 865 1027 937
f 865 1028 1027
f 866 938 1029
f 818 1030 962
f 818 1031 1030
f 865 937 1032
f 864 1033 1008
f 864 1034 1033
f 803 875 1035
f 862 1036 934
f 862 1037 1036
f 863 935 1038
f 820 1039 964
f 820 1040 1039
f 862 934 1041
f 861 1042 1005
f 861 1043 1042
f 817 961 1044
f 859 1045 931
f 859 1046 1045
f 860 932 1047
f 802 1048 874
f 802 1049 1048
f 859 931 1050
f 858 1051 1002
f 858 1052 1051
f 805 877 1053
f 856 1054 928
f 856 1055 1054
f 857 929 1056
f 822 1057 966
f 822 1058 1057
f 856 928 1059
f 855 1060 999
f 855 1061 1060
f 821 965 1062
f 853 1063 925
f 853 1064 1063
f 854 926 1065
f 804 1066 876
f 804 1067 1066
f 853 925 1068
f 852 1069 996
f 852 1070 1069
f 819 963 1071
f 850 1072 922
f 850 1073 1072
f 851 923 1074
f 815 1075 887
f 815 1076 1075
f 850 922 1077
f 849 1078 993
f 849 1079 1078
f 823 967 1080
f 847 1081 919
f 847 1082 1081
f 848 920 1083
f 833 1084 977
f 833 1085 1084
f 847 919 1086
f 846 1087 990
f 846 1088 1087
f 807 879 1089
f 844 1090 916
f 844 1091 1090
f 845 917 1092
f 810 1093 882
f 810 1094 1093
f 844 916 1095
f 843 1096 987
f 843 1097 1096
f 834 978 1098
f 841 1099 913
f 841 1100 1099
f 842 914 1101
f 828 1102 972
f 828 1103 1102
f 841 913 1104
f 840 1105 984
f 840 1106 1105
f 826 970 1107
f 838 1108 910
f 838 1109 1108
f 839 911 1110
f 812 1111 884
f 812 1112 1111
f 838 910 1113
f 837 1114 981
f 837 1115 1114
f 806 878 1116
f 835 1117 907
f 835 1118 1117
f 836 908 1119
f 830 1120 974
f 830 1121 1120
f 835 907 1122
f 812 1123 956
f 812 1124 1123
f 824 896 1125
f 830 1126 902
f 830 1127 1126
f 808 952 1128
f 810 1129 954
f 810 1130 1129
f 816 960 1131
f 828 1132 900
f 828 1133 1132
f 825 897 1134
f 815 1135 959
f 815 1136 1135
f 805 949 1137
f 833 1138 905
f 833 1139 1138
f 801 945 1140
f 822 1141 894
f 822 1142 1141
f 803 947 1143
f 804 1144 948
f 804 1145 1144
f 823 895 1146
f 820 1147 892
f 820 1148 1147
f 799 943 1149
f 802 1150 946
f 802 1151 1150
f 821 893 1152
f 800 1153 944
f 800 1154 1153
f 819 891 1155
f 818 1156 890
f 818 1157 1156
f 817 889 1158
f 1158 941 869
f 1158 889 941
f 889 781 941
f 1156 1158 869
f 1156 1157 1158
f 1157 817 1158
f 890 1013 782
f 890 1156 1013
f 1156 869 1013
f 1155 938 866
f 1155 891 938
f 891 783 938
f 1153 1155 866
f 1153 1154 1155
f 1154 819 1155
f 944 1010 782
f 944 1153 1010
f 1153 866 1010
f 1152 935 863
f 1152 893 935
f 893 785 935
f 1150 1152 863
f 1150 1151 1152
f 1151 821 1152
f 946 1007 784
f 946 1150 1007
f 1150 863 1007
f 1149 932 860
f 1149 943 932
f 943 781 932
f 1147 1149 860
f 1147 1148 1149
f 1148 799 1149
f 892 1004 784
f 892 1147 1004
f 1147 860 1004
f 1146 929 857
f 1146 895 929
f 895 787 929
f 1144 1146 857
f 1144 1145 1146
f 1145 823 1146
f 948 1001 786
f 948 1144 1001
f 1144 857 1001
f 1143 926 854
f 1143 947 926
f 947 785 926
f 1141 1143 854
f 1141 1142 1143
f 1142 803 1143
f 894 998 786
f 894 1141 998
f 1141 854 998
f 1140 923 851
f 1140 945 923
f 945 783 923
f 1138 1140 851
f 1138 1139 1140
f 1139 801 1140
f 905 995 797
f 905 1138 995
f 1138 851 995
f 1137 920 848
f 1137 949 920
f 949 787 920
f 1135 1137 848
f 1135 1136 1137
f 1136 805 1137
f 959 992 797
f 959 1135 992
f 1135 848 992
f 1134 917 845
f 1134 897 917
f 897 789 917
f 1132 1134 845
f 1132 1133 1134
f 1133 825 1134
f 900 989 792
f 900 1132 989
f 1132 845 989
f 1131 914 842
f 1131 960 914
f 960 798 914
f 1129 1131 842
f 1129 1130 1131
f 1130 816 1131
f 954 986 792
f 954 1129 986
f 1129 842 986
f 1128 911 839
f 1128 952 911
f 952 790 911
f 1126 1128 839
f 1126 1127 1128
f 1127 808 1128
f 902 983 794
f 902 1126 983
f 1126 839 983
f 1125 908 836
f 1125 896 908
f 896 788 908
f 1123 1125 836
f 1123 1124 1125
f 1124 824 1125
f 956 980 794
f 956 1123 980
f 1123 836 980
f 1122 903 831
f 1122 907 903
f 907 795 903
f 1120 1122 831
f 1120 1121 1122
f 1121 835 1122
f 974 975 775
f 974 1120 975
f 1120 831 975
f 1119 909 837
f 1119 908 909
f 908 788 909
f 1117 1119 837
f 1117 1118 1119
f 1118 836 1119
f 907 981 795
f 907 1117 981
f 1117 837 981
f 1116 885 813
f 1116 878 885
f 878 780 885
f 1114 1116 813
f 1114 1115 1116
f 1115 806 1116
f 981 957 795
f 981 1114 957
f 1114 813 957
f 1113 955 811
f 1113 910 955
f 910 793 955
f 1111 1113 811
f 1111 1112 1113
f 1112 838 1113
f 884 883 778
f 884 1111 883
f 1111 811 883
f 1110 912 840
f 1110 911 912
f 911 790 912
f 1108 1110 840
f 1108 1109 1110
f 1109 839 1110
f 910 984 793
f 910 1108 984
f 1108 840 984
f 1107 973 829
f 1107 970 973
f 970 774 973
f 1105 1107 829
f 1105 1106 1107
f 1106 826 1107
f 984 901 793
f 984 1105 901
f 1105 829 901
f 1104 899 827
f 1104 913 899
f 913 791 899
f 1102 1104 827
f 1102 1103 1104
f 1103 841 1104
f 972 971 773
f 972 1102 971
f 1102 827 971
f 1101 915 843
f 1101 914 915
f 914 798 915
f 1099 1101 843
f 1099 1100 1101
f 1100 842 1101
f 913 987 791
f 913 1099 987
f 1099 843 987
f 1098 881 809
f 1098 978 881
f 978 777 881
f 1096 1098 809
f 1096 1097 1098
f 1097 834 1098
f 987 953 791
f 987 1096 953
f 1096 809 953
f 1095 958 814
f 1095 916 958
f 916 796 958
f 1093 1095 814
f 1093 1094 1095
f 1094 844 1095
f 882 886 779
f 882 1093 886
f 1093 814 886
f 1092 918 846
f 1092 917 918
f 917 789 918
f 1090 1092 846
f 1090 1091 1092
f 1091 845 1092
f 916 990 796
f 916 1090 990
f 1090 846 990
f 1089 976 832
f 1089 879 976
f 879 776 976
f 1087 1089 832
f 1087 1088 1089
f 1088 807 1089
f 990 904 796
f 990 1087 904
f 1087 832 904
f 1086 904 832
f 1086 919 904
f 919 796 904
f 1084 1086 832
f 1084 1085 1086
f 1085 847 1086
f 977 976 776
f 977 1084 976
f 1084 832 976
f 1083 921 849
f 1083 920 921
f 920 787 921
f 1081 1083 849
f 1081 1082 1083
f 1082 848 1083
f 919 993 796
f 919 1081 993
f 1081 849 993
f 1080 886 814
f 1080 967 886
f 967 779 886
f 1078 1080 814
f 1078 1079 1080
f 1079 823 1080
f 993 958 796
f 993 1078 958
f 1078 814 958
f 1077 957 813
f 1077 922 957
f 922 795 957
f 1075 1077 813
f 1075 1076 1077
f 1076 850 1077
f 887 885 780
f 887 1075 885
f 1075 813 885
f 1074 924 852
f 1074 923 924
f 923 783 924
f 1072 1074 852
f 1072 1073 1074
f 1073 851 1074
f 922 996 795
f 922 1072 996
f 1072 852 996
f 1071 975 831
f 1071 963 975
f 963 775 975
f 1069 1071 831
f 1069 1070 1071
f 1070 819 1071
f 996 903 795
f 996 1069 903
f 1069 831 903
f 1068 960 816
f 1068 925 960
f 925 798 960
f 1066 1068 816
f 1066 1067 1068
f 1067 853 1068
f 876 888 779
f 876 1066 888
f 1066 816 888
f 1065 927 855
f 1065 926 927
f 926 785 927
f 1063 1065 855
f 1063 1064 1065
f 1064 854 1065
f 925 999 798
f 925 1063 999
f 1063 855 999
f 1062 978 834
f 1062 965 978
f 965 777 978
f 1060 1062 834
f 1060 1061 1062
f 1061 821 1062
f 999 906 798
f 999 1060 906
f 1060 834 906
f 1059 896 824
f 1059 928 896
f 928 788 896
f 1057 1059 824
f 1057 1058 1059
f 1058 856 1059
f 966 968 778
f 966 1057 968
f 1057 824 968
f 1056 930 858
f 1056 929 930
f 929 787 930
f 1054 1056 858
f 1054 1055 1056
f 1055 857 1056
f 928 1002 788
f 928 1054 1002
f 1054 858 1002
f 1053 878 806
f 1053 877 878
f 877 780 878
f 1051 1053 806
f 1051 1052 1053
f 1052 805 1053
f 1002 950 788
f 1002 1051 950
f 1051 806 950
f 1050 953 809
f 1050 931 953
f 931 791 953
f 1048 1050 809
f 1048 1049 1050
f 1049 859 1050
f 874 881 777
f 874 1048 881
f 1048 809 881
f 1047 933 861
f 1047 932 933
f 932 781 933
f 1045 1047 861
f 1045 1046 1047
f 1046 860 1047
f 931 1005 791
f 931 1045 1005
f 1045 861 1005
f 1044 971 827
f 1044 961 971
f 961 773 971
f 1042 1044 827
f 1042 1043 1044
f 1043 817 1044
f 1005 899 791
f 1005 1042 899
f 1042 827 899
f 1041 901 829
f 1041 934 901
f 934 793 901
f 1039 1041 829
f 1039 1040 1041
f 1040 862 1041
f 964 973 774
f 964 1039 973
f 1039 829 973
f 1038 936 864
f 1038 935 936
f 935 785 936
f 1036 1038 864
f 1036 1037 1038
f 1037 863 1038
f 934 1008 793
f 934 1036 1008
f 1036 864 1008
f 1035 883 811
f 1035 875 883
f 875 778 883
f 1033 1035 811
f 1033 1034 1035
f 1034 803 1035
f 1008 955 793
f 1008 1033 955
f 1033 811 955
f 1032 897 825
f 1032 937 897
f 937 789 897
f 1030 1032 825
f 1030 1031 1032
f 1031 865 1032
f 962 969 773
f 962 1030 969
f 1030 825 969
f 1029 939 867
f 1029 938 939
f 938 783 939
f 1027 1029 867
f 1027 1028 1029
f 1028 866 1029
f 937 1011 789
f 937 1027 1011
f 1027 867 1011
f 1026 879 807
f 1026 873 879
f 873 776 879
f 1024 1026 807
f 1024 1025 1026
f 1025 801 1026
f 1011 951 789
f 1011 1024 951
f 1024 807 951
f 1023 952 808
f 1023 940 952
f 940 790 952
f 1021 1023 808
f 1021 1022 1023
f 1022 868 1023
f 872 880 775
f 872 1021 880
f 1021 808 880
f 1020 942 870
f 1020 941 942
f 941 781 942
f 1018 1020 870
f 1018 1019 1020
f 1019 869 1020
f 940 1014 790
f 940 1018 1014
f 1018 870 1014
f 1017 970 826
f 1017 871 970
f 871 774 970
f 1015 1017 826
f 1015 1016 1017
f 1016 799 1017
f 1014 898 790
f 1014 1015 898
f 1015 826 898
f 942 1016 870
f 942 943 1016
f 943 799 1016
f 1012 1019 868
f 1012 1013 1019
f 1013 869 1019
f 944 1022 800
f 944 1012 1022
f 1012 868 1022
f 939 1025 867
f 939 945 1025
f 945 801 1025
f 1009 1028 865
f 1009 1010 1028
f 1010 866 1028
f 890 1031 818
f 890 1009 1031
f 1009 865 1031
f 936 1034 864
f 936 947 1034
f 947 803 1034
f 1006 1037 862
f 1006 1007 1037
f 1007 863 1037
f 892 1040 820
f 892 1006 1040
f 1006 862 1040
f 933 1043 861
f 933 889 1043
f 889 817 1043
f 1003 1046 859
f 1003 1004 1046
f 1004 860 1046
f 946 1049 802
f 946 1003 1049
f 1003 859 1049
f 930 1052 858
f 930 949 1052
f 949 805 1052
f 1000 1055 856
f 1000 1001 1055
f 1001 857 1055
f 894 1058 822
f 894 1000 1058
f 1000 856 1058
f 927 1061 855
f 927 893 1061
f 893 821 1061
f 997 1064 853
f 997 998 1064
f 998 854 1064
f 948 1067 804
f 948 997 1067
f 997 853 1067
f 924 1070 852
f 924 891 1070
f 891 819 1070
f 994 1073 850
f 994 995 1073
f 995 851 1073
f 959 1076 815
f 959 994 1076
f 994 850 1076
f 921 1079 849
f 921 895 1079
f 895 823 1079
f 991 1082 847
f 991 992 1082
f 992 848 1082
f 905 1085 833
f 905 991 1085
f 991 847 1085
f 918 1088 846
f 918 951 1088
f 951 807 1088
f 988 1091 844
f 988 989 1091
f 989 845 1091
f 954 1094 810
f 954 988 1094
f 988 844 1094
f 915 1097 843
f 915 906 1097
f 906 834 1097
f 985 1100 841
f 985 986 1100
f 986 842 1100
f 900 1103 828
f 900 985 1103
f 985 841 1103
f 912 1106 840
f 912 898 1106
f 898 826 1106
f 982 1109 838
f 982 983 1109
f 983 839 1109
f 956 1112 812
f 956 982 1112
f 982 838 1112
f 909 1115 837
f 909 950 1115
f 950 806 1115
f 979 1118 835
f 979 980 1118
f 980 836 1118
f 902 1121 830
f 902 979 1121
f 979 835 1121
f 884 1124 812
f 884 968 1124
f 968 824 1124
f 974 1127 830
f 974 880 1127
f 880 808 1127
f 882 1130 810
f 882 888 1130
f 888 816 1130
f 972 1133 828
f 972 969 1133
f 969 825 1133
f 887 1136 815
f 887 877 1136
f 877 805 1136
f 977 1139 833
f 977 873 1139
f 873 801 1139
f 966 1142 822
f 966 875 1142
f 875 803 1142
f 876 1145 804
f 876 967 1145
f 967 823 1145
f 964 1148 820
f 964 871 1148
f 871 799 1148
f 874 1151 802
f 874 965 1151
f 965 821 1151
f 872 1154 800
f 872 963 1154
f 963 819 1154
f 962 1157 818
f 962 961 1157
f 961 817 1157
o wing_right.003
v -0.153000 0.047000 -0.045000
v -0.153000 0.050000 -0.045000
v -0.153000 0.050000 0.045000
v -0.153000 0.047000 0.045000
v -0.353000 0.047000 -0.035000
v -0.353000 0.050000 -0.035000
v -0.353000 0.047000 0.035000
v -0.353000 0.050000 0.035000
v -0.153000 0.048500 -0.045000
v -0.153000 0.048500 0.000000
v -0.153000 0.048500 0.045000
v -0.253000 0.048500 -0.040000
v -0.353000 0.048500 -0.035000
v -0.353000 0.048500 0.000000
v -0.353000 0.048500 0.035000
v -0.353000 0.050000 0.000000
v -0.153000 0.047000 0.000000
v -0.153000 0.050000 0.000000
v -0.253000 0.047000 -0.040000
v -0.253000 0.047000 -0.005000
v -0.253000 0.050000 -0.040000
v -0.253000 0.050000 0.005000
v -0.253000 0.050000 0.040000
v -0.253000 0.047000 0.040000
v -0.253000 0.048500 0.040000
v -0.353000 0.047000 0.000000
v -0.153000 0.049250 -0.045000
v -0.153000 0.049250 0.022500
v -0.153000 0.047750 0.045000
v -0.303000 0.047750 -0.037500
v -0.353000 0.049250 -0.035000
v -0.353000 0.047750 0.017500
v -0.353000 0.049250 0.035000
v -0.353000 0.050000 0.017500
v -0.153000 0.047000 0.022500
v -0.153000 0.050000 0.022500
v -0.303000 0.047000 -0.037500
v -0.303000 0.047000 0.015000
v -0.303000 0.050000 -0.037500
v -0.303000 0.050000 -0.015000
v -0.303000 0.050000 0.037500
v -0.303000 0.047000 0.037500
v -0.303000 0.049250 0.037500
v -0.353000 0.047000 0.017500
v -0.153000 0.047750 -0.045000
v -0.153000 0.047750 -0.022500
v -0.153000 0.049250 0.045000
v -0.203000 0.049250 -0.042500
v -0.353000 0.047750 -0.035000
v -0.353000 0.049250 -0.017500
v -0.353000 0.047750 0.035000
v -0.353000 0.050000 -0.017500
v -0.153000 0.047000 -0.022500
v -0.153000 0.050000 -0.022500
v -0.203000 0.047000 -0.042500
v -0.203000 0.047000 -0.025000
v -0.203000 0.050000 -0.042500
v -0.203000 0.050000 0.025000
v -0.203000 0.050000 0.042500
v -0.203000 0.047000 0.042500
v -0.203000 0.047750 0.042500
v -0.353000 0.047000 -0.017500
v -0.253000 0.050000 0.022500
v -0.303000 0.050000 0.002500
v -0.303000 0.050000 0.020000
v -0.253000 0.050000 -0.017500
v -0.203000 0.050000 0.002500
v -0.203000 0.050000 -0.020000
v -0.253000 0.047000 -0.022500
v -0.303000 0.047000 -0.002500
v -0.303000 0.047000 -0.020000
v -0.253000 0.047000 0.017500
v -0.203000 0.047000 -0.002500
v -0.203000 0.047000 0.020000
v -0.253000 0.047750 0.040000
v -0.303000 0.048500 0.037500
v -0.303000 0.047750 0.037500
v -0.253000 0.049250 0.040000
v -0.203000 0.048500 0.042500
v -0.203000 0.049250 0.042500
v -0.353000 0.047750 0.000000
v -0.353000 0.048500 -0.017500
v -0.353000 0.047750 -0.017500
v -0.353000 0.049250 0.000000
v -0.353000 0.048500 0.017500
v -0.353000 0.049250 0.017500
v -0.253000 0.047750 -0.040000
v -0.203000 0.048500 -0.042500
v -0.203000 0.047750 -0.042500
v -0.253000 0.049250 -0.040000
v -0.303000 0.048500 -0.037500
v -0.303000 0.049250 -0.037500
v -0.153000 0.047750 0.000000
v -0.153000 0.048500 0.022500
v -0.153000 0.047750 0.022500
v -0.153000 0.049250 0.000000
v -0.153000 0.048500 -0.022500
v -0.153000 0.049250 -0.022500
v -0.153000 0.049625 -0.045000
v -0.153000 0.049625 0.033750
v -0.153000 0.047375 0.045000
v -0.328000 0.047375 -0.036250
v -0.353000 0.049625 -0.035000
v -0.353000 0.047375 0.026250
v -0.353000 0.049625 0.035000
v -0.353000 0.050000 0.026250
v -0.153000 0.047000 0.033750
v -0.153000 0.050000 0.033750
v -0.328000 0.047000 -0.036250
v -0.328000 0.047000 0.025000
v -0.328000 0.050000 -0.036250
v -0.328000 0.050000 -0.025000
v -0.328000 0.050000 0.036250
v -0.328000 0.047000 0.036250
v -0.328000 0.049625 0.036250
v -0.353000 0.047000 0.026250
v -0.153000 0.048125 -0.045000
v -0.153000 0.048125 -0.011250
v -0.153000 0.048875 0.045000
v -0.228000 0.048875 -0.041250
v -0.353000 0.048125 -0.035000
v -0.353000 0.048875 -0.008750
v -0.353000 0.048125 0.035000
v -0.353000 0.050000 -0.008750
v -0.153000 0.047000 -0.011250
v -0.153000 0.050000 -0.011250
v -0.228000 0.047000 -0.041250
v -0.228000 0.047000 -0.015000
v -0.228000 0.050000 -0.041250
v -0.228000 0.050000 0.015000
v -0.228000 0.050000 0.041250
v -0.228000 0.047000 0.041250
v -0.228000 0.048125 0.041250
v -0.353000 0.047000 -0.008750
v -0.253000 0.050000 0.031250
v -0.328000 0.050000 0.001250
v -0.328000 0.050000 0.010000
v -0.253000 0.050000 -0.028750
v -0.178000 0.050000 0.001250
v -0.178000 0.050000 -0.010000
v -0.253000 0.047000 -0.031250
v -0.328000 0.047000 -0.001250
v -0.328000 0.047000 -0.010000
v -0.253000 0.047000 0.028750
v -0.178000 0.047000 -0.001250
v -0.178000 0.047000 0.010000
v -0.253000 0.047375 0.040000
v -0.328000 0.048500 0.036250
v -0.328000 0.048125 0.036250
v -0.253000 0.049625 0.040000
v -0.178000 0.048500 0.043750
v -0.178000 0.048875 0.043750
v -0.353000 0.047375 0.000000
v -0.353000 0.048500 -0.026250
v -0.353000 0.048125 -0.026250
v -0.353000 0.049625 0.000000
v -0.353000 0.048500 0.026250
v -0.353000 0.048875 0.026250
v -0.253000 0.047375 -0.040000
v -0.178000 0.048500 -0.043750
v -0.178000 0.048125 -0.043750
v -0.253000 0.049625 -0.040000
v -0.328000 0.048500 -0.036250
v -0.328000 0.048875 -0.036250
v -0.153000 0.047375 0.000000
v -0.153000 0.048500 0.033750
v -0.153000 0.048125 0.033750
v -0.153000 0.049625 0.000000
v -0.153000 0.048500 -0.033750
v -0.153000 0.048875 -0.033750
v -0.153000 0.048875 -0.045000
v -0.153000 0.048875 0.011250
v -0.153000 0.048125 0.045000
v -0.278000 0.048125 -0.038750
v -0.353000 0.048875 -0.035000
v -0.353000 0.048125 0.008750
v -0.353000 0.048875 0.035000
v -0.353000 0.050000 0.008750
v -0.153000 0.047000 0.011250
v -0.153000 0.050000 0.011250
v -0.278000 0.047000 -0.038750
v -0.278000 0.047000 0.005000
v -0.278000 0.050000 -0.038750
v -0.278000 0.050000 -0.005000
v -0.278000 0.050000 0.038750
v -0.278000 0.047000 0.038750
v -0.278000 0.048875 0.038750
v -0.353000 0.047000 0.008750
v -0.153000 0.047375 -0.045000
v -0.153000 0.047375 -0.033750
v -0.153000 0.049625 0.045000
v -0.178000 0.049625 -0.043750
v -0.353000 0.047375 -0.035000
v -0.353000 0.049625 -0.026250
v -0.353000 0.047375 0.035000
v -0.353000 0.050000 -0.026250
v -0.153000 0.047000 -0.033750
v -0.153000 0.050000 -0.033750
v -0.178000 0.047000 -0.043750
v -0.178000 0.047000 -0.035000
v -0.178000 0.050000 -0.043750
v -0.178000 0.050000 0.035000
v -0.178000 0.050000 0.043750
v -0.178000 0.047000 0.043750
v -0.178000 0.047375 0.043750
v -0.353000 0.047000 -0.026250
v -0.253000 0.050000 0.013750
v -0.278000 0.050000 0.003750
v -0.278000 0.050000 0.030000
v -0.253000 0.050000 -0.006250
v -0.228000 0.050000 0.003750
v -0.228000 0.050000 -0.030000
v -0.253000 0.047000 -0.013750
v -0.278000 0.047000 -0.003750
v -0.278000 0.047000 -0.030000
v -0.253000 0.047000 0.006250
v -0.228000 0.047000 -0.003750
v -0.228000 0.047000 0.030000
v -0.253000 0.048125 0.040000
v -0.278000 0.048500 0.038750
v -0.278000 0.047375 0.038750
v -0.253000 0.048875 0.040000
v -0.228000 0.048500 0.041250
v -0.228000 0.049625 0.041250
v -0.353000 0.048125 0.000000
v -0.353000 0.048500 -0.008750
v -0.353000 0.047375 -0.008750
v -0.353000 0.048875 0.000000
v -0.353000 0.048500 0.008750
v -0.353000 0.049625 0.008750
v -0.253000 0.048125 -0.040000
v -0.228000 0.048500 -0.041250
v -0.228000 0.047375 -0.041250
v -0.253000 0.048875 -0.040000
v -0.278000 0.048500 -0.038750
v -0.278000 0.049625 -0.038750
v -0.153000 0.048125 0.000000
v -0.153000 0.048500 0.011250
v -0.153000 0.047375 0.011250
v -0.153000 0.048875 0.000000
v -0.153000 0.048500 -0.011250
v -0.153000 0.049625 -0.011250
v -0.153000 0.049625 -0.022500
v -0.153000 0.049250 -0.033750
v -0.153000 0.049625 -0.033750
v -0.153000 0.049250 -0.011250
v -0.153000 0.048875 -0.011250
v -0.153000 0.048875 -0.022500
v -0.153000 0.049625 0.022500
v -0.153000 0.049250 0.011250
v -0.153000 0.049625 0.011250
v -0.153000 0.047375 0.022500
v -0.153000 0.047750 0.033750
v -0.153000 0.047375 0.033750
v -0.153000 0.047750 0.011250
v -0.153000 0.048125 0.011250
v -0.153000 0.048125 0.022500
v -0.153000 0.047375 -0.022500
v -0.153000 0.047750 -0.011250
v -0.153000 0.047375 -0.011250
v -0.303000 0.049625 -0.037500
v -0.328000 0.049250 -0.036250
v -0.328000 0.049625 -0.036250
v -0.278000 0.049250 -0.038750
v -0.278000 0.048875 -0.038750
v -0.303000 0.048875 -0.037500
v -0.203000 0.049625 -0.042500
v -0.228000 0.049250 -0.041250
v -0.228000 0.049625 -0.041250
v -0.203000 0.047375 -0.042500
v -0.178000 0.047750 -0.043750
v -0.178000 0.047375 -0.043750
v -0.228000 0.047750 -0.041250
v -0.228000 0.048125 -0.041250
v -0.203000 0.048125 -0.042500
v -0.303000 0.047375 -0.037500
v -0.278000 0.047750 -0.038750
v -0.278000 0.047375 -0.038750
v -0.353000 0.049625 0.017500
v -0.353000 0.049250 0.026250
v -0.353000 0.049625 0.026250
v -0.353000 0.049250 0.008750
v -0.353000 0.048875 0.008750
v -0.353000 0.048875 0.017500
v -0.353000 0.049625 -0.017500
v -0.353000 0.049250 -0.008750
v -0.353000 0.049625 -0.008750
v -0.353000 0.047375 -0.017500
v -0.353000 0.047750 -0.026250
v -0.353000 0.047375 -0.026250
v -0.353000 0.047750 -0.008750
v -0.353000 0.048125 -0.008750
v -0.353000 0.048125 -0.017500
v -0.353000 0.047375 0.017500
v -0.353000 0.047750 0.008750
v -0.353000 0.047375 0.008750
v -0.203000 0.049625 0.042500
v -0.178000 0.049250 0.043750
v -0.178000 0.049625 0.043750
v -0.228000 0.049250 0.041250
v -0.228000 0.048875 0.041250
v -0.203000 0.048875 0.042500
v -0.303000 0.049625 0.037500
v -0.278000 0.049250 0.038750
v -0.278000 0.049625 0.038750
v -0.303000 0.047375 0.037500
v -0.328000 0.047750 0.036250
v -0.328000 0.047375 0.036250
v -0.278000 0.047750 0.038750
v -0.278000 0.048125 0.038750
v -0.303000 0.048125 0.037500
v -0.203000 0.047375 0.042500
v -0.228000 0.047750 0.041250
v -0.228000 0.047375 0.041250
v -0.203000 0.047000 0.031250
v -0.178000 0.047000 0.021250
v -0.178000 0.047000 0.032500
v -0.228000 0.047000 0.018750
v -0.228000 0.047000 0.007500
v -0.203000 0.047000 0.008750
v -0.303000 0.047000 0.026250
v -0.278000 0.047000 0.016250
v -0.278000 0.047000 0.027500
v -0.303000 0.047000 -0.028750
v -0.328000 0.047000 -0.018750
v -0.328000 0.047000 -0.027500
v -0.278000 0.047000 -0.021250
v -0.278000 0.047000 -0.012500
v -0.303000 0.047000 -0.011250
v -0.203000 0.047000 -0.033750
v -0.228000 0.047000 -0.023750
v -0.228000 0.047000 -0.032500
v -0.203000 0.050000 -0.031250
v -0.178000 0.050000 -0.021250
v -0.178000 0.050000 -0.032500
v -0.228000 0.050000 -0.018750
v -0.228000 0.050000 -0.007500
v -0.203000 0.050000 -0.008750
v -0.303000 0.050000 -0.026250
v -0.278000 0.050000 -0.016250
v -0.278000 0.050000 -0.027500
v -0.303000 0.050000 0.028750
v -0.328000 0.050000 0.018750
v -0.328000 0.050000 0.027500
v -0.278000 0.050000 0.021250
v -0.278000 0.050000 0.012500
v -0.303000 0.050000 0.011250
v -0.203000 0.050000 0.033750
v -0.228000 0.050000 0.023750
v -0.228000 0.050000 0.032500
v -0.303000 0.050000 -0.006250
v -0.328000 0.050000 -0.016250
v -0.328000 0.050000 -0.007500
v -0.203000 0.050000 0.013750
v -0.178000 0.050000 0.023750
v -0.178000 0.050000 0.012500
v -0.303000 0.047000 0.006250
v -0.328000 0.047000 0.016250
v -0.328000 0.047000 0.007500
v -0.203000 0.047000 -0.013750
v -0.178000 0.047000 -0.023750
v -0.178000 0.047000 -0.012500
v -0.303000 0.048875 0.037500
v -0.328000 0.049250 0.036250
v -0.328000 0.048875 0.036250
v -0.203000 0.048125 0.042500
v -0.178000 0.047750 0.043750
v -0.178000 0.048125 0.043750
v -0.353000 0.048875 -0.017500
v -0.353000 0.049250 -0.026250
v -0.353000 0.048875 -0.026250
v -0.353000 0.048125 0.017500
v -0.353000 0.047750 0.026250
v -0.353000 0.048125 0.026250
v -0.203000 0.048875 -0.042500
v -0.178000 0.049250 -0.043750
v -0.178000 0.048875 -0.043750
v -0.303000 0.048125 -0.037500
v -0.328000 0.047750 -0.036250
v -0.328000 0.048125 -0.036250
v -0.153000 0.048875 0.022500
v -0.153000 0.049250 0.033750
v -0.153000 0.048875 0.033750
v -0.153000 0.048125 -0.022500
v -0.153000 0.047750 -0.033750
v -0.153000 0.048125 -0.033750
s 0
f 1159 1347 1348
f 1161 1349 1258
f 1163 1351 1260
f 1160 1257 1350
f 1165 1353 1262
f 1164 1261 1352
f 1162 1259 1363
f 1166 1263 1273
f 1159 1355 1358
f 1165 1274 1268
f 1161 1266 1360
f 1164 1354 1270
f 1180 1365 1288
f 1180 1366 1365
f 1174 1336 1295
f 1180 1368 1342
f 1180 1369 1368
f 1176 1284 1298
f 1178 1371 1286
f 1178 1372 1371
f 1184 1292 1301
f 1178 1374 1340
f 1178 1375 1374
f 1175 1337 1304
f 1183 1377 1291
f 1183 1378 1377
f 1173 1281 1307
f 1183 1380 1345
f 1183 1381 1380
f 1169 1277 1310
f 1172 1383 1334
f 1172 1384 1383
f 1171 1279 1313
f 1172 1386 1280
f 1172 1387 1386
f 1173 1335 1316
f 1170 1389 1332
f 1170 1390 1389
f 1167 1275 1319
f 1170 1392 1278
f 1170 1393 1392
f 1171 1333 1322
f 1168 1395 1276
f 1168 1396 1395
f 1169 1331 1325
f 1168 1398 1330
f 1168 1399 1398
f 1167 1329 1328
f 1256 1401 1400
f 1256 1402 1401
f 1185 1257 1403
f 1254 1404 1326
f 1254 1405 1404
f 1255 1327 1406
f 1186 1407 1258
f 1186 1408 1407
f 1254 1326 1409
f 1253 1410 1397
f 1253 1411 1410
f 1187 1259 1412
f 1251 1413 1323
f 1251 1414 1413
f 1252 1324 1415
f 1204 1416 1348
f 1204 1417 1416
f 1251 1323 1418
f 1250 1419 1394
f 1250 1420 1419
f 1189 1261 1421
f 1248 1422 1320
f 1248 1423 1422
f 1249 1321 1424
f 1206 1425 1350
f 1206 1426 1425
f 1248 1320 1427
f 1247 1428 1391
f 1247 1429 1428
f 1203 1347 1430
f 1245 1431 1317
f 1245 1432 1431
f 1246 1318 1433
f 1188 1434 1260
f 1188 1435 1434
f 1245 1317 1436
f 1244 1437 1388
f 1244 1438 1437
f 1191 1263 1439
f 1242 1440 1314
f 1242 1441 1440
f 1243 1315 1442
f 1208 1443 1352
f 1208 1444 1443
f 1242 1314 1445
f 1241 1446 1385
f 1241 1447 1446
f 1207 1351 1448
f 1239 1449 1311
f 1239 1450 1449
f 1240 1312 1451
f 1190 1452 1262
f 1190 1453 1452
f 1239 1311 1454
f 1238 1455 1382
f 1238 1456 1455
f 1205 1349 1457
f 1236 1458 1308
f 1236 1459 1458
f 1237 1309 1460
f 1201 1461 1273
f 1201 1462 1461
f 1236 1308 1463
f 1235 1464 1379
f 1235 1465 1464
f 1209 1353 1466
f 1233 1467 1305
f 1233 1468 1467
f 1234 1306 1469
f 1219 1470 1363
f 1219 1471 1470
f 1233 1305 1472
f 1232 1473 1376
f 1232 1474 1473
f 1193 1265 1475
f 1230 1476 1302
f 1230 1477 1476
f 1231 1303 1478
f 1196 1479 1268
f 1196 1480 1479
f 1230 1302 1481
f 1229 1482 1373
f 1229 1483 1482
f 1220 1364 1484
f 1227 1485 1299
f 1227 1486 1485
f 1228 1300 1487
f 1214 1488 1358
f 1214 1489 1488
f 1227 1299 1490
f 1226 1491 1370
f 1226 1492 1491
f 1212 1356 1493
f 1224 1494 1296
f 1224 1495 1494
f 1225 1297 1496
f 1198 1497 1270
f 1198 1498 1497
f 1224 1296 1499
f 1223 1500 1367
f 1223 1501 1500
f 1192 1264 1502
f 1221 1503 1293
f 1221 1504 1503
f 1222 1294 1505
f 1216 1506 1360
f 1216 1507 1506
f 1221 1293 1508
f 1198 1509 1342
f 1198 1510 1509
f 1210 1282 1511
f 1216 1512 1288
f 1216 1513 1512
f 1194 1338 1514
f 1196 1515 1340
f 1196 1516 1515
f 1202 1346 1517
f 1214 1518 1286
f 1214 1519 1518
f 1211 1283 1520
f 1201 1521 1345
f 1201 1522 1521
f 1191 1335 1523
f 1219 1524 1291
f 1219 1525 1524
f 1187 1331 1526
f 1208 1527 1280
f 1208 1528 1527
f 1189 1333 1529
f 1190 1530 1334
f 1190 1531 1530
f 1209 1281 1532
f 1206 1533 1278
f 1206 1534 1533
f 1185 1329 1535
f 1188 1536 1332
f 1188 1537 1536
f 1207 1279 1538
f 1186 1539 1330
f 1186 1540 1539
f 1205 1277 1541
f 1204 1542 1276
f 1204 1543 1542
f 1203 1275 1544
f 1544 1327 1255
f 1544 1275 1327
f 1275 1167 1327
f 1542 1544 1255
f 1542 1543 1544
f 1543 1203 1544
f 1276 1399 1168
f 1276 1542 1399
f 1542 1255 1399
f 1541 1324 1252
f 1541 1277 1324
f 1277 1169 1324
f 1539 1541 1252
f 1539 1540 1541
f 1540 1205 1541
f 1330 1396 1168
f 1330 1539 1396
f 1539 1252 1396
f 1538 1321 1249
f 1538 1279 1321
f 1279 1171 1321
f 1536 1538 1249
f 1536 1537 1538
f 1537 1207 1538
f 1332 1393 1170
f 1332 1536 1393
f 1536 1249 1393
f 1535 1318 1246
f 1535 1329 1318
f 1329 1167 1318
f 1533 1535 1246
f 1533 1534 1535
f 1534 1185 1535
f 1278 1390 1170
f 1278 1533 1390
f 1533 1246 1390
f 1532 1315 1243
f 1532 1281 1315
f 1281 1173 1315
f 1530 1532 1243
f 1530 1531 1532
f 1531 1209 1532
f 1334 1387 1172
f 1334 1530 1387
f 1530 1243 1387
f 1529 1312 1240
f 1529 1333 1312
f 1333 1171 1312
f 1527 1529 1240
f 1527 1528 1529
f 1528 1189 1529
f 1280 1384 1172
f 1280 1527 1384
f 1527 1240 1384
f 1526 1309 1237
f 1526 1331 1309
f 1331 1169 1309
f 1524 1526 1237
f 1524 1525 1526
f 1525 1187 1526
f 1291 1381 1183
f 1291 1524 1381
f 1524 1237 1381
f 1523 1306 1234
f 1523 1335 1306
f 1335 1173 1306
f 1521 1523 1234
f 1521 1522 1523
f 1522 1191 1523
f 1345 1378 1183
f 1345 1521 1378
f 1521 1234 1378
f 1520 1303 1231
f 1520 1283 1303
f 1283 1175 1303
f 1518 1520 1231
f 1518 1519 1520
f 1519 1211 1520
f 1286 1375 1178
f 1286 1518 1375
f 1518 1231 1375
f 1517 1300 1228
f 1517 1346 1300
f 1346 1184 1300
f 1515 1517 1228
f 1515 1516 1517
f 1516 1202 1517
f 1340 1372 1178
f 1340 1515 1372
f 1515 1228 1372
f 1514 1297 1225
f 1514 1338 1297
f 1338 1176 1297
f 1512 1514 1225
f 1512 1513 1514
f 1513 1194 1514
f 1288 1369 1180
f 1288 1512 1369
f 1512 1225 1369
f 1511 1294 1222
f 1511 1282 1294
f 1282 1174 1294
f 1509 1511 1222
f 1509 1510 1511
f 1510 1210 1511
f 1342 1366 1180
f 1342 1509 1366
f 1509 1222 1366
f 1508 1289 1217
f 1508 1293 1289
f 1293 1181 1289
f 1506 1508 1217
f 1506 1507 1508
f 1507 1221 1508
f 1360 1361 1161
f 1360 1506 1361
f 1506 1217 1361
f 1505 1295 1223
f 1505 1294 1295
f 1294 1174 1295
f 1503 1505 1223
f 1503 1504 1505
f 1504 1222 1505
f 1293 1367 1181
f 1293 1503 1367
f 1503 1223 1367
f 1502 1271 1199
f 1502 1264 1271
f 1264 1166 1271
f 1500 1502 1199
f 1500 1501 1502
f 1501 1192 1502
f 1367 1343 1181
f 1367 1500 1343
f 1500 1199 1343
f 1499 1341 1197
f 1499 1296 1341
f 1296 1179 1341
f 1497 1499 1197
f 1497 1498 1499
f 1498 1224 1499
f 1270 1269 1164
f 1270 1497 1269
f 1497 1197 1269
f 1496 1298 1226
f 1496 1297 1298
f 1297 1176 1298
f 1494 1496 1226
f 1494 1495 1496
f 1495 1225 1496
f 1296 1370 1179
f 1296 1494 1370
f 1494 1226 1370
f 1493 1359 1215
f 1493 1356 1359
f 1356 1160 1359
f 1491 1493 1215
f 1491 1492 1493
f 1492 1212 1493
f 1370 1287 1179
f 1370 1491 1287
f 1491 1215 1287
f 1490 1285 1213
f 1490 1299 1285
f 1299 1177 1285
f 1488 1490 1213
f 1488 1489 1490
f 1489 1227 1490
f 1358 1357 1159
f 1358 1488 1357
f 1488 1213 1357
f 1487 1301 1229
f 1487 1300 1301
f 1300 1184 1301
f 1485 1487 1229
f 1485 1486 1487
f 1486 1228 1487
f 1299 1373 1177
f 1299 1485 1373
f 1485 1229 1373
f 1484 1267 1195
f 1484 1364 1267
f 1364 1163 1267
f 1482 1484 1195
f 1482 1483 1484
f 1483 1220 1484
f 1373 1339 1177
f 1373 1482 1339
f 1482 1195 1339
f 1481 1344 1200
f 1481 1302 1344
f 1302 1182 1344
f 1479 1481 1200
f 1479 1480 1481
f 1480 1230 1481
f 1268 1272 1165
f 1268 1479 1272
f 1479 1200 1272
f 1478 1304 1232
f 1478 1303 1304
f 1303 1175 1304
f 1476 1478 1232
f 1476 1477 1478
f 1477 1231 1478
f 1302 1376 1182
f 1302 1476 1376
f 1476 1232 1376
f 1475 1362 1218
f 1475 1265 1362
f 1265 1162 1362
f 1473 1475 1218
f 1473 1474 1475
f 1474 1193 1475
f 1376 1290 1182
f 1376 1473 1290
f 1473 1218 1290
f 1472 1290 1218
f 1472 1305 1290
f 1305 1182 1290
f 1470 1472 1218
f 1470 1471 1472
f 1471 1233 1472
f 1363 1362 1162
f 1363 1470 1362
f 1470 1218 1362
f 1469 1307 1235
f 1469 1306 1307
f 1306 1173 1307
f 1467 1469 1235
f 1467 1468 1469
f 1468 1234 1469
f 1305 1379 1182
f 1305 1467 1379
f 1467 1235 1379
f 1466 1272 1200
f 1466 1353 1272
f 1353 1165 1272
f 1464 1466 1200
f 1464 1465 1466
f 1465 1209 1466
f 1379 1344 1182
f 1379 1464 1344
f 1464 1200 1344
f 1463 1343 1199
f 1463 1308 1343
f 1308 1181 1343
f 1461 1463 1199
f 1461 1462 1463
f 1462 1236 1463
f 1273 1271 1166
f 1273 1461 1271
f 1461 1199 1271
f 1460 1310 1238
f 1460 1309 1310
f 1309 1169 1310
f 1458 1460 1238
f 1458 1459 1460
f 1459 1237 1460
f 1308 1382 1181
f 1308 1458 1382
f 1458 1238 1382
f 1457 1361 1217
f 1457 1349 1361
f 1349 1161 1361
f 1455 1457 1217
f 1455 1456 1457
f 1456 1205 1457
f 1382 1289 1181
f 1382 1455 1289
f 1455 1217 1289
f 1454 1346 1202
f 1454 1311 1346
f 1311 1184 1346
f 1452 1454 1202
f 1452 1453 1454
f 1453 1239 1454
f 1262 1274 1165
f 1262 1452 1274
f 1452 1202 1274
f 1451 1313 1241
f 1451 1312 1313
f 1312 1171 1313
f 1449 1451 1241
f 1449 1450 1451
f 1450 1240 1451
f 1311 1385 1184
f 1311 1449 1385
f 1449 1241 1385
f 1448 1364 1220
f 1448 1351 1364
f 1351 1163 1364
f 1446 1448 1220
f 1446 1447 1448
f 1447 1207 1448
f 1385 1292 1184
f 1385 1446 1292
f 1446 1220 1292
f 1445 1282 1210
f 1445 1314 1282
f 1314 1174 1282
f 1443 1445 1210
f 1443 1444 1445
f 1444 1242 1445
f 1352 1354 1164
f 1352 1443 1354
f 1443 1210 1354
f 1442 1316 1244
f 1442 1315 1316
f 1315 1173 1316
f 1440 1442 1244
f 1440 1441 1442
f 1441 1243 1442
f 1314 1388 1174
f 1314 1440 1388
f 1440 1244 1388
f 1439 1264 1192
f 1439 1263 1264
f 1263 1166 1264
f 1437 1439 1192
f 1437 1438 1439
f 1438 1191 1439
f 1388 1336 1174
f 1388 1437 1336
f 1437 1192 1336
f 1436 1339 1195
f 1436 1317 1339
f 1317 1177 1339
f 1434 1436 1195
f 1434 1435 1436
f 1435 1245 1436
f 1260 1267 1163
f 1260 1434 1267
f 1434 1195 1267
f 1433 1319 1247
f 1433 1318 1319
f 1318 1167 1319
f 1431 1433 1247
f 1431 1432 1433
f 1432 1246 1433
f 1317 1391 1177
f 1317 1431 1391
f 1431 1247 1391
f 1430 1357 1213
f 1430 1347 1357
f 1347 1159 1357
f 1428 1430 1213
f 1428 1429 1430
f 1429 1203 1430
f 1391 1285 1177
f 1391 1428 1285
f 1428 1213 1285
f 1427 1287 1215
f 1427 1320 1287
f 1320 1179 1287
f 1425 1427 1215
f 1425 1426 1427
f 1426 1248 1427
f 1350 1359 1160
f 1350 1425 1359
f 1425 1215 1359
f 1424 1322 1250
f 1424 1321 1322
f 1321 1171 1322
f 1422 1424 1250
f 1422 1423 1424
f 1423 1249 1424
f 1320 1394 1179
f 1320 1422 1394
f 1422 1250 1394
f 1421 1269 1197
f 1421 1261 1269
f 1261 1164 1269
f 1419 1421 1197
f 1419 1420 1421
f 1420 1189 1421
f 1394 1341 1179
f 1394 1419 1341
f 1419 1197 1341
f 1418 1283 1211
f 1418 1323 1283
f 1323 1175 1283
f 1416 1418 1211
f 1416 1417 1418
f 1417 1251 1418
f 1348 1355 1159
f 1348 1416 1355
f 1416 1211 1355
f 1415 1325 1253
f 1415 1324 1325
f 1324 1169 1325
f 1413 1415 1253
f 1413 1414 1415
f 1414 1252 1415
f 1323 1397 1175
f 1323 1413 1397
f 1413 1253 1397
f 1412 1265 1193
f 1412 1259 1265
f 1259 1162 1265
f 1410 1412 1193
f 1410 1411 1412
f 1411 1187 1412
f 1397 1337 1175
f 1397 1410 1337
f 1410 1193 1337
f 1409 1338 1194
f 1409 1326 1338
f 1326 1176 1338
f 1407 1409 1194
f 1407 1408 1409
f 1408 1254 1409
f 1258 1266 1161
f 1258 1407 1266
f 1407 1194 1266
f 1406 1328 1256
f 1406 1327 1328
f 1327 1167 1328
f 1404 1406 1256
f 1404 1405 1406
f 1405 1255 1406
f 1326 1400 1176
f 1326 1404 1400
f 1404 1256 1400
f 1403 1356 1212
f 1403 1257 1356
f 1257 1160 1356
f 1401 1403 1212
f 1401 1402 1403
f 1402 1185 1403
f 1400 1284 1176
f 1400 1401 1284
f 1401 1212 1284
f 1328 1402 1256
f 1328 1329 1402
f 1329 1185 1402
f 1398 1405 1254
f 1398 1399 1405
f 1399 1255 1405
f 1330 1408 1186
f 1330 1398 1408
f 1398 1254 1408
f 1325 1411 1253
f 1325 1331 1411
f 1331 1187 1411
f 1395 1414 1251
f 1395 1396 1414
f 1396 1252 1414
f 1276 1417 1204
f 1276 1395 1417
f 1395 1251 1417
f 1322 1420 1250
f 1322 1333 1420
f 1333 1189 1420
f 1392 1423 1248
f 1392 1393 1423
f 1393 1249 1423
f 1278 1426 1206
f 1278 1392 1426
f 1392 1248 1426
f 1319 1429 1247
f 1319 1275 1429
f 1275 1203 1429
f 1389 1432 1245
f 1389 1390 1432
f 1390 1246 1432
f 1332 1435 1188
f 1332 1389 1435
f 1389 1245 1435
f 1316 1438 1244
f 1316 1335 1438
f 1335 1191 1438
f 1386 1441 1242
f 1386 1387 1441
f 1387 1243 1441
f 1280 1444 1208
f 1280 1386 1444
f 1386 1242 1444
f 1313 1447 1241
f 1313 1279 1447
f 1279 1207 1447
f 1383 1450 1239
f 1383 1384 1450
f 1384 1240 1450
f 1334 1453 1190
f 1334 1383 1453
f 1383 1239 1453
f 1310 1456 1238
f 1310 1277 1456
f 1277 1205 1456
f 1380 1459 1236
f 1380 1381 1459
f 1381 1237 1459
f 1345 1462 1201
f 1345 1380 1462
f 1380 1236 1462
f 1307 1465 1235
f 1307 1281 1465
f 1281 1209 1465
f 1377 1468 1233
f 1377 1378 1468
f 1378 1234 1468
f 1291 1471 1219
f 1291 1377 1471
f 1377 1233 1471
f 1304 1474 1232
f 1304 1337 1474
f 1337 1193 1474
f 1374 1477 1230
f 1374 1375 1477
f 1375 1231 1477
f 1340 1480 1196
f 1340 1374 1480
f 1374 1230 1480
f 1301 1483 1229
f 1301 1292 1483
f 1292 1220 1483
f 1371 1486 1227
f 1371 1372 1486
f 1372 1228 1486
f 1286 1489 1214
f 1286 1371 1489
f 1371 1227 1489
f 1298 1492 1226
f 1298 1284 1492
f 1284 1212 1492
f 1368 1495 1224
f 1368 1369 1495
f 1369 1225 1495
f 1342 1498 1198
f 1342 1368 1498
f 1368 1224 1498
f 1295 1501 1223
f 1295 1336 1501
f 1336 1192 1501
f 1365 1504 1221
f 1365 1366 1504
f 1366 1222 1504
f 1288 1507 1216
f 1288 1365 1507
f 1365 1221 1507
f 1270 1510 1198
f 1270 1354 1510
f 1354 1210 1510
f 1360 1513 1216
f 1360 1266 1513
f 1266 1194 1513
f 1268 1516 1196
f 1268 1274 1516
f 1274 1202 1516
f 1358 1519 1214
f 1358 1355 1519
f 1355 1211 1519
f 1273 1522 1201
f 1273 1263 1522
f 1263 1191 1522
f 1363 1525 1219
f 1363 1259 1525
f 1259 1187 1525
f 1352 1528 1208
f 1352 1261 1528
f 1261 1189 1528
f 1262 1531 1190
f 1262 1353 1531
f 1353 1209 1531
f 1350 1534 1206
f 1350 1257 1534
f 1257 1185 1534
f 1260 1537 1188
f 1260 1351 1537
f 1351 1207 1537
f 1258 1540 1186
f 1258 1349 1540
f 1349 1205 1540
f 1348 1543 1204
f 1348 1347 1543
f 1347 1203 1543
o wing_up.003
v -0.153000 -0.045000 -0.047000
v -0.153000 -0.045000 -0.050000
v -0.153000 0.045000 -0.050000
v -0.153000 0.045000 -0.047000
v -0.353000 -0.035000 -0.047000
v -0.353000 -0.035000 -0.050000
v -0.353000 0.035000 -0.047000
v -0.353000 0.035000 -0.050000
v -0.153000 -0.045000 -0.048500
v -0.153000 0.000000 -0.048500
v -0.153000 0.045000 -0.048500
v -0.253000 -0.040000 -0.048500
v -0.353000 -0.035000 -0.048500
v -0.353000 0.000000 -0.048500
v -0.353000 0.035000 -0.048500
v -0.353000 0.000000 -0.050000
v -0.153000 0.000000 -0.047000
v -0.153000 0.000000 -0.050000
v -0.253000 -0.040000 -0.047000
v -0.253000 -0.005000 -0.047000
v -0.253000 -0.040000 -0.050000
v -0.253000 0.005000 -0.050000
v -0.253000 0.040000 -0.050000
v -0.253000 0.040000 -0.047000
v -0.253000 0.040000 -0.048500
v -0.353000 0.000000 -0.047000
v -0.153000 -0.045000 -0.049250
v -0.153000 0.022500 -0.049250
v -0.153000 0.045000 -0.047750
v -0.303000 -0.037500 -0.047750
v -0.353000 -0.035000 -0.049250
v -0.353000 0.017500 -0.047750
v -0.353000 0.035000 -0.049250
v -0.353000 0.017500 -0.050000
v -0.153000 0.022500 -0.047000
v -0.153000 0.022500 -0.050000
v -0.303000 -0.037500 -0.047000
v -0.303000 0.015000 -0.047000
v -0.303000 -0.037500 -0.050000
v -0.303000 -0.015000 -0.050000
v -0.303000 0.037500 -0.050000
v -0.303000 0.037500 -0.047000
v -0.303000 0.037500 -0.049250
v -0.353000 0.017500 -0.047000
v -0.153000 -0.045000 -0.047750
v -0.153000 -0.022500 -0.047750
v -0.153000 0.045000 -0.049250
v -0.203000 -0.042500 -0.049250
v -0.353000 -0.035000 -0.047750
v -0.353000 -0.017500 -0.049250
v -0.353000 0.035000 -0.047750
v -0.353000 -0.017500 -0.050000
v -0.153000 -0.022500 -0.047000
v -0.153000 -0.022500 -0.050000
v -0.203000 -0.042500 -0.047000
v -0.203000 -0.025000 -0.047000
v -0.203000 -0.042500 -0.050000
v -0.203000 0.025000 -0.050000
v -0.203000 0.042500 -0.050000
v -0.203000 0.042500 -0.047000
v -0.203000 0.042500 -0.047750
v -0.353000 -0.017500 -0.047000
v -0.253000 0.022500 -0.050000
v -0.303000 0.002500 -0.050000
v -0.303000 0.020000 -0.050000
v -0.253000 -0.017500 -0.050000
v -0.203000 0.002500 -0.050000
v -0.203000 -0.020000 -0.050000
v -0.253000 -0.022500 -0.047000
v -0.303000 -0.002500 -0.047000
v -0.303000 -0.020000 -0.047000
v -0.253000 0.017500 -0.047000
v -0.203000 -0.002500 -0.047000
v -0.203000 0.020000 -0.047000
v -0.253000 0.040000 -0.047750
v -0.303000 0.037500 -0.048500
v -0.303000 0.037500 -0.047750
v -0.253000 0.040000 -0.049250
v -0.203000 0.042500 -0.048500
v -0.203000 0.042500 -0.049250
v -0.353000 0.000000 -0.047750
v -0.353000 -0.017500 -0.048500
v -0.353000 -0.017500 -0.047750
v -0.353000 0.000000 -0.049250
v -0.353000 0.017500 -0.048500
v -0.353000 0.017500 -0.049250
v -0.253000 -0.040000 -0.047750
v -0.203000 -0.042500 -0.048500
v -0.203000 -0.042500 -0.047750
v -0.253000 -0.040000 -0.049250
v -0.303000 -0.037500 -0.048500
v -0.303000 -0.037500 -0.049250
v -0.153000 0.000000 -0.047750
v -0.153000 0.022500 -0.048500
v -0.153000 0.022500 -0.047750
v -0.153000 0.000000 -0.049250
v -0.153000 -0.022500 -0.048500
v -0.153000 -0.022500 -0.049250
v -0.153000 -0.045000 -0.049625
v -0.153000 0.033750 -0.049625
v -0.153000 0.045000 -0.047375
v -0.328000 -0.036250 -0.047375
v -0.353000 -0.035000 -0.049625
v -0.353000 0.026250 -0.047375
v -0.353000 0.035000 -0.049625
v -0.353000 0.026250 -0.050000
v -0.153000 0.033750 -0.047000
v -0.153000 0.033750 -0.050000
v -0.328000 -0.036250 -0.047000
v -0.328000 0.025000 -0.047000
v -0.328000 -0.036250 -0.050000
v -0.328000 -0.025000 -0.050000
v -0.328000 0.036250 -0.050000
v -0.328000 0.036250 -0.047000
v -0.328000 0.036250 -0.049625
v -0.353000 0.026250 -0.047000
v -0.153000 -0.045000 -0.048125
v -0.153000 -0.011250 -0.048125
v -0.153000 0.045000 -0.048875
v -0.228000 -0.041250 -0.048875
v -0.353000 -0.035000 -0.048125
v -0.353000 -0.008750 -0.048875
v -0.353000 0.035000 -0.048125
v -0.353000 -0.008750 -0.050000
v -0.153000 -0.011250 -0.047000
v -0.153000 -0.011250 -0.050000
v -0.228000 -0.041250 -0.047000
v -0.228000 -0.015000 -0.047000
v -0.228000 -0.041250 -0.050000
v -0.228000 0.015000 -0.050000
v -0.228000 0.041250 -0.050000
v -0.228000 0.041250 -0.047000
v -0.228000 0.041250 -0.048125
v -0.353000 -0.008750 -0.047000
v -0.253000 0.031250 -0.050000
v -0.328000 0.001250 -0.050000
v -0.328000 0.010000 -0.050000
v -0.253000 -0.028750 -0.050000
v -0.178000 0.001250 -0.050000
v -0.178000 -0.010000 -0.050000
v -0.253000 -0.031250 -0.047000
v -0.328000 -0.001250 -0.047000
v -0.328000 -0.010000 -0.047000
v -0.253000 0.028750 -0.047000
v -0.178000 -0.001250 -0.047000
v -0.178000 0.010000 -0.047000
v -0.253000 0.040000 -0.047375
v -0.328000 0.036250 -0.048500
v -0.328000 0.036250 -0.048125
v -0.253000 0.040000 -0.049625
v -0.178000 0.043750 -0.048500
v -0.178000 0.043750 -0.048875
v -0.353000 0.000000 -0.047375
v -0.353000 -0.026250 -0.048500
v -0.353000 -0.026250 -0.048125
v -0.353000 0.000000 -0.049625
v -0.353000 0.026250 -0.048500
v -0.353000 0.026250 -0.048875
v -0.253000 -0.040000 -0.047375
v -0.178000 -0.043750 -0.048500
v -0.178000 -0.043750 -0.048125
v -0.253000 -0.040000 -0.049625
v -0.328000 -0.036250 -0.048500
v -0.328000 -0.036250 -0.048875
v -0.153000 0.000000 -0.047375
v -0.153000 0.033750 -0.048500
v -0.153000 0.033750 -0.048125
v -0.153000 0.000000 -0.049625
v -0.153000 -0.033750 -0.048500
v -0.153000 -0.033750 -0.048875
v -0.153000 -0.045000 -0.048875
v -0.153000 0.011250 -0.048875
v -0.153000 0.045000 -0.048125
v -0.278000 -0.038750 -0.048125
v -0.353000 -0.035000 -0.048875
v -0.353000 0.008750 -0.048125
v -0.353000 0.035000 -0.048875
v -0.353000 0.008750 -0.050000
v -0.153000 0.011250 -0.047000
v -0.153000 0.011250 -0.050000
v -0.278000 -0.038750 -0.047000
v -0.278000 0.005000 -0.047000
v -0.278000 -0.038750 -0.050000
v -0.278000 -0.005000 -0.050000
v -0.278000 0.038750 -0.050000
v -0.278000 0.038750 -0.047000
v -0.278000 0.038750 -0.048875
v -0.353000 0.008750 -0.047000
v -0.153000 -0.045000 -0.047375
v -0.153000 -0.033750 -0.047375
v -0.153000 0.045000 -0.049625
v -0.178000 -0.043750 -0.049625
v -0.353000 -0.035000 -0.047375
v -0.353000 -0.026250 -0.049625
v -0.353000 0.035000 -0.047375
v -0.353000 -0.026250 -0.050000
v -0.153000 -0.033750 -0.047000
v -0.153000 -0.033750 -0.050000
v -0.178000 -0.043750 -0.047000
v -0.178000 -0.035000 -0.047000
v -0.178000 -0.043750 -0.050000
v -0.178000 0.035000 -0.050000
v -0.178000 0.043750 -0.050000
v -0.178000 0.043750 -0.047000
v -0.178000 0.043750 -0.047375
v -0.353000 -0.026250 -0.047000
v -0.253000 0.013750 -0.050000
v -0.278000 0.003750 -0.050000
v -0.278000 0.030000 -0.050000
v -0.253000 -0.006250 -0.050000
v -0.228000 0.003750 -0.050000
v -0.228000 -0.030000 -0.050000
v -0.253000 -0.013750 -0.047000
v -0.278000 -0.003750 -0.047000
v -0.278000 -0.030000 -0.047000
v -0.253000 0.006250 -0.047000
v -0.228000 -0.003750 -0.047000
v -0.228000 0.030000 -0.047000
v -0.253000 0.040000 -0.048125
v -0.278000 0.038750 -0.048500
v -0.278000 0.038750 -0.047375
v -0.253000 0.040000 -0.048875
v -0.228000 0.041250 -0.048500
v -0.228000 0.041250 -0.049625
v -0.353000 0.000000 -0.048125
v -0.353000 -0.008750 -0.048500
v -0.353000 -0.008750 -0.047375
v -0.353000 0.000000 -0.048875
v -0.353000 0.008750 -0.048500
v -0.353000 0.008750 -0.049625
v -0.253000 -0.040000 -0.048125
v -0.228000 -0.041250 -0.048500
v -0.228000 -0.041250 -0.047375
v -0.253000 -0.040000 -0.048875
v -0.278000 -0.038750 -0.048500
v -0.278000 -0.038750 -0.049625
v -0.153000 0.000000 -0.048125
v -0.153000 0.011250 -0.048500
v -0.153000 0.011250 -0.047375
v -0.153000 0.000000 -0.048875
v -0.153000 -0.011250 -0.048500
v -0.153000 -0.011250 -0.049625
v -0.153000 -0.022500 -0.049625
v -0.153000 -0.033750 -0.049250
v -0.153000 -0.033750 -0.049625
v -0.153000 -0.011250 -0.049250
v -0.153000 -0.011250 -0.048875
v -0.153000 -0.022500 -0.048875
v -0.153000 0.022500 -0.049625
v -0.153000 0.011250 -0.049250
v -0.153000 0.011250 -0.049625
v -0.153000 0.022500 -0.047375
v -0.153000 0.033750 -0.047750
v -0.153000 0.033750 -0.047375
v -0.153000 0.011250 -0.047750
v -0.153000 0.011250 -0.048125
v -0.153000 0.022500 -0.048125
v -0.153000 -0.022500 -0.047375
v -0.153000 -0.011250 -0.047750
v -0.153000 -0.011250 -0.047375
v -0.303000 -0.037500 -0.049625
v -0.328000 -0.036250 -0.049250
v -0.328000 -0.036250 -0.049625
v -0.278000 -0.038750 -0.049250
v -0.278000 -0.038750 -0.048875
v -0.303000 -0.037500 -0.048875
v -0.203000 -0.042500 -0.049625
v -0.228000 -0.041250 -0.049250
v -0.228000 -0.041250 -0.049625
v -0.203000 -0.042500 -0.047375
v -0.178000 -0.043750 -0.047750
v -0.178000 -0.043750 -0.047375
v -0.228000 -0.041250 -0.047750
v -0.228000 -0.041250 -0.048125
v -0.203000 -0.042500 -0.048125
v -0.303000 -0.037500 -0.047375
v -0.278000 -0.038750 -0.047750
v -0.278000 -0.038750 -0.047375
v -0.353000 0.017500 -0.049625
v -0.353000 0.026250 -0.049250
v -0.353000 0.026250 -0.049625
v -0.353000 0.008750 -0.049250
v -0.353000 0.008750 -0.048875
v -0.353000 0.017500 -0.048875
v -0.353000 -0.017500 -0.049625
v -0.353000 -0.008750 -0.049250
v -0.353000 -0.008750 -0.049625
v -0.353000 -0.017500 -0.047375
v -0.353000 -0.026250 -0.047750
v -0.353000 -0.026250 -0.047375
v -0.353000 -0.008750 -0.047750
v -0.353000 -0.008750 -0.048125
v -0.353000 -0.017500 -0.048125
v -0.353000 0.017500 -0.047375
v -0.353000 0.008750 -0.047750
v -0.353000 0.008750 -0.047375
v -0.203000 0.042500 -0.049625
v -0.178000 0.043750 -0.049250
v -0.178000 0.043750 -0.049625
v -0.228000 0.041250 -0.049250
v -0.228000 0.041250 -0.048875
v -0.203000 0.042500 -0.048875
v -0.303000 0.037500 -0.049625
v -0.278000 0.038750 -0.049250
v -0.278000 0.038750 -0.049625
v -0.303000 0.037500 -0.047375
v -0.328000 0.036250 -0.047750
v -0.328000 0.036250 -0.047375
v -0.278000 0.038750 -0.047750
v -0.278000 0.038750 -0.048125
v -0.303000 0.037500 -0.048125
v -0.203000 0.042500 -0.047375
v -0.228000 0.041250 -0.047750
v -0.228000 0.041250 -0.047375
v -0.203000 0.031250 -0.047000
v -0.178000 0.021250 -0.047000
v -0.178000 0.032500 -0.047000
v -0.228000 0.018750 -0.047000
v -0.228000 0.007500 -0.047000
v -0.203000 0.008750 -0.047000
v -0.303000 0.026250 -0.047000
v -0.278000 0.016250 -0.047000
v -0.278000 0.027500 -0.047000
v -0.303000 -0.028750 -0.047000
v -0.328000 -0.018750 -0.047000
v -0.328000 -0.027500 -0.047000
v -0.278000 -0.021250 -0.047000
v -0.278000 -0.012500 -0.047000
v -0.303000 -0.011250 -0.047000
v -0.203000 -0.033750 -0.047000
v -0.228000 -0.023750 -0.047000
v -0.228000 -0.032500 -0.047000
v -0.203000 -0.031250 -0.050000
v -0.178000 -0.021250 -0.050000
v -0.178000 -0.032500 -0.050000
v -0.228000 -0.018750 -0.050000
v -0.228000 -0.007500 -0.050000
v -0.203000 -0.008750 -0.050000
v -0.303000 -0.026250 -0.050000
v -0.278000 -0.016250 -0.050000
v -0.278000 -0.027500 -0.050000
v -0.303000 0.028750 -0.050000
v -0.328000 0.018750 -0.050000
v -0.328000 0.027500 -0.050000
v -0.278000 0.021250 -0.050000
v -0.278000 0.012500 -0.050000
v -0.303000 0.011250 -0.050000
v -0.203000 0.033750 -0.050000
v -0.228000 0.023750 -0.050000
v -0.228000 0.032500 -0.050000
v -0.303000 -0.006250 -0.050000
v -0.328000 -0.016250 -0.050000
v -0.328000 -0.007500 -0.050000
v -0.203000 0.013750 -0.050000
v -0.178000 0.023750 -0.050000
v -0.178000 0.012500 -0.050000
v -0.303000 0.006250 -0.047000
v -0.328000 0.016250 -0.047000
v -0.328000 0.007500 -0.047000
v -0.203000 -0.013750 -0.047000
v -0.178000 -0.023750 -0.047000
v -0.178000 -0.012500 -0.047000
v -0.303000 0.037500 -0.048875
v -0.328000 0.036250 -0.049250
v -0.328000 0.036250 -0.048875
v -0.203000 0.042500 -0.048125
v -0.178000 0.043750 -0.047750
v -0.178000 0.043750 -0.048125
v -0.353000 -0.017500 -0.048875
v -0.353000 -0.026250 -0.049250
v -0.353000 -0.026250 -0.048875
v -0.353000 0.017500 -0.048125
v -0.353000 0.026250 -0.047750
v -0.353000 0.026250 -0.048125
v -0.203000 -0.042500 -0.048875
v -0.178000 -0.043750 -0.049250
v -0.178000 -0.043750 -0.048875
v -0.303000 -0.037500 -0.048125
v -0.328000 -0.036250 -0.047750
v -0.328000 -0.036250 -0.048125
v -0.153000 0.022500 -0.048875
v -0.153000 0.033750 -0.049250
v -0.153000 0.033750 -0.048875
v -0.153000 -0.022500 -0.048125
v -0.153000 -0.033750 -0.047750
v -0.153000 -0.033750 -0.048125
s 0
f 1545 1733 1734
f 1547 1735 1644
f 1549 1737 1646
f 1546 1643 1736
f 1551 1739 1648
f 1550 1647 1738
f 1548 1645 1749
f 1552 1649 1659
f 1545 1741 1744
f 1551 1660 1654
f 1547 1652 1746
f 1550 1740 1656
f 1566 1751 1674
f 1566 1752 1751
f 1560 1722 1681
f 1566 1754 1728
f 1566 1755 1754
f 1562 1670 1684
f 1564 1757 1672
f 1564 1758 1757
f 1570 1678 1687
f 1564 1760 1726
f 1564 1761 1760
f 1561 1723 1690
f 1569 1763 1677
f 1569 1764 1763
f 1559 1667 1693
f 1569 1766 1731
f 1569 1767 1766
f 1555 1663 1696
f 1558 1769 1720
f 1558 1770 1769
f 1557 1665 1699
f 1558 1772 1666
f 1558 1773 1772
f 1559 1721 1702
f 1556 1775 1718
f 1556 1776 1775
f 1553 1661 1705
f 1556 1778 1664
f 1556 1779 1778
f 1557 1719 1708
f 1554 1781 1662
f 1554 1782 1781
f 1555 1717 1711
f 1554 1784 1716
f 1554 1785 1784
f 1553 1715 1714
f 1642 1787 1786
f 1642 1788 1787
f 1571 1643 1789
f 1640 1790 1712
f 1640 1791 1790
f 1641 1713 1792
f 1572 1793 1644
f 1572 1794 1793
f 1640 1712 1795
f 1639 1796 1783
f 1639 1797 1796
f 1573 1645 1798
f 1637 1799 1709
f 1637 1800 1799
f 1638 1710 1801
f 1590 1802 1734
f 1590 1803 1802
f 1637 1709 1804
f 1636 1805 1780
f 1636 1806 1805
f 1575 1647 1807
f 1634 1808 1706
f 1634 1809 1808
f 1635 1707 1810
f 1592 1811 1736
f 1592 1812 1811
f 1634 1706 1813
f 1633 1814 1777
f 1633 1815 1814
f 1589 1733 1816
f 1631 1817 1703
f 1631 1818 1817
f 1632 1704 1819
f 1574 1820 1646
f 1574 1821 1820
f 1631 1703 1822
f 1630 1823 1774
f 1630 1824 1823
f 1577 1649 1825
f 1628 1826 1700
f 1628 1827 1826
f 1629 1701 1828
f 1594 1829 1738
f 1594 1830 1829
f 1628 1700 1831
f 1627 1832 1771
f 1627 1833 1832
f 1593 1737 1834
f 1625 1835 1697
f 1625 1836 1835
f 1626 1698 1837
f 1576 1838 1648
f 1576 1839 1838
f 1625 1697 1840
f 1624 1841 1768
f 1624 1842 1841
f 1591 1735 1843
f 1622 1844 1694
f 1622 1845 1844
f 1623 1695 1846
f 1587 1847 1659
f 1587 1848 1847
f 1622 1694 1849
f 1621 1850 1765
f 1621 1851 1850
f 1595 1739 1852
f 1619 1853 1691
f 1619 1854 1853
f 1620 1692 1855
f 1605 1856 1749
f 1605 1857 1856
f 1619 1691 1858
f 1618 1859 1762
f 1618 1860 1859
f 1579 1651 1861
f 1616 1862 1688
f 1616 1863 1862
f 1617 1689 1864
f 1582 1865 1654
f 1582 1866 1865
f 1616 1688 1867
f 1615 1868 1759
f 1615 1869 1868
f 1606 1750 1870
f 1613 1871 1685
f 1613 1872 1871
f 1614 1686 1873
f 1600 1874 1744
f 1600 1875 1874
f 1613 1685 1876
f 1612 1877 1756
f 1612 1878 1877
f 1598 1742 1879
f 1610 1880 1682
f 1610 1881 1880
f 1611 1683 1882
f 1584 1883 1656
f 1584 1884 1883
f 1610 1682 1885
f 1609 1886 1753
f 1609 1887 1886
f 1578 1650 1888
f 1607 1889 1679
f 1607 1890 1889
f 1608 1680 1891
f 1602 1892 1746
f 1602 1893 1892
f 1607 1679 1894
f 1584 1895 1728
f 1584 1896 1895
f 1596 1668 1897
f 1602 1898 1674
f 1602 1899 1898
f 1580 1724 1900
f 1582 1901 1726
f 1582 1902 1901
f 1588 1732 1903
f 1600 1904 1672
f 1600 1905 1904
f 1597 1669 1906
f 1587 1907 1731
f 1587 1908 1907
f 1577 1721 1909
f 1605 1910 1677
f 1605 1911 1910
f 1573 1717 1912
f 1594 1913 1666
f 1594 1914 1913
f 1575 1719 1915
f 1576 1916 1720
f 1576 1917 1916
f 1595 1667 1918
f 1592 1919 1664
f 1592 1920 1919
f 1571 1715 1921
f 1574 1922 1718
f 1574 1923 1922
f 1593 1665 1924
f 1572 1925 1716
f 1572 1926 1925
f 1591 1663 1927
f 1590 1928 1662
f 1590 1929 1928
f 1589 1661 1930
f 1930 1713 1641
f 1930 1661 1713
f 1661 1553 1713
f 1928 1930 1641
f 1928 1929 1930
f 1929 1589 1930
f 1662 1785 1554
f 1662 1928 1785
f 1928 1641 1785
f 1927 1710 1638
f 1927 1663 1710
f 1663 1555 1710
f 1925 1927 1638
f 1925 1926 1927
f 1926 1591 1927
f 1716 1782 1554
f 1716 1925 1782
f 1925 1638 1782
f 1924 1707 1635
f 1924 1665 1707
f 1665 1557 1707
f 1922 1924 1635
f 1922 1923 1924
f 1923 1593 1924
f 1718 1779 1556
f 1718 1922 1779
f 1922 1635 1779
f 1921 1704 1632
f 1921 1715 1704
f 1715 1553 1704
f 1919 1921 1632
f 1919 1920 1921
f 1920 1571 1921
f 1664 1776 1556
f 1664 1919 1776
f 1919 1632 1776
f 1918 1701 1629
f 1918 1667 1701
f 1667 1559 1701
f 1916 1918 1629
f 1916 1917 1918
f 1917 1595 1918
f 1720 1773 1558
f 1720 1916 1773
f 1916 1629 1773
f 1915 1698 1626
f 1915 1719 1698
f 1719 1557 1698
f 1913 1915 1626
f 1913 1914 1915
f 1914 1575 1915
f 1666 1770 1558
f 1666 1913 1770
f 1913 1626 1770
f 1912 1695 1623
f 1912 1717 1695
f 1717 1555 1695
f 1910 1912 1623
f 1910 1911 1912
f 1911 1573 1912
f 1677 1767 1569
f 1677 1910 1767
f 1910 1623 1767
f 1909 1692 1620
f 1909 1721 1692
f 1721 1559 1692
f 1907 1909 1620
f 1907 1908 1909
f 1908 1577 1909
f 1731 1764 1569
f 1731 1907 1764
f 1907 1620 1764
f 1906 1689 1617
f 1906 1669 1689
f 1669 1561 1689
f 1904 1906 1617
f 1904 1905 1906
f 1905 1597 1906
f 1672 1761 1564
f 1672 1904 1761
f 1904 1617 1761
f 1903 1686 1614
f 1903 1732 1686
f 1732 1570 1686
f 1901 1903 1614
f 1901 1902 1903
f 1902 1588 1903
f 1726 1758 1564
f 1726 1901 1758
f 1901 1614 1758
f 1900 1683 1611
f 1900 1724 1683
f 1724 1562 1683
f 1898 1900 1611
f 1898 1899 1900
f 1899 1580 1900
f 1674 1755 1566
f 1674 1898 1755
f 1898 1611 1755
f 1897 1680 1608
f 1897 1668 1680
f 1668 1560 1680
f 1895 1897 1608
f 1895 1896 1897
f 1896 1596 1897
f 1728 1752 1566
f 1728 1895 1752
f 1895 1608 1752
f 1894 1675 1603
f 1894 1679 1675
f 1679 1567 1675
f 1892 1894 1603
f 1892 1893 1894
f 1893 1607 1894
f 1746 1747 1547
f 1746 1892 1747
f 1892 1603 1747
f 1891 1681 1609
f 1891 1680 1681
f 1680 1560 1681
f 1889 1891 1609
f 1889 1890 1891
f 1890 1608 1891
f 1679 1753 1567
f 1679 1889 1753
f 1889 1609 1753
f 1888 1657 1585
f 1888 1650 1657
f 1650 1552 1657
f 1886 1888 1585
f 1886 1887 1888
f 1887 1578 1888
f 1753 1729 1567
f 1753 1886 1729
f 1886 1585 1729
f 1885 1727 1583
f 1885 1682 1727
f 1682 1565 1727
f 1883 1885 1583
f 1883 1884 1885
f 1884 1610 1885
f 1656 1655 1550
f 1656 1883 1655
f 1883 1583 1655
f 1882 1684 1612
f 1882 1683 1684
f 1683 1562 1684
f 1880 1882 1612
f 1880 1881 1882
f 1881 1611 1882
f 1682 1756 1565
f 1682 1880 1756
f 1880 1612 1756
f 1879 1745 1601
f 1879 1742 1745
f 1742 1546 1745
f 1877 1879 1601
f 1877 1878 1879
f 1878 1598 1879
f 1756 1673 1565
f 1756 1877 1673
f 1877 1601 1673
f 1876 1671 1599
f 1876 1685 1671
f 1685 1563 1671
f 1874 1876 1599
f 1874 1875 1876
f 1875 1613 1876
f 1744 1743 1545
f 1744 1874 1743
f 1874 1599 1743
f 1873 1687 1615
f 1873 1686 1687
f 1686 1570 1687
f 1871 1873 1615
f 1871 1872 1873
f 1872 1614 1873
f 1685 1759 1563
f 1685 1871 1759
f 1871 1615 1759
f 1870 1653 1581
f 1870 1750 1653
f 1750 1549 1653
f 1868 1870 1581
f 1868 1869 1870
f 1869 1606 1870
f 1759 1725 1563
f 1759 1868 1725
f 1868 1581 1725
f 1867 1730 1586
f 1867 1688 1730
f 1688 1568 1730
f 1865 1867 1586
f 1865 1866 1867
f 1866 1616 1867
f 1654 1658 1551
f 1654 1865 1658
f 1865 1586 1658
f 1864 1690 1618
f 1864 1689 1690
f 1689 1561 1690
f 1862 1864 1618
f 1862 1863 1864
f 1863 1617 1864
f 1688 1762 1568
f 1688 1862 1762
f 1862 1618 1762
f 1861 1748 1604
f 1861 1651 1748
f 1651 1548 1748
f 1859 1861 1604
f 1859 1860 1861
f 1860 1579 1861
f 1762 1676 1568
f 1762 1859 1676
f 1859 1604 1676
f 1858 1676 1604
f 1858 1691 1676
f 1691 1568 1676
f 1856 1858 1604
f 1856 1857 1858
f 1857 1619 1858
f 1749 1748 1548
f 1749 1856 1748
f 1856 1604 1748
f 1855 1693 1621
f 1855 1692 1693
f 1692 1559 1693
f 1853 1855 1621
f 1853 1854 1855
f 1854 1620 1855
f 1691 1765 1568
f 1691 1853 1765
f 1853 1621 1765
f 1852 1658 1586
f 1852 1739 1658
f 1739 1551 1658
f 1850 1852 1586
f 1850 1851 1852
f 1851 1595 1852
f 1765 1730 1568
f 1765 1850 1730
f 1850 1586 1730
f 1849 1729 1585
f 1849 1694 1729
f 1694 1567 1729
f 1847 1849 1585
f 1847 1848 1849
f 1848 1622 1849
f 1659 1657 1552
f 1659 1847 1657
f 1847 1585 1657
f 1846 1696 1624
f 1846 1695 1696
f 1695 1555 1696
f 1844 1846 1624
f 1844 1845 1846
f 1845 1623 1846
f 1694 1768 1567
f 1694 1844 1768
f 1844 1624 1768
f 1843 1747 1603
f 1843 1735 1747
f 1735 1547 1747
f 1841 1843 1603
f 1841 1842 1843
f 1842 1591 1843
f 1768 1675 1567
f 1768 1841 1675
f 1841 1603 1675
f 1840 1732 1588
f 1840 1697 1732
f 1697 1570 1732
f 1838 1840 1588
f 1838 1839 1840
f 1839 1625 1840
f 1648 1660 1551
f 1648 1838 1660
f 1838 1588 1660
f 1837 1699 1627
f 1837 1698 1699
f 1698 1557 1699
f 1835 1837 1627
f 1835 1836 1837
f 1836 1626 1837
f 1697 1771 1570
f 1697 1835 1771
f 1835 1627 1771
f 1834 1750 1606
f 1834 1737 1750
f 1737 1549 1750
f 1832 1834 1606
f 1832 1833 1834
f 1833 1593 1834
f 1771 1678 1570
f 1771 1832 1678
f 1832 1606 1678
f 1831 1668 1596
f 1831 1700 1668
f 1700 1560 1668
f 1829 1831 1596
f 1829 1830 1831
f 1830 1628 1831
f 1738 1740 1550
f 1738 1829 1740
f 1829 1596 1740
f 1828 1702 1630
f 1828 1701 1702
f 1701 1559 1702
f 1826 1828 1630
f 1826 1827 1828
f 1827 1629 1828
f 1700 1774 1560
f 1700 1826 1774
f 1826 1630 1774
f 1825 1650 1578
f 1825 1649 1650
f 1649 1552 1650
f 1823 1825 1578
f 1823 1824 1825
f 1824 1577 1825
f 1774 1722 1560
f 1774 1823 1722
f 1823 1578 1722
f 1822 1725 1581
f 1822 1703 1725
f 1703 1563 1725
f 1820 1822 1581
f 1820 1821 1822
f 1821 1631 1822
f 1646 1653 1549
f 1646 1820 1653
f 1820 1581 1653
f 1819 1705 1633
f 1819 1704 1705
f 1704 1553 1705
f 1817 1819 1633
f 1817 1818 1819
f 1818 1632 1819
f 1703 1777 1563
f 1703 1817 1777
f 1817 1633 1777
f 1816 1743 1599
f 1816 1733 1743
f 1733 1545 1743
f 1814 1816 1599
f 1814 1815 1816
f 1815 1589 1816
f 1777 1671 1563
f 1777 1814 1671
f 1814 1599 1671
f 1813 1673 1601
f 1813 1706 1673
f 1706 1565 1673
f 1811 1813 1601
f 1811 1812 1813
f 1812 1634 1813
f 1736 1745 1546
f 1736 1811 1745
f 1811 1601 1745
f 1810 1708 1636
f 1810 1707 1708
f 1707 1557 1708
f 1808 1810 1636
f 1808 1809 1810
f 1809 1635 1810
f 1706 1780 1565
f 1706 1808 1780
f 1808 1636 1780
f 1807 1655 1583
f 1807 1647 1655
f 1647 1550 1655
f 1805 1807 1583
f 1805 1806 1807
f 1806 1575 1807
f 1780 1727 1565
f 1780 1805 1727
f 1805 1583 1727
f 1804 1669 1597
f 1804 1709 1669
f 1709 1561 1669
f 1802 1804 1597
f 1802 1803 1804
f 1803 1637 1804
f 1734 1741 1545
f 1734 1802 1741
f 1802 1597 1741
f 1801 1711 1639
f 1801 1710 1711
f 1710 1555 1711
f 1799 1801 1639
f 1799 1800 1801
f 1800 1638 1801
f 1709 1783 1561
f 1709 1799 1783
f 1799 1639 1783
f 1798 1651 1579
f 1798 1645 1651
f 1645 1548 1651
f 1796 1798 1579
f 1796 1797 1798
f 1797 1573 1798
f 1783 1723 1561
f 1783 1796 1723
f 1796 1579 1723
f 1795 1724 1580
f 1795 1712 1724
f 1712 1562 1724
f 1793 1795 1580
f 1793 1794 1795
f 1794 1640 1795
f 1644 1652 1547
f 1644 1793 1652
f 1793 1580 1652
f 1792 1714 1642
f 1792 1713 1714
f 1713 1553 1714
f 1790 1792 1642
f 1790 1791 1792
f 1791 1641 1792
f 1712 1786 1562
f 1712 1790 1786
f 1790 1642 1786
f 1789 1742 1598
f 1789 1643 1742
f 1643 1546 1742
f 1787 1789 1598
f 1787 1788 1789
f 1788 1571 1789
f 1786 1670 1562
f 1786 1787 1670
f 1787 1598 1670
f 1714 1788 1642
f 1714 1715 1788
f 1715 1571 1788
f 1784 1791 1640
f 1784 1785 1791
f 1785 1641 1791
f 1716 1794 1572
f 1716 1784 1794
f 1784 1640 1794
f 1711 1797 1639
f 1711 1717 1797
f 1717 1573 1797
f 1781 1800 1637
f 1781 1782 1800
f 1782 1638 1800
f 1662 1803 1590
f 1662 1781 1803
f 1781 1637 1803
f 1708 1806 1636
f 1708 1719 1806
f 1719 1575 1806
f 1778 1809 1634
f 1778 1779 1809
f 1779 1635 1809
f 1664 1812 1592
f 1664 1778 1812
f 1778 1634 1812
f 1705 1815 1633
f 1705 1661 1815
f 1661 1589 1815
f 1775 1818 1631
f 1775 1776 1818
f 1776 1632 1818
f 1718 1821 1574
f 1718 1775 1821
f 1775 1631 1821
f 1702 1824 1630
f 1702 1721 1824
f 1721 1577 1824
f 1772 1827 1628
f 1772 1773 1827
f 1773 1629 1827
f 1666 1830 1594
f 1666 1772 1830
f 1772 1628 1830
f 1699 1833 1627
f 1699 1665 1833
f 1665 1593 1833
f 1769 1836 1625
f 1769 1770 1836
f 1770 1626 1836
f 1720 1839 1576
f 1720 1769 1839
f 1769 1625 1839
f 1696 1842 1624
f 1696 1663 1842
f 1663 1591 1842
f 1766 1845 1622
f 1766 1767 1845
f 1767 1623 1845
f 1731 1848 1587
f 1731 1766 1848
f 1766 1622 1848
f 1693 1851 1621
f 1693 1667 1851
f 1667 1595 1851
f 1763 1854 1619
f 1763 1764 1854
f 1764 1620 1854
f 1677 1857 1605
f 1677 1763 1857
f 1763 1619 1857
f 1690 1860 1618
f 1690 1723 1860
f 1723 1579 1860
f 1760 1863 1616
f 1760 1761 1863
f 1761 1617 1863
f 1726 1866 1582
f 1726 1760 1866
f 1760 1616 1866
f 1687 1869 1615
f 1687 1678 1869
f 1678 1606 1869
f 1757 1872 1613
f 1757 1758 1872
f 1758 1614 1872
f 1672 1875 1600
f 1672 1757 1875
f 1757 1613 1875
f 1684 1878 1612
f 1684 1670 1878
f 1670 1598 1878
f 1754 1881 1610
f 1754 1755 1881
f 1755 1611 1881
f 1728 1884 1584
f 1728 1754 1884
f 1754 1610 1884
f 1681 1887 1609
f 1681 1722 1887
f 1722 1578 1887
f 1751 1890 1607
f 1751 1752 1890
f 1752 1608 1890
f 1674 1893 1602
f 1674 1751 1893
f 1751 1607 1893
f 1656 1896 1584
f 1656 1740 1896
f 1740 1596 1896
f 1746 1899 1602
f 1746 1652 1899
f 1652 1580 1899
f 1654 1902 1582
f 1654 1660 1902
f 1660 1588 1902
f 1744 1905 1600
f 1744 1741 1905
f 1741 1597 1905
f 1659 1908 1587
f 1659 1649 1908
f 1649 1577 1908
f 1749 1911 1605
f 1749 1645 1911
f 1645 1573 1911
f 1738 1914 1594
f 1738 1647 1914
f 1647 1575 1914
f 1648 1917 1576
f 1648 1739 1917
f 1739 1595 1917
f 1736 1920 1592
f 1736 1643 1920
f 1643 1571 1920
f 1646 1923 1574
f 1646 1737 1923
f 1737 1593 1923
f 1644 1926 1572
f 1644 1735 1926
f 1735 1591 1926
f 1734 1929 1590
f 1734 1733 1929
f 1733 1589 1929
